claim_id,record_id,field,exact_claim,claim_category,source_id,locator,evidence_status,documentary_status,measurement_status,design_status,uncertainty,reviewer,proposed_action
W1-C0001,isfahan-tiles,description (= descriptionFa),شاهکار هفت‌رنگ صفوی، کبالت و لاجورد اصیل، فیروزه‌ای استاندارد جهانی و محراب‌های لاجوردی مسجد شاه و شیخ لطف‌الله در میدان نقش جهان اصفهان.,cultural-history,none-opened,-,unverified,not-checked-source-blocked,not-applicable,not-applicable,"superlatives ""اصیل"" and ""استاندارد جهانی"" have no cited basis; lapis lazuli in Safavid tile glazes not documented in record; schema: English-named field ""description"" holds the identical Persian text and is rendered as English copy in the EN UI",W1-sequential-AI-review,"rewrite as attributed/hedged text or add a specific citation; supply a real English ""description"""
W1-C0002,isfahan-tiles,culturalContext (= culturalContextFa),میدان نقش جهان، مسجد شاه (جامع عباسی) و مسجد شیخ لطف‌الله اصفهان,cultural-history,S003,ref_no 115,partially-supported,checked-against-S003,not-applicable,not-applicable,"S003 confirms WHC 115 ""Meidan Emam, Esfahan"" (1979); individual mosques are not itemised in S003; schema: English-named field ""culturalContext"" holds the identical Persian text and is rendered as English copy in the EN UI",W1-sequential-AI-review,"rewrite as attributed/hedged text or add a specific citation; supply a real English ""culturalContext"""
W1-C0003,isfahan-tiles,unescoRef (= unescoRefFa),ثبت میراث جهانی یونسکو (UNESCO World Heritage Site),heritage-designation,S003,ref_no 115,supported,checked-against-S003,not-applicable,not-applicable,"S003: ref_no 115 ""Meidan Emam, Esfahan"" inscribed 1979; the palette field gives no ID; schema: English-named field ""unescoRef"" holds the identical Persian text and is rendered as English copy in the EN UI",W1-sequential-AI-review,"keep; add WHC id and URL; supply a real English ""unescoRef"""
W1-C0004,achaemenid-majesty,description (= descriptionFa),خاک سرخ پارس، طلای کهن هخامنشی، ستون‌های سنگی مرمر شوش و پارسه و درفش‌های شهباز با قدمت ۲۵۰۰ سال تمدن شاهنشاهی.,cultural-history,none-opened,-,unverified,not-checked-source-blocked,not-applicable,not-applicable,"""marble columns of Susa and Parsa"" and ""2500 years"" are unsourced; Persepolis columns are commonly described as limestone (not checked); schema: English-named field ""description"" holds the identical Persian text and is rendered as English copy in the EN UI",W1-sequential-AI-review,"rewrite as attributed/hedged text or add a specific citation; supply a real English ""description"""
W1-C0005,achaemenid-majesty,culturalContext (= culturalContextFa),کاخ تچر، هدیش، دروازه ملل و پلکان آپادانا در پارسه (مرودشت شیراز),cultural-history,S003,ref_no 114,partially-supported,checked-against-S003,not-applicable,not-applicable,"S003 confirms WHC 114 Persepolis (1979); building list not itemised in S003; schema: English-named field ""culturalContext"" holds the identical Persian text and is rendered as English copy in the EN UI",W1-sequential-AI-review,"rewrite as attributed/hedged text or add a specific citation; supply a real English ""culturalContext"""
W1-C0006,achaemenid-majesty,unescoRef (= unescoRefFa),تخت جمشید (ثبت میراث جهانی یونسکو ۱۹۷۹),heritage-designation,S003,ref_no 114,supported,checked-against-S003,not-applicable,not-applicable,"S003: ref_no 114 ""Persepolis"" date_inscribed 1979; schema: English-named field ""unescoRef"" holds the identical Persian text and is rendered as English copy in the EN UI",W1-sequential-AI-review,"keep; add WHC id and URL; supply a real English ""unescoRef"""
W1-C0007,behzad-miniature,description (= descriptionFa),مکتب هرات و تبریز، شنگرف اصیل معدنی، سبز مالاکیت، شاه‌توت عنابی و طلای حل‌کاری بر بستر کاغذ سمرقندی با هارمونی جاودان نگارگری تیموری و صفوی.,cultural-history,none-opened,-,unverified,not-checked-source-blocked,not-applicable,not-applicable,"mixes Herat (Timurid) and Tabriz (Safavid) schools and Samarkand paper; no source; schema: English-named field ""description"" holds the identical Persian text and is rendered as English copy in the EN UI",W1-sequential-AI-review,"rewrite as attributed/hedged text or add a specific citation; supply a real English ""description"""
W1-C0008,behzad-miniature,culturalContext (= culturalContextFa),شاهنامه بایسنقری، خمسه نظامی و ظفرنامه تیموری مکتب هرات,cultural-history,none-opened,-,unverified,not-checked-source-blocked,not-applicable,not-applicable,"named manuscripts (Baysonghori Shahnameh, Khamsa, Zafarnama) not linked to any collection record; Behzad attribution per manuscript not checked; schema: English-named field ""culturalContext"" holds the identical Persian text and is rendered as English copy in the EN UI",W1-sequential-AI-review,"rewrite as attributed/hedged text or add a specific citation; supply a real English ""culturalContext"""
W1-C0009,behzad-miniature,unescoRef (= unescoRefFa),هنر نگارگری و مینیاتور ایرانی (ثبت میراث جهانی ناملموس یونسکو),heritage-designation,none-opened,-,unverified,not-checked-source-blocked,not-applicable,not-applicable,"ICH listing not checked: ich.unesco.org blocked; label frames a listing as ""Iranian"" without naming it; schema: English-named field ""unescoRef"" holds the identical Persian text and is rendered as English copy in the EN UI",W1-sequential-AI-review,"rewrite as attributed/hedged text or add a specific citation; supply a real English ""unescoRef"""
W1-C0010,nomadic-rugs,description (= descriptionFa),تار و پود پشم دست‌ریس و رنگرزی سنتی ۱۰۰٪ طبیعی با روناس، لاکی دانه، پوست گردو و نیل در دامنه‌های زاگرس.,cultural-history,none-opened,-,unverified,not-checked-source-blocked,not-applicable,not-applicable,"""۱۰۰٪ طبیعی"" (100% natural) is an absolute claim with no dye analysis; schema: English-named field ""description"" holds the identical Persian text and is rendered as English copy in the EN UI",W1-sequential-AI-review,"rewrite as attributed/hedged text or add a specific citation; supply a real English ""description"""
W1-C0011,nomadic-rugs,culturalContext (= culturalContextFa),گلیم، گبه و قالی‌های دستباف ایل قشقایی و بختیاری فارس و چهارمحال,cultural-history,none-opened,-,unverified,not-checked-source-blocked,not-applicable,not-applicable,"groups Qashqai (Fars) and Bakhtiari (Chaharmahal/Khuzestan) without distinction; schema: English-named field ""culturalContext"" holds the identical Persian text and is rendered as English copy in the EN UI",W1-sequential-AI-review,"rewrite as attributed/hedged text or add a specific citation; supply a real English ""culturalContext"""
W1-C0012,nomadic-rugs,unescoRef (= unescoRefFa),مهارت‌های سنتی فرش‌بافی فارس (ثبت میراث ناملموس یونسکو),heritage-designation,none-opened,-,unverified,not-checked-source-blocked,not-applicable,not-applicable,"ICH page blocked; the cited Fars carpet-weaving listing (as worded) would not cover Bakhtiari weaving; schema: English-named field ""unescoRef"" holds the identical Persian text and is rendered as English copy in the EN UI",W1-sequential-AI-review,"rewrite as attributed/hedged text or add a specific citation; supply a real English ""unescoRef"""
W1-C0013,minakari-craft,description (= descriptionFa),لعاب فیروزه و لاجورد بر مس کوره و درخشش زرین فلزکاری و قلم‌زنی مکتب اصفهان با پیشینه پنج‌هزار ساله.,cultural-history,none-opened,-,unverified,not-checked-source-blocked,not-applicable,not-applicable,"""پیشینه پنج‌هزار ساله"" (5,000-year history) unsourced; schema: English-named field ""description"" holds the identical Persian text and is rendered as English copy in the EN UI",W1-sequential-AI-review,"rewrite as attributed/hedged text or add a specific citation; supply a real English ""description"""
W1-C0014,minakari-craft,culturalContext (= culturalContextFa),میدان نقش جهان، بازار مسگرها و کارگاه‌های میناکاری اصفهان,cultural-history,none-opened,-,unverified,not-checked-source-blocked,not-applicable,not-applicable,"no source; schema: English-named field ""culturalContext"" holds the identical Persian text and is rendered as English copy in the EN UI",W1-sequential-AI-review,"rewrite as attributed/hedged text or add a specific citation; supply a real English ""culturalContext"""
W1-C0015,minakari-craft,unescoRef (= unescoRefFa),شهر جهانی صنایع دستی (Isfahan World Crafts City),heritage-designation,none-opened,-,unverified,not-checked-source-blocked,not-applicable,not-applicable,"text cites World Crafts City (a World Crafts Council designation); page blocked; schema: English-named field ""unescoRef"" holds the identical Persian text and is rendered as English copy in the EN UI",W1-sequential-AI-review,"rewrite as attributed/hedged text or add a specific citation; supply a real English ""unescoRef"""
W1-C0016,toranj-illumination,description (= descriptionFa),تذهیب، تشعیر و طلااندازی اوراق نفیس خطی، شمسه‌های ترنجی و نقوش اسلیمی زرنگار مکتب قزوین، هرات و اصفهان.,cultural-history,none-opened,-,unverified,not-checked-source-blocked,not-applicable,not-applicable,"no source; schema: English-named field ""description"" holds the identical Persian text and is rendered as English copy in the EN UI",W1-sequential-AI-review,"rewrite as attributed/hedged text or add a specific citation; supply a real English ""description"""
W1-C0017,toranj-illumination,culturalContext (= culturalContextFa),نسخه‌های خطی کهن کاخ گلستان، موزه رضا عباسی و کتابخانه آستان قدس,cultural-history,none-opened,-,unverified,not-checked-source-blocked,not-applicable,not-applicable,"collections named (Golestan Palace, Reza Abbasi Museum, Astan Quds library) but no object cited; schema: English-named field ""culturalContext"" holds the identical Persian text and is rendered as English copy in the EN UI",W1-sequential-AI-review,"rewrite as attributed/hedged text or add a specific citation; supply a real English ""culturalContext"""
W1-C0018,toranj-illumination,unescoRef (= unescoRefFa),هنر تذهیب و کتاب‌آرایی سنتی ایران (ثبت میراث فرهنگی یونسکو),heritage-designation,none-opened,-,unverified,not-checked-source-blocked,not-applicable,not-applicable,"ICH page blocked; no listing name or year given; schema: English-named field ""unescoRef"" holds the identical Persian text and is rendered as English copy in the EN UI",W1-sequential-AI-review,"rewrite as attributed/hedged text or add a specific citation; supply a real English ""unescoRef"""
W1-C0019,persian-gulf-pearls,description (= descriptionFa),امواج نیلگون خلیج پارس، خاک سرخ معدنی جزیره هرمز، درخشش مروارید غلطان قشم و صخره‌های مرجانی سواحل مکران.,cultural-history,none-opened,-,unverified,not-checked-source-blocked,not-applicable,not-applicable,"Makran coast lies on the Gulf of Oman, not the Persian Gulf (geographic flattening; not source-checked); schema: English-named field ""description"" holds the identical Persian text and is rendered as English copy in the EN UI",W1-sequential-AI-review,"rewrite as attributed/hedged text or add a specific citation; supply a real English ""description"""
W1-C0020,persian-gulf-pearls,culturalContext (= culturalContextFa),تنگه هرمز، جزایر قشم، هرمز، کیش و دریانوردی بادبانی لنج‌های کهن,cultural-history,none-opened,-,unverified,not-checked-source-blocked,not-applicable,not-applicable,"no source; schema: English-named field ""culturalContext"" holds the identical Persian text and is rendered as English copy in the EN UI",W1-sequential-AI-review,"rewrite as attributed/hedged text or add a specific citation; supply a real English ""culturalContext"""
W1-C0021,persian-gulf-pearls,unescoRef (= unescoRefFa),دانش ساخت و دریانوردی با لنج سنتی خلیج فارس (میراث یونسکو ۲۰۱۱),heritage-designation,none-opened,-,unverified,not-checked-source-blocked,not-applicable,not-applicable,"ICH page blocked (Lenj listing, 2011 claimed); schema: English-named field ""unescoRef"" holds the identical Persian text and is rendered as English copy in the EN UI",W1-sequential-AI-review,"rewrite as attributed/hedged text or add a specific citation; supply a real English ""unescoRef"""
W1-C0022,gardens-of-shiraz,description (= descriptionFa),پردیس‌های ایرانی باغ ارم و دلگشا، عطر گل سرخ محمدی، طراوت بهارنارنج و سایه‌سار سروهای ناز حافظیه در اردیبهشت شیراز.,cultural-history,none-opened,-,unverified,not-checked-source-blocked,not-applicable,not-applicable,"no source; schema: English-named field ""description"" holds the identical Persian text and is rendered as English copy in the EN UI",W1-sequential-AI-review,"rewrite as attributed/hedged text or add a specific citation; supply a real English ""description"""
W1-C0023,gardens-of-shiraz,culturalContext (= culturalContextFa),باغ ارم، نارنجستان قوام، باغ جهان‌نما و مقبره حافظ در شیراز,cultural-history,none-opened,-,unverified,not-checked-source-blocked,not-applicable,not-applicable,"only Eram is plausibly a component of ""The Persian Garden""; Qavam, Jahan-nama and Hafezieh are not WHC components per auditor knowledge (not checked); schema: English-named field ""culturalContext"" holds the identical Persian text and is rendered as English copy in the EN UI",W1-sequential-AI-review,"rewrite as attributed/hedged text or add a specific citation; supply a real English ""culturalContext"""
W1-C0024,gardens-of-shiraz,unescoRef (= unescoRefFa),باغ ایرانی (ثبت میراث جهانی یونسکو ۲۰۱۱),heritage-designation,S003,ref_no 1372,supported,checked-against-S003,not-applicable,not-applicable,"S003: ref_no 1372 ""The Persian Garden"" date_inscribed 2011; component list not in S003; schema: English-named field ""unescoRef"" holds the identical Persian text and is rendered as English copy in the EN UI",W1-sequential-AI-review,"keep; add WHC id and URL; supply a real English ""unescoRef"""
W1-C0025,khorasan-gems,description (= descriptionFa),کهن‌ترین معدن فیروزه جهان در نیشابور، یاقوت‌های اناری، کهربای توس و زمردهای درخشان در گنجینه‌های جواهرات ملی مشرق ایران.,cultural-history,none-opened,-,unverified,not-checked-source-blocked,not-applicable,not-applicable,"""کهن‌ترین معدن فیروزه جهان"" (oldest turquoise mine in the world) unsourced; rubies/emeralds/amber not Khorasan products per record; schema: English-named field ""description"" holds the identical Persian text and is rendered as English copy in the EN UI",W1-sequential-AI-review,"rewrite as attributed/hedged text or add a specific citation; supply a real English ""description"""
W1-C0026,khorasan-gems,culturalContext (= culturalContextFa),معادن فیروزه نیشابور، کوهسنگی مشهد و طلاکاری‌های آستان قدس رضوی,cultural-history,none-opened,-,unverified,not-checked-source-blocked,not-applicable,not-applicable,"no source; schema: English-named field ""culturalContext"" holds the identical Persian text and is rendered as English copy in the EN UI",W1-sequential-AI-review,"rewrite as attributed/hedged text or add a specific citation; supply a real English ""culturalContext"""
W1-C0027,khorasan-gems,unescoRef (= unescoRefFa),نیشابور شهر جهانی فیروزه (World Crafts Council),heritage-designation,none-opened,-,unverified,not-checked-source-blocked,not-applicable,not-applicable,"text cites World Crafts Council, not UNESCO; page blocked; schema: English-named field ""unescoRef"" holds the identical Persian text and is rendered as English copy in the EN UI",W1-sequential-AI-review,"rewrite as attributed/hedged text or add a specific citation; supply a real English ""unescoRef"""
W1-C0028,hyrcanian-forests,description (= descriptionFa),کهن‌ترین جنگل‌های پهن‌برگ جهان با قدمت دوره ژوراسیک، صخره‌های مه‌آلود البرز، راشستان‌های سرسبز و برف‌های قله دماوند.,cultural-history,S007,heritage-data.ts hyrcanian-forests.descriptionFa vs c1.meaningFa,contradicted,internal-conflict,not-applicable,not-applicable,"internal conflict: description dates forests to the Jurassic while hyrcanian-forests-c1 says ""ice age"" and ""50 million years"" (Jurassic ended ~145 Mya); at least one is wrong; schema: English-named field ""description"" holds the identical Persian text and is rendered as English copy in the EN UI",W1-sequential-AI-review,"rewrite as attributed/hedged text or add a specific citation; supply a real English ""description"""
W1-C0029,hyrcanian-forests,culturalContext (= culturalContextFa),جنگل‌های تالش، دره چالوس، پارک ملی گلستان و کوهپایه‌های دماوند,cultural-history,none-opened,-,unverified,not-checked-source-blocked,not-applicable,not-applicable,"no source; schema: English-named field ""culturalContext"" holds the identical Persian text and is rendered as English copy in the EN UI",W1-sequential-AI-review,"rewrite as attributed/hedged text or add a specific citation; supply a real English ""culturalContext"""
W1-C0030,hyrcanian-forests,unescoRef (= unescoRefFa),جنگل‌های هیرکانی (ثبت میراث جهانی طبیعی یونسکو ۲۰۱۹),heritage-designation,none-opened,-,unverified,not-checked-source-blocked,not-applicable,not-applicable,"inscription post-dates S003 (2014); whc.unesco.org blocked; schema: English-named field ""unescoRef"" holds the identical Persian text and is rendered as English copy in the EN UI",W1-sequential-AI-review,"rewrite as attributed/hedged text or add a specific citation; supply a real English ""unescoRef"""
W1-C0031,yazd-saffron-desert,description (= descriptionFa),بادگیرهای افراشته خشتی، زعفران سرگل قائنات، ساباط‌های سایه‌انداز و تپه‌های ماسه طلایی دشت لوت در کهن‌ترین شهر خشتی جهان.,cultural-history,none-opened,-,unverified,not-checked-source-blocked,not-applicable,not-applicable,"""کهن‌ترین شهر خشتی جهان"" unsourced; Qaenat saffron and Lut dunes are outside Yazd (regional flattening); schema: English-named field ""description"" holds the identical Persian text and is rendered as English copy in the EN UI",W1-sequential-AI-review,"rewrite as attributed/hedged text or add a specific citation; supply a real English ""description"""
W1-C0032,yazd-saffron-desert,culturalContext (= culturalContextFa),شهر تاریخی یزد، بافت تاریخی، قنات زارچ، باغ دولت‌آباد و رمل‌های کویر لوت,cultural-history,none-opened,-,unverified,not-checked-source-blocked,not-applicable,not-applicable,"includes Lut desert sands which are not in Yazd; schema: English-named field ""culturalContext"" holds the identical Persian text and is rendered as English copy in the EN UI",W1-sequential-AI-review,"rewrite as attributed/hedged text or add a specific citation; supply a real English ""culturalContext"""
W1-C0033,yazd-saffron-desert,unescoRef (= unescoRefFa),شهر تاریخی یزد (ثبت میراث جهانی یونسکو ۲۰۱۷),heritage-designation,none-opened,-,unverified,not-checked-source-blocked,not-applicable,not-applicable,"inscription post-dates S003 (2014); whc.unesco.org blocked; schema: English-named field ""unescoRef"" holds the identical Persian text and is rendered as English copy in the EN UI",W1-sequential-AI-review,"rewrite as attributed/hedged text or add a specific citation; supply a real English ""unescoRef"""
W1-C0034,bazaar-spices,description (= descriptionFa),تپه‌های زردچوبه ممتاز، عطر دارچین باستانی، پاپریکای تند و پسته خندان در کاروانسراهای سرپوشیده جاده ابریشم در بازار بزرگ تبریز و اصفهان.,cultural-history,none-opened,-,unverified,not-checked-source-blocked,not-applicable,not-applicable,"internal inconsistency: description names Tabriz and Isfahan bazaars, culturalContext names Tabriz and Tehran; schema: English-named field ""description"" holds the identical Persian text and is rendered as English copy in the EN UI",W1-sequential-AI-review,"rewrite as attributed/hedged text or add a specific citation; supply a real English ""description"""
W1-C0035,bazaar-spices,culturalContext (= culturalContextFa),تیمچه مظفریه و راسته عطاران در بازار تاریخی تبریز و بازار بزرگ تهران,cultural-history,none-opened,-,unverified,not-checked-source-blocked,not-applicable,not-applicable,"see description; no source; schema: English-named field ""culturalContext"" holds the identical Persian text and is rendered as English copy in the EN UI",W1-sequential-AI-review,"rewrite as attributed/hedged text or add a specific citation; supply a real English ""culturalContext"""
W1-C0036,bazaar-spices,unescoRef (= unescoRefFa),مجموعه بازار تاریخی تبریز (ثبت میراث جهانی یونسکو ۲۰۱۰),heritage-designation,S003,ref_no 1346,supported,checked-against-S003,not-applicable,not-applicable,"S003: ref_no 1346 ""Tabriz Historic Bazaar Complex"" date_inscribed 2010; schema: English-named field ""unescoRef"" holds the identical Persian text and is rendered as English copy in the EN UI",W1-sequential-AI-review,"keep; add WHC id and URL; supply a real English ""unescoRef"""
W1-C0037,isfahan-tiles-c1,hex,#120A8F,color-value,S002,"S002 ""Ultramarine""",designer-choice,exact-match-in-modern-color-list,none-on-record (measuredSpectra=0),designer-choice,HEX identical to a modern named-color list entry; suggests digital-list origin rather than material measurement,W1-sequential-AI-review,"label as designer choice; if derived from a named-color list, say so"
W1-C0038,isfahan-tiles-c1,nameEn,Ultramarine Lapis,naming,S002,"S002 ""Ultramarine""",illustrative,pair-found-in-modern-list,not-applicable,designer-choice,modern list entry is not evidence of historical use,W1-sequential-AI-review,keep as label; avoid implying historical name
W1-C0039,isfahan-tiles-c1,nameFa,لاجوردی (Ultramarine),naming,none,-,illustrative,evocative-label,not-applicable,designer-choice,label only,W1-sequential-AI-review,none
W1-C0040,isfahan-tiles-c1,meaningFa,اصلاح شده برای بازتاب دقیق کبالت و لاجورد کاشی‌های مسجد شاه,cultural-history,S007,README.fa.md:21; tokens/data-quality.json,contradicted,internal-conflict,no-measurement-on-record,not-applicable,"claims HEX was ""corrected for accurate reflection"" of the tiles; README.fa.md:21 says HEX is a design choice and data-quality.json reports 0 measured spectra",W1-sequential-AI-review,remove or correct
W1-C0041,isfahan-tiles-c1,mineralogical.mineralName,Lazurite Silicate & Cobalt(II) Oxide Glaze,material,none-opened,heritage-data.ts isfahan-tiles-c1.evidence.mineralogical,unverified,not-checked,no-analysis-on-record,not-applicable,material attribution uncited,W1-sequential-AI-review,cite analysis or mark as inspiration
W1-C0042,isfahan-tiles-c1,mineralogical.chemicalFormula,Na₆Ca₂[S|AlSiO₄]₆ + CoO,chemistry,S004,RRUFF_Export.csv row by mineral name,partially-supported,checked-against-S004,no-analysis-on-record,not-applicable,"S004 lazurite Na3Ca(Si3Al3)O12S (x2 = Na6Ca2Al6Si6O24S2); record notation ""Na6Ca2[S|AlSiO4]6"" has one S and adds CoO as a mixture",W1-sequential-AI-review,correct or remove
W1-C0043,isfahan-tiles-c1,mineralogical.casNumber,1302-85-8,chemistry-identifier,S005,CAS 1302-85-8,unverified,not-found-in-S005,not-applicable,not-applicable,check digit valid; not present in S005; PubChem/CAS Common Chemistry blocked,W1-sequential-AI-review,remove or replace with the CAS RN of the named substance
W1-C0044,isfahan-tiles-c1,mineralogical.historicalManuscriptRef,عرائس الجواهر و نفائس الأطایب - ابوالقاسم کاشانی (قرن هشتم هجری),documentary-reference,none-opened,no page/folio/edition given,unverified,not-checked-source-blocked,not-applicable,not-applicable,work and author are well known (c. 700 AH) and plausibly discuss lapis and tile making; passage not read; applied to 17th-c. Safavid tiles (chronological gap),W1-sequential-AI-review,"give edition, folio/page and quoted passage, or mark as ""further reading"""
W1-C0045,isfahan-tiles-c1,mineralogical.traditionalExtraction,تکلیس کانی لاجورد با صمغ عربی و کداخت کبالت در کوره کاشی هفت‌رنگ,craft-process,none-opened,-,unverified,not-checked,not-applicable,not-applicable,process description uncited,W1-sequential-AI-review,cite or remove
W1-C0046,isfahan-tiles-c1,mineralogical.crystalSystem,مکعبی ایزومتریک (Isometric),mineralogy,none-opened,-,unverified,not-checked,not-applicable,not-applicable,not checked (mindat/RRUFF pages blocked; S004 copy has no crystal-system column),W1-sequential-AI-review,verify
W1-C0047,isfahan-tiles-c1,geoSpatial.originSite,"Shah Mosque & Sheikh Lotfollah, Isfahan | مسجد شاه و شیخ لطف‌الله، میدان نقش جهان اصفهان",geography,none-opened,-,unverified,not-checked,not-applicable,not-applicable,site-to-colour link not documented,W1-sequential-AI-review,name a specific site or remove
W1-C0048,isfahan-tiles-c1,geoSpatial.coordinates,"32.6514,51.6776,1574",geography,S003,"ref_no 115 (32.65745, 51.67777778)",partially-supported,checked-against-S003,not-applicable,not-applicable,"0.67 km from WHC 115 (Meidan Emam, Esfahan) reference point; building-level position not verified",W1-sequential-AI-review,keep; cite reference point and precision
W1-C0049,isfahan-tiles-c1,geoSpatial.unescoHeritageRef,UNESCO World Heritage Ref: 115 (Meidan Emam),heritage-designation,S003,ref_no 115,supported,checked-against-S003,not-applicable,not-applicable,"S003: ref_no 115 = ""Meidan Emam, Esfahan"" (1979)",W1-sequential-AI-review,keep; link whc.unesco.org/en/list/115
W1-C0050,isfahan-tiles-c1,spectral.peakWavelengthNm,455 nm (dominant 452 nm),spectral,S007,palettes.ts provenance.spectralStatus,illustrative,not-applicable,not-measured (measuredSpectra=0),not-applicable,model value,W1-sequential-AI-review,keep labelled illustrative
W1-C0051,isfahan-tiles-c1,historicalContextFa,کاشی‌کاری‌های معرق گنبد و محراب مسجد شاه اصفهان در دوره شاه عباس اول,cultural-history,none-opened,-,unverified,not-checked,not-applicable,not-applicable,uncited,W1-sequential-AI-review,cite or remove
W1-C0052,isfahan-tiles-c1,artMovement,مکتب اصفهان / معماری صفوی و کاشی هفت‌رنگ,art-history,none-opened,-,unverified,not-checked,not-applicable,not-applicable,uncited attribution,W1-sequential-AI-review,cite
W1-C0053,isfahan-tiles-c1,chemical.molarMass (raw; dropped by normaliser),985.4 g/mol,chemistry-arithmetic,S005;S006,molar-mass-check.out.tsv,unverified,arithmetic-check,not-applicable,not-applicable,a mixture has no single molar mass; lazurite alone recomputes to 996.61 (arithmetic consistency only; not evidence the material is present),W1-sequential-AI-review,drop from source data (already excluded from normalised output)
W1-C0054,isfahan-tiles-c2,hex,#30D5C8,color-value,S002,"S002 ""Turquoise""",designer-choice,exact-match-in-modern-color-list,none-on-record (measuredSpectra=0),designer-choice,HEX identical to a modern named-color list entry; suggests digital-list origin rather than material measurement,W1-sequential-AI-review,"label as designer choice; if derived from a named-color list, say so"
W1-C0055,isfahan-tiles-c2,nameEn,Persian Turquoise,naming,S002,"S002 ""Turquoise""",illustrative,pair-found-in-modern-list,not-applicable,designer-choice,modern list entry is not evidence of historical use,W1-sequential-AI-review,keep as label; avoid implying historical name
W1-C0056,isfahan-tiles-c2,nameFa,فیروزه‌ای اصیل (Persian Turquoise),naming,none,-,unverified,authenticity-adjective-unsupported,not-applicable,designer-choice,"name asserts authenticity/purity (""اصیل""/""ناب"")",W1-sequential-AI-review,drop authenticity adjective
W1-C0057,isfahan-tiles-c2,meaningFa,استاندارد جهانی فیروزه‌ای ایرانی و نگین نیشابور,cultural-history,S002,HEX lookup,unverified,checked-against-S002,not-applicable,not-applicable,"""world standard"" claim; HEX #30D5C8 equals the ""Turquoise"" entry in S002 (a modern list, not a standard) and is not in S001",W1-sequential-AI-review,hedge or cite
W1-C0058,isfahan-tiles-c2,mineralogical.mineralName,Hydrated Copper Aluminum Phosphate,material,none-opened,heritage-data.ts isfahan-tiles-c2.evidence.mineralogical,unverified,not-checked,no-analysis-on-record,not-applicable,material attribution uncited,W1-sequential-AI-review,cite analysis or mark as inspiration
W1-C0059,isfahan-tiles-c2,mineralogical.chemicalFormula,CuAl₆(PO₄)₄(OH)₈·4H₂O,chemistry,S004,RRUFF_Export.csv row by mineral name,supported,checked-against-S004,no-analysis-on-record,not-applicable,S004 turquoise CuAl6(PO4)4(OH)8·4H2O exact match (mineral); relevance to a copper-alkaline tile glaze not established,W1-sequential-AI-review,"keep formula but label as reference formula of the named material, not an analysis of this colour"
W1-C0060,isfahan-tiles-c2,mineralogical.casNumber,1319-32-0,chemistry-identifier,S005,CAS 1319-32-0,unverified,not-found-in-S005,not-applicable,not-applicable,check digit valid; not present in S005; PubChem/CAS Common Chemistry blocked,W1-sequential-AI-review,remove or replace with the CAS RN of the named substance
W1-C0061,isfahan-tiles-c2,mineralogical.historicalManuscriptRef,التفهیم لأوائل صناعة التنجیم - ابوریحان بیرونی,documentary-reference,none-opened,no page/folio/edition given,unverified,not-checked-source-blocked,not-applicable,not-applicable,"al-Tafhim is an astronomy/astrology primer; al-Biruni's gem treatise is al-Jamahir (auditor background knowledge, not opened): suspected mis-attribution",W1-sequential-AI-review,"give edition, folio/page and quoted passage, or mark as ""further reading"""
W1-C0062,isfahan-tiles-c2,mineralogical.traditionalExtraction,استخراج رگه‌ای دستی از کوه بینالود و پرداخت با خاکه ساینده,craft-process,none-opened,-,unverified,not-checked,not-applicable,not-applicable,process description uncited,W1-sequential-AI-review,cite or remove
W1-C0063,isfahan-tiles-c2,mineralogical.crystalSystem,تری‌کلینیک (Triclinic),mineralogy,none-opened,-,unverified,not-checked,not-applicable,not-applicable,not checked (mindat/RRUFF pages blocked; S004 copy has no crystal-system column),W1-sequential-AI-review,verify
W1-C0064,isfahan-tiles-c2,geoSpatial.originSite,Neyshabur Turquoise Mines | معدن فیروزه نیشابور، خراسان رضوی,geography,none-opened,-,unverified,not-checked,not-applicable,not-applicable,site-to-colour link not documented,W1-sequential-AI-review,name a specific site or remove
W1-C0065,isfahan-tiles-c2,geoSpatial.coordinates,"36.4633,58.8025,1650",geography,none-opened,-,unverified,not-checked,not-applicable,not-applicable,"no reference coordinate opened; conflicting legacy geo 36.2133,58.7958 is 27.81 km away",W1-sequential-AI-review,remove or replace with sourced coordinates
W1-C0066,isfahan-tiles-c2,geoSpatial.unescoHeritageRef,ثبت میراث ملموس صنعتی-معدنی یونسکو,heritage-designation,none-opened,-,unverified,not-checked,not-applicable,not-applicable,"""UNESCO tangible industrial-mining heritage"": no Neyshabur property in S003 (2014); legacy geo record calls it a World Crafts Council designation instead",W1-sequential-AI-review,remove generic UNESCO wording
W1-C0067,isfahan-tiles-c2,geo (legacy alternative) latitude/longitude + unescoSiteId,"معدن فیروزه نیشابور، خراسان رضوی | 36.2133,58.7958,1650 | WCC Craft City",geography,none-opened,-,unverified,not-checked,not-applicable,not-applicable,"alternative record ""WCC Craft City"" not an identifiable WHC property in S003; retained as unresolved conflict by palettes.ts",W1-sequential-AI-review,resolve conflict with a cited source
W1-C0068,isfahan-tiles-c2,spectral.peakWavelengthNm,498 nm (dominant 496 nm),spectral,S007,palettes.ts provenance.spectralStatus,illustrative,not-applicable,not-measured (measuredSpectra=0),not-applicable,model value,W1-sequential-AI-review,keep labelled illustrative
W1-C0069,isfahan-tiles-c2,historicalContextFa,نگین‌های کاشی‌کاری کتیبه‌های ثلث علیرضا عباسی در مسجد شیخ لطف‌الله,cultural-history,none-opened,-,unverified,not-checked,not-applicable,not-applicable,uncited,W1-sequential-AI-review,cite or remove
W1-C0070,isfahan-tiles-c2,artMovement,معماری صفوی و کتیبه‌نگاری ثلث,art-history,none-opened,-,unverified,not-checked,not-applicable,not-applicable,uncited attribution,W1-sequential-AI-review,cite
W1-C0071,isfahan-tiles-c2,chemical.molarMass (raw; dropped by normaliser),813.5 g/mol,chemistry-arithmetic,S005;S006,molar-mass-check.out.tsv,supported,arithmetic-check,not-applicable,not-applicable,recomputed 813.44 for stated formula (arithmetic consistency only; not evidence the material is present),W1-sequential-AI-review,drop from source data (already excluded from normalised output)
W1-C0072,isfahan-tiles-c3,hex,#00A693,color-value,S002,"S002 ""Persian Green""",designer-choice,exact-match-in-modern-color-list,none-on-record (measuredSpectra=0),designer-choice,HEX identical to a modern named-color list entry; suggests digital-list origin rather than material measurement,W1-sequential-AI-review,"label as designer choice; if derived from a named-color list, say so"
W1-C0073,isfahan-tiles-c3,nameEn,Persian Green,naming,S002,"S002 ""Persian Green""",partially-supported,pair-found-in-modern-list,not-applicable,designer-choice,modern list entry is not evidence of historical use,W1-sequential-AI-review,keep as label; avoid implying historical name
W1-C0074,isfahan-tiles-c3,nameFa,آبی زنگاری شاهی (Persian Green),naming,none,-,illustrative,evocative-label,not-applicable,designer-choice,label only,W1-sequential-AI-review,none
W1-C0075,isfahan-tiles-c3,meaningFa,معروف به Persian Green در کاتالوگ‌های جهانی,cultural-history,S002,HEX lookup,partially-supported,checked-against-S002,not-applicable,not-applicable,"S002 lists ""Persian Green"" #00A693: the name/HEX pair exists in a modern color-name list; ""world catalogues"" unspecified",W1-sequential-AI-review,hedge or cite
W1-C0076,isfahan-tiles-c3,mineralogical.mineralName,Basic Copper(II) Acetate,material,none-opened,heritage-data.ts isfahan-tiles-c3.evidence.mineralogical,unverified,not-checked,no-analysis-on-record,not-applicable,material attribution uncited,W1-sequential-AI-review,cite analysis or mark as inspiration
W1-C0077,isfahan-tiles-c3,mineralogical.chemicalFormula,Cu(CH₃COO)₂·[Cu(OH)₂]₂,chemistry,none-opened,-,unverified,not-checked,no-analysis-on-record,not-applicable,basic copper acetate formula not in opened sources; see CAS row (142-71-2 is neutral acetate),W1-sequential-AI-review,correct or remove
W1-C0078,isfahan-tiles-c3,mineralogical.casNumber,142-71-2,chemistry-identifier,S005,CAS 142-71-2,contradicted,checked-against-S005,not-applicable,not-applicable,"S005: 142-71-2 = cupric acetate C4H6CuO4 (neutral Cu(II) acetate, PubChem CID 8895), not the basic acetate formula stated",W1-sequential-AI-review,remove or replace with the CAS RN of the named substance
W1-C0079,isfahan-tiles-c3,mineralogical.historicalManuscriptRef,بیان الصناعات - حبیش تفلیسی (قرن ششم),documentary-reference,none-opened,no page/folio/edition given,unverified,not-checked-source-blocked,not-applicable,not-applicable,Hubaysh Tiflisi (6th c. AH) crafts treatise is a real work (background knowledge); verdigris passage not read,W1-sequential-AI-review,"give edition, folio/page and quoted passage, or mark as ""further reading"""
W1-C0080,isfahan-tiles-c3,mineralogical.traditionalExtraction,اکسیداسیون صفحات مس خالص در بخارات سرکه انگور کهنه در مجاورت نمک آمونیاک,craft-process,none-opened,-,unverified,not-checked,not-applicable,not-applicable,"verdigris (an acetate) would decompose in a kiln; kiln-fired glaze greens are usually attributed to copper oxides (auditor background knowledge, not source-checked)",W1-sequential-AI-review,cite or remove
W1-C0081,isfahan-tiles-c3,mineralogical.crystalSystem,مونوکلینیک (Monoclinic),mineralogy,none-opened,-,unverified,not-checked,not-applicable,not-applicable,not checked (mindat/RRUFF pages blocked; S004 copy has no crystal-system column),W1-sequential-AI-review,verify
W1-C0082,isfahan-tiles-c3,geoSpatial.originSite,Isfahan Royal Workshops | کارگاه‌های لعاب‌سازی صفوی، اصفهان,geography,none-opened,-,unverified,not-checked,not-applicable,not-applicable,site-to-colour link not documented,W1-sequential-AI-review,name a specific site or remove
W1-C0083,isfahan-tiles-c3,geoSpatial.coordinates,"32.6575,51.6778,1570",geography,S003,"ref_no 115 (32.65745, 51.67777778)",partially-supported,checked-against-S003,not-applicable,not-applicable,"0.01 km from WHC 115 (Meidan Emam, Esfahan) reference point; building-level position not verified; conflicting legacy geo 32.6575,51.6775 is 0.03 km away",W1-sequential-AI-review,keep; cite reference point and precision
W1-C0084,isfahan-tiles-c3,geoSpatial.unescoHeritageRef,UNESCO World Heritage Ref: 115,heritage-designation,S003,ref_no 115,supported,checked-against-S003,not-applicable,not-applicable,"S003: ref_no 115 = ""Meidan Emam, Esfahan"" (1979)",W1-sequential-AI-review,keep; link whc.unesco.org/en/list/115
W1-C0085,isfahan-tiles-c3,geo (legacy alternative) latitude/longitude + unescoSiteId,"بازار مسگرها، میدان نقش جهان اصفهان | 32.6575,51.6775,1574 | UNESCO Ref: 115",geography,S003,ref_no 115,partially-supported,checked-against-S003,not-applicable,not-applicable,"0.03 km from WHC 115 (Meidan Emam, Esfahan) reference point; retained as unresolved conflict by palettes.ts",W1-sequential-AI-review,resolve conflict with a cited source
W1-C0086,isfahan-tiles-c3,spectral.peakWavelengthNm,515 nm (dominant 510 nm),spectral,S007,palettes.ts provenance.spectralStatus,illustrative,not-applicable,not-measured (measuredSpectra=0),not-applicable,model value,W1-sequential-AI-review,keep labelled illustrative
W1-C0087,isfahan-tiles-c3,historicalContextFa,ترکیب کهن زنگار مس و اسپرک در لعاب‌های پخته کوره مسجد جامع عباسی,cultural-history,none-opened,-,unverified,not-checked,not-applicable,not-applicable,uncited,W1-sequential-AI-review,cite or remove
W1-C0088,isfahan-tiles-c3,artMovement,هنرهای صناعی اصفهان و لعاب‌گری کوره,art-history,none-opened,-,unverified,not-checked,not-applicable,not-applicable,uncited attribution,W1-sequential-AI-review,cite
W1-C0089,isfahan-tiles-c3,chemical.molarMass (raw; dropped by normaliser),370.2 g/mol,chemistry-arithmetic,S005;S006,molar-mass-check.out.tsv,contradicted,arithmetic-check,not-applicable,not-applicable,recomputed 376.76 for stated formula (stated 370.2) (arithmetic consistency only; not evidence the material is present),W1-sequential-AI-review,drop from source data (already excluded from normalised output)
W1-C0090,isfahan-tiles-c4,hex,#D4AF37,color-value,S002,"S002 ""Gold (Metallic)""",designer-choice,exact-match-in-modern-color-list,none-on-record (measuredSpectra=0),designer-choice,HEX identical to a modern named-color list entry; suggests digital-list origin rather than material measurement,W1-sequential-AI-review,"label as designer choice; if derived from a named-color list, say so"
W1-C0091,isfahan-tiles-c4,nameEn,Arabesque Gold,naming,S002,"S002 ""Gold (Metallic)""",illustrative,pair-found-in-modern-list,not-applicable,designer-choice,modern list entry is not evidence of historical use,W1-sequential-AI-review,keep as label; avoid implying historical name
W1-C0092,isfahan-tiles-c4,nameFa,طلایی اسلیمی,naming,none,-,illustrative,evocative-label,not-applicable,designer-choice,label only,W1-sequential-AI-review,none
W1-C0093,isfahan-tiles-c4,meaningFa,تابش زرین خورشید بر طلاکاری‌های محراب معرق,cultural-history,none-opened,-,unverified,not-checked,not-applicable,not-applicable,cultural/material assertion with no citation,W1-sequential-AI-review,hedge or cite
W1-C0094,isfahan-tiles-c4,mineralogical.mineralName,Elemental Gold,material,none-opened,heritage-data.ts isfahan-tiles-c4.evidence.mineralogical,unverified,not-checked,no-analysis-on-record,not-applicable,material attribution uncited,W1-sequential-AI-review,cite analysis or mark as inspiration
W1-C0095,isfahan-tiles-c4,mineralogical.chemicalFormula,Au,chemistry,S004,RRUFF_Export.csv row by mineral name,supported,checked-against-S004,no-analysis-on-record,not-applicable,S004 gold Au,W1-sequential-AI-review,"keep formula but label as reference formula of the named material, not an analysis of this colour"
W1-C0096,isfahan-tiles-c4,mineralogical.casNumber,7440-57-5,chemistry-identifier,S005,CAS 7440-57-5,supported,checked-against-S005,not-applicable,not-applicable,"S005: gold, Au, CID 23985",W1-sequential-AI-review,keep
W1-C0097,isfahan-tiles-c4,mineralogical.historicalManuscriptRef,گلستان هنر - قاضی احمد قمی (۱۰۱۵ هجری),documentary-reference,none-opened,no page/folio/edition given,unverified,not-checked-source-blocked,not-applicable,not-applicable,Qadi Ahmad's treatise on calligraphers and painters exists (background knowledge); gold-leaf technique passage not read,W1-sequential-AI-review,"give edition, folio/page and quoted passage, or mark as ""further reading"""
W1-C0098,isfahan-tiles-c4,mineralogical.traditionalExtraction,کوبش ورق طلای ناب در پوست آهو تا ضخامت زیر ۰.۱ میکرون و تثبیت با سریشم ماهی,craft-process,none-opened,-,unverified,not-checked,not-applicable,not-applicable,process description uncited,W1-sequential-AI-review,cite or remove
W1-C0099,isfahan-tiles-c4,mineralogical.crystalSystem,مکعبی وجه‌مرکز (FCC Metallic),mineralogy,none-opened,-,unverified,not-checked,not-applicable,not-applicable,not checked (mindat/RRUFF pages blocked; S004 copy has no crystal-system column),W1-sequential-AI-review,verify
W1-C0100,isfahan-tiles-c4,geoSpatial.originSite,Naqsh-e Jahan Mihrabs | محراب‌های معرق نقش جهان، اصفهان,geography,none-opened,-,unverified,not-checked,not-applicable,not-applicable,site-to-colour link not documented,W1-sequential-AI-review,name a specific site or remove
W1-C0101,isfahan-tiles-c4,geoSpatial.coordinates,"32.6514,51.6776,1574",geography,S003,"ref_no 115 (32.65745, 51.67777778)",partially-supported,checked-against-S003,not-applicable,not-applicable,"0.67 km from WHC 115 (Meidan Emam, Esfahan) reference point; building-level position not verified; conflicting legacy geo 32.6571,51.6769 is 0.64 km away",W1-sequential-AI-review,keep; cite reference point and precision
W1-C0102,isfahan-tiles-c4,geoSpatial.unescoHeritageRef,UNESCO World Heritage Ref: 115,heritage-designation,S003,ref_no 115,supported,checked-against-S003,not-applicable,not-applicable,"S003: ref_no 115 = ""Meidan Emam, Esfahan"" (1979)",W1-sequential-AI-review,keep; link whc.unesco.org/en/list/115
W1-C0103,isfahan-tiles-c4,geo (legacy alternative) latitude/longitude + unescoSiteId,"کاخ عالی‌قاپو و تالار موسیقی، اصفهان | 32.6571,51.6769,1574 | UNESCO Ref: 115",geography,S003,ref_no 115,partially-supported,checked-against-S003,not-applicable,not-applicable,"0.09 km from WHC 115 (Meidan Emam, Esfahan) reference point; retained as unresolved conflict by palettes.ts",W1-sequential-AI-review,resolve conflict with a cited source
W1-C0104,isfahan-tiles-c4,spectral.peakWavelengthNm,575 nm (dominant 580 nm),spectral,S007,palettes.ts provenance.spectralStatus,illustrative,not-applicable,not-measured (measuredSpectra=0),not-applicable,model value,W1-sequential-AI-review,keep labelled illustrative
W1-C0105,isfahan-tiles-c4,historicalContextFa,طلاکاری‌های محراب معرق و کتیبه‌های زرین علیرضا عباسی در عالی‌قاپو,cultural-history,none-opened,-,unverified,not-checked,not-applicable,not-applicable,uncited,W1-sequential-AI-review,cite or remove
W1-C0106,isfahan-tiles-c4,artMovement,تذهیب و تشعیر صفوی,art-history,none-opened,-,unverified,not-checked,not-applicable,not-applicable,uncited attribution,W1-sequential-AI-review,cite
W1-C0107,isfahan-tiles-c4,chemical.molarMass (raw; dropped by normaliser),196.97 g/mol,chemistry-arithmetic,S005;S006,molar-mass-check.out.tsv,supported,arithmetic-check,not-applicable,not-applicable,recomputed 196.97 (arithmetic consistency only; not evidence the material is present),W1-sequential-AI-review,drop from source data (already excluded from normalised output)
W1-C0108,isfahan-tiles-c5,hex,#F4F1DE,color-value,S001;S002,no exact match in S001 or S002,designer-choice,no-modern-list-match,none-on-record (measuredSpectra=0),designer-choice,origin of value undocumented,W1-sequential-AI-review,"label as designer choice; if derived from a named-color list, say so"
W1-C0109,isfahan-tiles-c5,nameEn,Alabaster Glaze,naming,none,-,illustrative,evocative-label,not-applicable,designer-choice,label only,W1-sequential-AI-review,keep as label; avoid implying historical name
W1-C0110,isfahan-tiles-c5,nameFa,عاجی گچی محراب,naming,none,-,illustrative,evocative-label,not-applicable,designer-choice,label only,W1-sequential-AI-review,none
W1-C0111,isfahan-tiles-c5,meaningFa,سپیدی نقوش گچ‌بری و کتیبه‌های ثلث مسجد شیخ لطف‌الله,cultural-history,none-opened,-,unverified,not-checked,not-applicable,not-applicable,cultural/material assertion with no citation,W1-sequential-AI-review,hedge or cite
W1-C0112,isfahan-tiles-c5,mineralogical.mineralName,Calcium Sulfate Dihydrate,material,none-opened,heritage-data.ts isfahan-tiles-c5.evidence.mineralogical,unverified,not-checked,no-analysis-on-record,not-applicable,material attribution uncited,W1-sequential-AI-review,cite analysis or mark as inspiration
W1-C0113,isfahan-tiles-c5,mineralogical.chemicalFormula,CaSO₄·2H₂O,chemistry,S004,RRUFF_Export.csv row by mineral name,supported,checked-against-S004,no-analysis-on-record,not-applicable,S004 gypsum CaSO4·2H2O,W1-sequential-AI-review,"keep formula but label as reference formula of the named material, not an analysis of this colour"
W1-C0114,isfahan-tiles-c5,mineralogical.casNumber,10101-41-4,chemistry-identifier,S005,CAS 10101-41-4,supported,checked-against-S005,not-applicable,not-applicable,"S005: calcium sulfate dihydrate, CID 24928",W1-sequential-AI-review,keep
W1-C0115,isfahan-tiles-c5,mineralogical.historicalManuscriptRef,معماری سنتی ایران - استاد حسین لرزاده,documentary-reference,none-opened,no page/folio/edition given,unverified,not-checked-source-blocked,not-applicable,not-applicable,"a 20th-century master builder, not a historical manuscript; exact title not verified",W1-sequential-AI-review,"give edition, folio/page and quoted passage, or mark as ""further reading"""
W1-C0116,isfahan-tiles-c5,mineralogical.traditionalExtraction,تکلیس ژیپس در دمای ۱۶۰ درجه سانتی‌گراد و ساییدن با لعاب سیلیسی شفاف,craft-process,none-opened,-,unverified,not-checked,not-applicable,not-applicable,process description uncited,W1-sequential-AI-review,cite or remove
W1-C0117,isfahan-tiles-c5,mineralogical.crystalSystem,مونوکلینیک (Monoclinic),mineralogy,none-opened,-,unverified,not-checked,not-applicable,not-applicable,not checked (mindat/RRUFF pages blocked; S004 copy has no crystal-system column),W1-sequential-AI-review,verify
W1-C0118,isfahan-tiles-c5,geoSpatial.originSite,Sheikh Lotfollah Sanctuary Dome | گنبدخانه مسجد شیخ لطف‌الله، اصفهان,geography,none-opened,-,unverified,not-checked,not-applicable,not-applicable,site-to-colour link not documented,W1-sequential-AI-review,name a specific site or remove
W1-C0119,isfahan-tiles-c5,geoSpatial.coordinates,"32.6575,51.6778,1574",geography,S003,"ref_no 115 (32.65745, 51.67777778)",partially-supported,checked-against-S003,not-applicable,not-applicable,"0.01 km from WHC 115 (Meidan Emam, Esfahan) reference point; building-level position not verified; conflicting legacy geo 32.6686,51.6853 is 1.42 km away",W1-sequential-AI-review,keep; cite reference point and precision
W1-C0120,isfahan-tiles-c5,geoSpatial.unescoHeritageRef,UNESCO World Heritage Ref: 115,heritage-designation,S003,ref_no 115,partially-supported,checked-against-S003,not-applicable,not-applicable,"S003: ref_no 115 = ""Meidan Emam, Esfahan"" (1979); but historicalContextFa refers to the Öljeitü mihrab, which lies in WHC 1397 (Masjed-e Jame), as the legacy geo record says",W1-sequential-AI-review,remove generic UNESCO wording
W1-C0121,isfahan-tiles-c5,geo (legacy alternative) latitude/longitude + unescoSiteId,"محراب اولجایتو، مسجد جامع عتیق اصفهان | 32.6686,51.6853,1578 | UNESCO Ref: 1397 (Masjed-e Jāmé)",geography,S003,ref_no 1397,partially-supported,checked-against-S003,not-applicable,not-applicable,0.12 km from WHC 1397 (Masjed-e Jame of Isfahan) reference point; retained as unresolved conflict by palettes.ts,W1-sequential-AI-review,resolve conflict with a cited source
W1-C0122,isfahan-tiles-c5,spectral.peakWavelengthNm,590 nm (dominant 585 nm),spectral,S007,palettes.ts provenance.spectralStatus,illustrative,not-applicable,not-measured (measuredSpectra=0),not-applicable,model value,W1-sequential-AI-review,keep labelled illustrative
W1-C0123,isfahan-tiles-c5,historicalContextFa,گچ‌بری‌های زمینه ثلث و اسلیمی محراب سلطان محمد اولجایتو,cultural-history,none-opened,-,unverified,not-checked,not-applicable,not-applicable,Ilkhanid Öljeitü mihrab cited inside a Safavid palette whose selected site is Sheikh Lotfollah,W1-sequential-AI-review,cite or remove
W1-C0124,isfahan-tiles-c5,artMovement,گچ‌بری ایلخانی و سلجوقی اصفهان,art-history,none-opened,-,unverified,not-checked,not-applicable,not-applicable,uncited attribution,W1-sequential-AI-review,cite
W1-C0125,isfahan-tiles-c5,chemical.molarMass (raw; dropped by normaliser),172.17 g/mol,chemistry-arithmetic,S005;S006,molar-mass-check.out.tsv,supported,arithmetic-check,not-applicable,not-applicable,recomputed 172.17 (arithmetic consistency only; not evidence the material is present),W1-sequential-AI-review,drop from source data (already excluded from normalised output)
W1-C0126,isfahan-tiles-c6,hex,#0B132B,color-value,S001;S002,no exact match in S001 or S002,designer-choice,no-modern-list-match,none-on-record (measuredSpectra=0),designer-choice,origin of value undocumented,W1-sequential-AI-review,"label as designer choice; if derived from a named-color list, say so"
W1-C0127,isfahan-tiles-c6,nameEn,Midnight Muqarnas,naming,none,-,illustrative,evocative-label,not-applicable,designer-choice,label only,W1-sequential-AI-review,keep as label; avoid implying historical name
W1-C0128,isfahan-tiles-c6,nameFa,سرمه‌ای مقرنس,naming,none,-,illustrative,evocative-label,not-applicable,designer-choice,label only,W1-sequential-AI-review,none
W1-C0129,isfahan-tiles-c6,meaningFa,تاریکی ژرف کاسبرگ‌های مقرنس و عمق هندسی,cultural-history,none-opened,-,unverified,not-checked,not-applicable,not-applicable,cultural/material assertion with no citation,W1-sequential-AI-review,hedge or cite
W1-C0130,isfahan-tiles-c6,mineralogical.mineralName,"Cobalt(II,III) Oxide Complex",material,none-opened,heritage-data.ts isfahan-tiles-c6.evidence.mineralogical,unverified,not-checked,no-analysis-on-record,not-applicable,material attribution uncited,W1-sequential-AI-review,cite analysis or mark as inspiration
W1-C0131,isfahan-tiles-c6,mineralogical.chemicalFormula,Co₃O₄ + C,chemistry,none-opened,-,unverified,not-checked,no-analysis-on-record,not-applicable,Co3O4 + C not checked in S004; conflicts with record's own extraction text (manganese oxide),W1-sequential-AI-review,correct or remove
W1-C0132,isfahan-tiles-c6,mineralogical.casNumber,1307-96-6,chemistry-identifier,S005,CAS 1307-96-6,contradicted,checked-against-S005,not-applicable,not-applicable,S005: 1307-96-6 = cobalt(II) oxide CoO (CID 14786); Co3O4 is 1308-06-1 in S005,W1-sequential-AI-review,remove or replace with the CAS RN of the named substance
W1-C0133,isfahan-tiles-c6,mineralogical.historicalManuscriptRef,جواهرنامه نظامی - محمد بن ابی‌البرکات جوهری نیشابوری,documentary-reference,none-opened,no page/folio/edition given,unverified,not-checked-source-blocked,not-applicable,not-applicable,Nishaburi's Jawahir-nama (6th c. AH) exists (background knowledge); cobalt/manganese passage not read,W1-sequential-AI-review,"give edition, folio/page and quoted passage, or mark as ""further reading"""
W1-C0134,isfahan-tiles-c6,mineralogical.traditionalExtraction,آسیاب اکسید منگنز معدنی در آسیاب آبی سنگی و ترکیب با بوره جهت مرزبندی هفت‌رنگ,craft-process,S007,-,contradicted,internal-conflict,not-applicable,not-applicable,internal: extraction describes manganese oxide while formula/CAS/name describe cobalt oxide + carbon,W1-sequential-AI-review,cite or remove
W1-C0135,isfahan-tiles-c6,mineralogical.crystalSystem,تتراگونال (Tetragonal),mineralogy,none-opened,-,unverified,not-checked,not-applicable,not-applicable,"Co3O4 is usually described as cubic spinel (auditor background knowledge, not source-checked)",W1-sequential-AI-review,verify
W1-C0136,isfahan-tiles-c6,geoSpatial.originSite,Muqarnas Vaults of Isfahan | کاسه مقرنس‌های سردر عباسی، اصفهان,geography,none-opened,-,unverified,not-checked,not-applicable,not-applicable,site-to-colour link not documented,W1-sequential-AI-review,name a specific site or remove
W1-C0137,isfahan-tiles-c6,geoSpatial.coordinates,"32.6514,51.6776,1574",geography,S003,"ref_no 115 (32.65745, 51.67777778)",partially-supported,checked-against-S003,not-applicable,not-applicable,"0.67 km from WHC 115 (Meidan Emam, Esfahan) reference point; building-level position not verified; conflicting legacy geo 32.6521,51.6773 is 0.08 km away",W1-sequential-AI-review,keep; cite reference point and precision
W1-C0138,isfahan-tiles-c6,geoSpatial.unescoHeritageRef,UNESCO World Heritage Ref: 115,heritage-designation,S003,ref_no 115,supported,checked-against-S003,not-applicable,not-applicable,"S003: ref_no 115 = ""Meidan Emam, Esfahan"" (1979)",W1-sequential-AI-review,keep; link whc.unesco.org/en/list/115
W1-C0139,isfahan-tiles-c6,geo (legacy alternative) latitude/longitude + unescoSiteId,"سردر ورودی و ایوان شمالی مسجد شاه اصفهان | 32.6521,51.6773,1574 | UNESCO Ref: 115",geography,S003,ref_no 115,partially-supported,checked-against-S003,not-applicable,not-applicable,"0.60 km from WHC 115 (Meidan Emam, Esfahan) reference point; retained as unresolved conflict by palettes.ts",W1-sequential-AI-review,resolve conflict with a cited source
W1-C0140,isfahan-tiles-c6,spectral.peakWavelengthNm,440 nm (dominant 445 nm),spectral,S007,palettes.ts provenance.spectralStatus,illustrative,not-applicable,not-measured (measuredSpectra=0),not-applicable,model value,W1-sequential-AI-review,keep labelled illustrative
W1-C0141,isfahan-tiles-c6,historicalContextFa,سایه‌های ژرف کاسبرگ‌های مقرنس کتیبه‌ها و ازاره‌های سنگی,cultural-history,none-opened,-,unverified,not-checked,not-applicable,not-applicable,uncited,W1-sequential-AI-review,cite or remove
W1-C0142,isfahan-tiles-c6,artMovement,معماری صفوی و مقرنس‌کاری کاسه‌ای,art-history,none-opened,-,unverified,not-checked,not-applicable,not-applicable,uncited attribution,W1-sequential-AI-review,cite
W1-C0143,isfahan-tiles-c6,chemical.molarMass (raw; dropped by normaliser),240.8 g/mol,chemistry-arithmetic,S005;S006,molar-mass-check.out.tsv,partially-supported,arithmetic-check,not-applicable,not-applicable,240.80 is Co3O4 alone; stated formula adds C and CAS is CoO (arithmetic consistency only; not evidence the material is present),W1-sequential-AI-review,drop from source data (already excluded from normalised output)
W1-C0144,achaemenid-majesty-c1,hex,#CC3333,color-value,S002,"S002 ""Persian Red""",designer-choice,exact-match-in-modern-color-list,none-on-record (measuredSpectra=0),designer-choice,HEX identical to a modern named-color list entry; suggests digital-list origin rather than material measurement,W1-sequential-AI-review,"label as designer choice; if derived from a named-color list, say so"
W1-C0145,achaemenid-majesty-c1,nameEn,Persian Red,naming,S002,"S002 ""Persian Red""",partially-supported,pair-found-in-modern-list,not-applicable,designer-choice,modern list entry is not evidence of historical use,W1-sequential-AI-review,keep as label; avoid implying historical name
W1-C0146,achaemenid-majesty-c1,nameFa,سرخ پارسی اصیل (Persian Red),naming,none,-,unverified,authenticity-adjective-unsupported,not-applicable,designer-choice,"name asserts authenticity/purity (""اصیل""/""ناب"")",W1-sequential-AI-review,drop authenticity adjective
W1-C0147,achaemenid-majesty-c1,meaningFa,رنگ استاندارد ثبت‌شده جهانی با الهام از خاک سرخ پارس,cultural-history,S002,HEX lookup,unverified,checked-against-S002,not-applicable,not-applicable,"""globally registered standard colour"": #CC3333 equals ""Persian Red"" in S002 (modern list); not a CSS named color (S001); no registry identified",W1-sequential-AI-review,hedge or cite
W1-C0148,achaemenid-majesty-c1,mineralogical.mineralName,Hormuz Hematite Persian Red,material,none-opened,heritage-data.ts achaemenid-majesty-c1.evidence.mineralogical,unverified,not-checked,no-analysis-on-record,not-applicable,material attribution uncited,W1-sequential-AI-review,cite analysis or mark as inspiration
W1-C0149,achaemenid-majesty-c1,mineralogical.chemicalFormula,alpha-Fe2O3 (Hematite 92%),chemistry,S004,RRUFF_Export.csv row by mineral name,partially-supported,checked-against-S004,no-analysis-on-record,not-applicable,"S004 hematite Fe2O3; ""92%"" purity unsupported",W1-sequential-AI-review,correct or remove
W1-C0150,achaemenid-majesty-c1,mineralogical.casNumber,7732-18-5 (Authentic Historical Specimen),chemistry-identifier,S005,CAS 7732-18-5,contradicted,checked-against-S005,not-applicable,not-applicable,"S005: 7732-18-5 = water, H2O (PubChem CID 962); labelled ""(Authentic Historical Specimen)""",W1-sequential-AI-review,remove or replace with the CAS RN of the named substance
W1-C0151,achaemenid-majesty-c1,mineralogical.historicalManuscriptRef,آثار البلاد و اخبار العباد - زکریا قزوینی,documentary-reference,none-opened,no page/folio/edition given,unverified,not-checked-source-blocked,not-applicable,not-applicable,13th-c. CE cosmography cited for an Achaemenid-period colour (chronological gap); passage not read,W1-sequential-AI-review,"give edition, folio/page and quoted passage, or mark as ""further reading"""
W1-C0152,achaemenid-majesty-c1,mineralogical.traditionalExtraction,استخراج دستی خاک سرخ ساحل هرمز، شستشو در حوضچه‌های ته‌نشینی و خشک‌کردن با نور خورشید,craft-process,none-opened,-,unverified,not-checked,not-applicable,not-applicable,process description uncited,W1-sequential-AI-review,cite or remove
W1-C0153,achaemenid-majesty-c1,mineralogical.crystalSystem,تری‌گونال (Trigonal Rhombohedral),mineralogy,none-opened,-,unverified,not-checked,not-applicable,not-applicable,not checked (mindat/RRUFF pages blocked; S004 copy has no crystal-system column),W1-sequential-AI-review,verify
W1-C0154,achaemenid-majesty-c1,geoSpatial.originSite,Rainbow Island Hormuz / Persepolis | جزیره هرمز و بارگاه آپادانا، تخت جمشید,geography,none-opened,-,unverified,not-checked,not-applicable,not-applicable,combines Hormuz Island and Persepolis (~473 km apart) in one origin,W1-sequential-AI-review,name a specific site or remove
W1-C0155,achaemenid-majesty-c1,geoSpatial.coordinates,"27.0628,56.4589,15",geography,S003,"ref_no 114 (29.93444, 52.89028)",contradicted,checked-against-S003,not-applicable,not-applicable,472.78 km from the WHC 114 (Persepolis) reference point cited in the same record,W1-sequential-AI-review,remove or replace with sourced coordinates
W1-C0156,achaemenid-majesty-c1,geoSpatial.unescoHeritageRef,UNESCO World Heritage Ref: 114 (Persepolis),heritage-designation,S003,ref_no 114,partially-supported,checked-against-S003,not-applicable,not-applicable,"S003: ref_no 114 = ""Persepolis"" (1979); ID is correct for Persepolis but the record's coordinates are Hormuz Island",W1-sequential-AI-review,remove generic UNESCO wording
W1-C0157,achaemenid-majesty-c1,spectral.peakWavelengthNm,640 nm (dominant 635 nm),spectral,S007,palettes.ts provenance.spectralStatus,illustrative,not-applicable,not-measured (measuredSpectra=0),not-applicable,model value,W1-sequential-AI-review,keep labelled illustrative
W1-C0158,achaemenid-majesty-c1,historicalContextFa,رنگ استاندارد ثبت‌شده جهانی با الهام از خاک سرخ پارس,cultural-history,none-opened,-,unverified,duplicate-of-meaningFa,not-applicable,not-applicable,"copy of meaningFa, not independent context",W1-sequential-AI-review,cite or remove
W1-C0159,achaemenid-majesty-c1,artMovement,شکوه هخامنشی تخت جمشید,art-history,none-opened,-,unverified,duplicate-of-palette-name,not-applicable,not-applicable,"copy of palette nameFa, not a movement",W1-sequential-AI-review,remove or replace
W1-C0160,achaemenid-majesty-c1,chemical.molarMass (raw; dropped by normaliser),Calculated Complex,chemistry-arithmetic,none,-,unverified,placeholder,not-applicable,not-applicable,"not a value (""Calculated Complex"") (arithmetic consistency only; not evidence the material is present)",W1-sequential-AI-review,drop from source data (already excluded from normalised output)
W1-C0161,achaemenid-majesty-c2,hex,#CFB53B,color-value,S002,"S002 ""Old Gold""",designer-choice,exact-match-in-modern-color-list,none-on-record (measuredSpectra=0),designer-choice,HEX identical to a modern named-color list entry; suggests digital-list origin rather than material measurement,W1-sequential-AI-review,"label as designer choice; if derived from a named-color list, say so"
W1-C0162,achaemenid-majesty-c2,nameEn,Old Gold,naming,S002,"S002 ""Old Gold""",partially-supported,pair-found-in-modern-list,not-applicable,designer-choice,modern list entry is not evidence of historical use,W1-sequential-AI-review,keep as label; avoid implying historical name
W1-C0163,achaemenid-majesty-c2,nameFa,طلای شاهنشاهی (Old Gold),naming,none,-,illustrative,evocative-label,not-applicable,designer-choice,label only,W1-sequential-AI-review,none
W1-C0164,achaemenid-majesty-c2,meaningFa,رنگ استاندارد طلای کهن هخامنشی کاخ آپادانا,cultural-history,none-opened,-,unverified,not-checked,not-applicable,not-applicable,cultural/material assertion with no citation,W1-sequential-AI-review,hedge or cite
W1-C0165,achaemenid-majesty-c2,mineralogical.mineralName,Native Electrum & Imperial Gold,material,none-opened,heritage-data.ts achaemenid-majesty-c2.evidence.mineralogical,unverified,not-checked,no-analysis-on-record,not-applicable,material attribution uncited,W1-sequential-AI-review,cite analysis or mark as inspiration
W1-C0166,achaemenid-majesty-c2,mineralogical.chemicalFormula,Au75-Ag20-Cu5 Alloy,chemistry,none-opened,-,unverified,not-checked,no-analysis-on-record,not-applicable,alloy composition Au75-Ag20-Cu5 has no analysis cited,W1-sequential-AI-review,correct or remove
W1-C0167,achaemenid-majesty-c2,mineralogical.casNumber,7732-18-5 (Authentic Historical Specimen),chemistry-identifier,S005,CAS 7732-18-5,contradicted,checked-against-S005,not-applicable,not-applicable,"S005: 7732-18-5 = water, H2O (PubChem CID 962); labelled ""(Authentic Historical Specimen)""",W1-sequential-AI-review,remove or replace with the CAS RN of the named substance
W1-C0168,achaemenid-majesty-c2,mineralogical.historicalManuscriptRef,کتیبه پی‌بنای داریوش بزرگ در شوش (DSf),documentary-reference,none-opened,no page/folio/edition given,unverified,not-checked-source-blocked,not-applicable,not-applicable,"DSf is the Susa foundation charter, not a Persepolis/Apadana text; passage not read",W1-sequential-AI-review,"give edition, folio/page and quoted passage, or mark as ""further reading"""
W1-C0169,achaemenid-majesty-c2,mineralogical.traditionalExtraction,ریخته‌گری موم گمشده و چکش‌کاری کتیبه‌های طلایی کاخ آپادانا,craft-process,none-opened,-,unverified,not-checked,not-applicable,not-applicable,process description uncited,W1-sequential-AI-review,cite or remove
W1-C0170,achaemenid-majesty-c2,mineralogical.crystalSystem,متالورژی باستانی (Archaeometallurgical),mineralogy,S007,-,contradicted,type-error,not-applicable,not-applicable,value is not a crystal system (type error),W1-sequential-AI-review,remove or use a real crystal system
W1-C0171,achaemenid-majesty-c2,geoSpatial.originSite,Persepolis Treasury & Apadana | خزانه و تالار صدستون تخت جمشید، فارس,geography,none-opened,-,unverified,not-checked,not-applicable,not-applicable,site-to-colour link not documented,W1-sequential-AI-review,name a specific site or remove
W1-C0172,achaemenid-majesty-c2,geoSpatial.coordinates,"29.9351,52.8916,1620",geography,S003,"ref_no 114 (29.93444, 52.89028)",partially-supported,checked-against-S003,not-applicable,not-applicable,0.15 km from WHC 114 (Persepolis) reference point; building-level position not verified,W1-sequential-AI-review,keep; cite reference point and precision
W1-C0173,achaemenid-majesty-c2,geoSpatial.unescoHeritageRef,UNESCO World Heritage Ref: 114,heritage-designation,S003,ref_no 114,supported,checked-against-S003,not-applicable,not-applicable,"S003: ref_no 114 = ""Persepolis"" (1979)",W1-sequential-AI-review,keep; link whc.unesco.org/en/list/114
W1-C0174,achaemenid-majesty-c2,spectral.peakWavelengthNm,580 nm (dominant 578 nm),spectral,S007,palettes.ts provenance.spectralStatus,illustrative,not-applicable,not-measured (measuredSpectra=0),not-applicable,model value,W1-sequential-AI-review,keep labelled illustrative
W1-C0175,achaemenid-majesty-c2,historicalContextFa,رنگ استاندارد طلای کهن هخامنشی کاخ آپادانا,cultural-history,none-opened,-,unverified,duplicate-of-meaningFa,not-applicable,not-applicable,"copy of meaningFa, not independent context",W1-sequential-AI-review,cite or remove
W1-C0176,achaemenid-majesty-c2,artMovement,شکوه هخامنشی تخت جمشید,art-history,none-opened,-,unverified,duplicate-of-palette-name,not-applicable,not-applicable,"copy of palette nameFa, not a movement",W1-sequential-AI-review,remove or replace
W1-C0177,achaemenid-majesty-c2,chemical.molarMass (raw; dropped by normaliser),Calculated Complex,chemistry-arithmetic,none,-,unverified,placeholder,not-applicable,not-applicable,"not a value (""Calculated Complex"") (arithmetic consistency only; not evidence the material is present)",W1-sequential-AI-review,drop from source data (already excluded from normalised output)
W1-C0178,achaemenid-majesty-c3,hex,#1D3557,color-value,S001;S002,no exact match in S001 or S002,designer-choice,no-modern-list-match,none-on-record (measuredSpectra=0),designer-choice,origin of value undocumented,W1-sequential-AI-review,"label as designer choice; if derived from a named-color list, say so"
W1-C0179,achaemenid-majesty-c3,nameEn,Persepolis Deep Navy,naming,none,-,illustrative,evocative-label,not-applicable,designer-choice,label only,W1-sequential-AI-review,keep as label; avoid implying historical name
W1-C0180,achaemenid-majesty-c3,nameFa,سرمه‌ای پارسه,naming,none,-,illustrative,evocative-label,not-applicable,designer-choice,label only,W1-sequential-AI-review,none
W1-C0181,achaemenid-majesty-c3,meaningFa,پارچه‌های فاخر رنگرزی شده با صدف‌های شاهی باستان,cultural-history,S007,README.fa.md:21; tokens/data-quality.json,contradicted,internal-conflict,not-applicable,not-applicable,"internal conflict: meaning says fabrics dyed with ""royal shells"" while mineralogical record says indigo (Indigofera); the two dye sources differ",W1-sequential-AI-review,remove or correct
W1-C0182,achaemenid-majesty-c3,mineralogical.mineralName,Pasargadae Indigofera Tinctoria,material,none-opened,heritage-data.ts achaemenid-majesty-c3.evidence.mineralogical,unverified,not-checked,no-analysis-on-record,not-applicable,material attribution uncited,W1-sequential-AI-review,cite analysis or mark as inspiration
W1-C0183,achaemenid-majesty-c3,mineralogical.chemicalFormula,C16H10N2O2 (Indigotin),chemistry,S005,chemicals.identifiers.search_chemical,supported,checked-against-S005,no-analysis-on-record,not-applicable,S005 indigo C16H10N2O2 (formula only; no evidence of indigo on the site),W1-sequential-AI-review,"keep formula but label as reference formula of the named material, not an analysis of this colour"
W1-C0184,achaemenid-majesty-c3,mineralogical.casNumber,7732-18-5 (Authentic Historical Specimen),chemistry-identifier,S005,CAS 7732-18-5,contradicted,checked-against-S005,not-applicable,not-applicable,"S005: 7732-18-5 = water, H2O (PubChem CID 962); labelled ""(Authentic Historical Specimen)""",W1-sequential-AI-review,remove or replace with the CAS RN of the named substance
W1-C0185,achaemenid-majesty-c3,mineralogical.historicalManuscriptRef,تاریخ طبیعی پلینی (Naturalis Historia) - کتاب ۳۳,documentary-reference,none-opened,no page/folio/edition given,unverified,not-checked-source-blocked,not-applicable,not-applicable,"Book 33 concerns metals; indigo is discussed elsewhere in Pliny (auditor background knowledge, not opened): suspected wrong locator",W1-sequential-AI-review,"give edition, folio/page and quoted passage, or mark as ""further reading"""
W1-C0186,achaemenid-majesty-c3,mineralogical.traditionalExtraction,تخمیر بی هوازی برگ‌های وسمه و نیل در خمره‌های سفالی با شیره قلیاب,craft-process,none-opened,-,unverified,not-checked,not-applicable,not-applicable,process description uncited,W1-sequential-AI-review,cite or remove
W1-C0187,achaemenid-majesty-c3,mineralogical.crystalSystem,مونوکلینیک آلی (Organic Molecular),mineralogy,none-opened,-,unverified,not-checked,not-applicable,not-applicable,not checked (mindat/RRUFF pages blocked; S004 copy has no crystal-system column),W1-sequential-AI-review,verify
W1-C0188,achaemenid-majesty-c3,geoSpatial.originSite,Pasargadae Imperial Enclosure | دشت مرغاب، آرامگاه کوروش بزرگ، پاسارگاد,geography,none-opened,-,unverified,not-checked,not-applicable,not-applicable,site-to-colour link not documented,W1-sequential-AI-review,name a specific site or remove
W1-C0189,achaemenid-majesty-c3,geoSpatial.coordinates,"30.2003,53.1772,1900",geography,S003,"ref_no 1106 (30.19383, 53.16729)",partially-supported,checked-against-S003,not-applicable,not-applicable,1.19 km from WHC 1106 (Pasargadae) reference point; building-level position not verified,W1-sequential-AI-review,keep; cite reference point and precision
W1-C0190,achaemenid-majesty-c3,geoSpatial.unescoHeritageRef,UNESCO World Heritage Ref: 1106 (Pasargadae),heritage-designation,S003,ref_no 1106,supported,checked-against-S003,not-applicable,not-applicable,"S003: ref_no 1106 = ""Pasargadae"" (2004)",W1-sequential-AI-review,keep; link whc.unesco.org/en/list/1106
W1-C0191,achaemenid-majesty-c3,spectral.peakWavelengthNm,460 nm (dominant 465 nm),spectral,S007,palettes.ts provenance.spectralStatus,illustrative,not-applicable,not-measured (measuredSpectra=0),not-applicable,model value,W1-sequential-AI-review,keep labelled illustrative
W1-C0192,achaemenid-majesty-c3,historicalContextFa,پارچه‌های فاخر رنگرزی شده با صدف‌های شاهی باستان,cultural-history,none-opened,-,unverified,duplicate-of-meaningFa,not-applicable,not-applicable,"copy of meaningFa, not independent context",W1-sequential-AI-review,cite or remove
W1-C0193,achaemenid-majesty-c3,artMovement,شکوه هخامنشی تخت جمشید,art-history,none-opened,-,unverified,duplicate-of-palette-name,not-applicable,not-applicable,"copy of palette nameFa, not a movement",W1-sequential-AI-review,remove or replace
W1-C0194,achaemenid-majesty-c3,chemical.molarMass (raw; dropped by normaliser),Calculated Complex,chemistry-arithmetic,none,-,unverified,placeholder,not-applicable,not-applicable,"not a value (""Calculated Complex"") (arithmetic consistency only; not evidence the material is present)",W1-sequential-AI-review,drop from source data (already excluded from normalised output)
W1-C0195,achaemenid-majesty-c4,hex,#2D6A4F,color-value,S001;S002,no exact match in S001 or S002,designer-choice,no-modern-list-match,none-on-record (measuredSpectra=0),designer-choice,origin of value undocumented,W1-sequential-AI-review,"label as designer choice; if derived from a named-color list, say so"
W1-C0196,achaemenid-majesty-c4,nameEn,Ancient Royal Jade,naming,none,-,illustrative,evocative-label,not-applicable,designer-choice,label only,W1-sequential-AI-review,keep as label; avoid implying historical name
W1-C0197,achaemenid-majesty-c4,nameFa,یشم باستانی,naming,none,-,illustrative,evocative-label,not-applicable,designer-choice,label only,W1-sequential-AI-review,none
W1-C0198,achaemenid-majesty-c4,meaningFa,ظروف سنگی یشم و لاجورد پیشکشی ملل به تخت جمشید,cultural-history,none-opened,-,unverified,not-checked,not-applicable,not-applicable,cultural/material assertion with no citation,W1-sequential-AI-review,hedge or cite
W1-C0199,achaemenid-majesty-c4,mineralogical.mineralName,Apadana Bituminous Grey Basalt,material,S007,heritage-data.ts achaemenid-majesty-c4.evidence.mineralogical,contradicted,internal-conflict,no-analysis-on-record,not-applicable,"internal: ""Bituminous Grey Basalt"" vs formula CaCO3 (a carbonate, not basalt) vs name ""Ancient Royal Jade""",W1-sequential-AI-review,cite analysis or mark as inspiration
W1-C0200,achaemenid-majesty-c4,mineralogical.chemicalFormula,CaCO3 + Bituminous Hydrocarbons,chemistry,none-opened,-,unverified,not-checked,no-analysis-on-record,not-applicable,CaCO3 = calcite (S004) but record calls the stone basalt,W1-sequential-AI-review,correct or remove
W1-C0201,achaemenid-majesty-c4,mineralogical.casNumber,7732-18-5 (Authentic Historical Specimen),chemistry-identifier,S005,CAS 7732-18-5,contradicted,checked-against-S005,not-applicable,not-applicable,"S005: 7732-18-5 = water, H2O (PubChem CID 962); labelled ""(Authentic Historical Specimen)""",W1-sequential-AI-review,remove or replace with the CAS RN of the named substance
W1-C0202,achaemenid-majesty-c4,mineralogical.historicalManuscriptRef,کتیبه‌های بارعام خشایارشا در درگاه شرقی آپادانا,documentary-reference,none-opened,no page/folio/edition given,unverified,not-checked-source-blocked,not-applicable,not-applicable,Apadana audience reliefs are sculptural; no inscription identified; passage not read,W1-sequential-AI-review,"give edition, folio/page and quoted passage, or mark as ""further reading"""
W1-C0203,achaemenid-majesty-c4,mineralogical.traditionalExtraction,استخراج سنگ از کوه رحمت با قلم و چکش مفرغی و پولیش با چرم و خاکستر,craft-process,none-opened,-,unverified,not-checked,not-applicable,not-applicable,process description uncited,W1-sequential-AI-review,cite or remove
W1-C0204,achaemenid-majesty-c4,mineralogical.crystalSystem,میکروکریستالین رسوبی,mineralogy,S007,-,contradicted,type-error,not-applicable,not-applicable,value is not a crystal system (type error),W1-sequential-AI-review,remove or use a real crystal system
W1-C0205,achaemenid-majesty-c4,geoSpatial.originSite,"Apadana Palace Reliefs, Persepolis | نقوش برجسته کاخ آپادانا، مرودشت",geography,none-opened,-,unverified,not-checked,not-applicable,not-applicable,site-to-colour link not documented,W1-sequential-AI-review,name a specific site or remove
W1-C0206,achaemenid-majesty-c4,geoSpatial.coordinates,"29.9351,52.8916,1620",geography,S003,"ref_no 114 (29.93444, 52.89028)",partially-supported,checked-against-S003,not-applicable,not-applicable,0.15 km from WHC 114 (Persepolis) reference point; building-level position not verified,W1-sequential-AI-review,keep; cite reference point and precision
W1-C0207,achaemenid-majesty-c4,geoSpatial.unescoHeritageRef,UNESCO World Heritage Ref: 114,heritage-designation,S003,ref_no 114,supported,checked-against-S003,not-applicable,not-applicable,"S003: ref_no 114 = ""Persepolis"" (1979)",W1-sequential-AI-review,keep; link whc.unesco.org/en/list/114
W1-C0208,achaemenid-majesty-c4,spectral.peakWavelengthNm,550 nm (dominant 555 nm),spectral,S007,palettes.ts provenance.spectralStatus,illustrative,not-applicable,not-measured (measuredSpectra=0),not-applicable,model value,W1-sequential-AI-review,keep labelled illustrative
W1-C0209,achaemenid-majesty-c4,historicalContextFa,ظروف سنگی یشم و لاجورد پیشکشی ملل به تخت جمشید,cultural-history,none-opened,-,unverified,duplicate-of-meaningFa,not-applicable,not-applicable,"copy of meaningFa, not independent context",W1-sequential-AI-review,cite or remove
W1-C0210,achaemenid-majesty-c4,artMovement,شکوه هخامنشی تخت جمشید,art-history,none-opened,-,unverified,duplicate-of-palette-name,not-applicable,not-applicable,"copy of palette nameFa, not a movement",W1-sequential-AI-review,remove or replace
W1-C0211,achaemenid-majesty-c4,chemical.molarMass (raw; dropped by normaliser),Calculated Complex,chemistry-arithmetic,none,-,unverified,placeholder,not-applicable,not-applicable,"not a value (""Calculated Complex"") (arithmetic consistency only; not evidence the material is present)",W1-sequential-AI-review,drop from source data (already excluded from normalised output)
W1-C0212,achaemenid-majesty-c5,hex,#FDFBF7,color-value,S001;S002,no exact match in S001 or S002,designer-choice,no-modern-list-match,none-on-record (measuredSpectra=0),designer-choice,origin of value undocumented,W1-sequential-AI-review,"label as designer choice; if derived from a named-color list, say so"
W1-C0213,achaemenid-majesty-c5,nameEn,Apadana Alabaster,naming,none,-,illustrative,evocative-label,not-applicable,designer-choice,label only,W1-sequential-AI-review,keep as label; avoid implying historical name
W1-C0214,achaemenid-majesty-c5,nameFa,سنگ مرمر آپادانا,naming,none,-,illustrative,evocative-label,not-applicable,designer-choice,label only,W1-sequential-AI-review,none
W1-C0215,achaemenid-majesty-c5,meaningFa,سنگ‌های صیقلی آهکی و مرمرین تالار ستون‌دار,cultural-history,none-opened,-,unverified,not-checked,not-applicable,not-applicable,cultural/material assertion with no citation,W1-sequential-AI-review,hedge or cite
W1-C0216,achaemenid-majesty-c5,mineralogical.mineralName,Persepolis Quartz Sandstone,material,S007,heritage-data.ts achaemenid-majesty-c5.evidence.mineralogical,contradicted,internal-conflict,no-analysis-on-record,not-applicable,"internal: ""Quartz Sandstone"" vs nameEn ""Alabaster"" vs nameFa ""marble"" vs meaning ""limestone and marble""",W1-sequential-AI-review,cite analysis or mark as inspiration
W1-C0217,achaemenid-majesty-c5,mineralogical.chemicalFormula,SiO2 + CaCO3 Matrix,chemistry,none-opened,-,unverified,not-checked,no-analysis-on-record,not-applicable,"SiO2 + CaCO3 ""matrix"" is not a formula",W1-sequential-AI-review,correct or remove
W1-C0218,achaemenid-majesty-c5,mineralogical.casNumber,7732-18-5 (Authentic Historical Specimen),chemistry-identifier,S005,CAS 7732-18-5,contradicted,checked-against-S005,not-applicable,not-applicable,"S005: 7732-18-5 = water, H2O (PubChem CID 962); labelled ""(Authentic Historical Specimen)""",W1-sequential-AI-review,remove or replace with the CAS RN of the named substance
W1-C0219,achaemenid-majesty-c5,mineralogical.historicalManuscriptRef,الواح باروی تخت جمشید (Fortification Tablets),documentary-reference,none-opened,no page/folio/edition given,unverified,not-checked-source-blocked,not-applicable,not-applicable,administrative archive; relevance to stone quarrying not established; not read,W1-sequential-AI-review,"give edition, folio/page and quoted passage, or mark as ""further reading"""
W1-C0220,achaemenid-majesty-c5,mineralogical.traditionalExtraction,برش بلوک‌های عظیم سنگی کوه مهر و مهار با بست‌های دم چلچله‌ای سربی,craft-process,none-opened,-,unverified,not-checked,not-applicable,not-applicable,process description uncited,W1-sequential-AI-review,cite or remove
W1-C0221,achaemenid-majesty-c5,mineralogical.crystalSystem,کوارتز هگزاگونال,mineralogy,none-opened,-,unverified,not-checked,not-applicable,not-applicable,not checked (mindat/RRUFF pages blocked; S004 copy has no crystal-system column),W1-sequential-AI-review,verify
W1-C0222,achaemenid-majesty-c5,geoSpatial.originSite,Tachara & Palace of Xerxes | کاخ تچر و هدیش، تخت جمشید,geography,none-opened,-,unverified,not-checked,not-applicable,not-applicable,site-to-colour link not documented,W1-sequential-AI-review,name a specific site or remove
W1-C0223,achaemenid-majesty-c5,geoSpatial.coordinates,"29.9351,52.8916,1620",geography,S003,"ref_no 114 (29.93444, 52.89028)",partially-supported,checked-against-S003,not-applicable,not-applicable,0.15 km from WHC 114 (Persepolis) reference point; building-level position not verified,W1-sequential-AI-review,keep; cite reference point and precision
W1-C0224,achaemenid-majesty-c5,geoSpatial.unescoHeritageRef,UNESCO World Heritage Ref: 114,heritage-designation,S003,ref_no 114,supported,checked-against-S003,not-applicable,not-applicable,"S003: ref_no 114 = ""Persepolis"" (1979)",W1-sequential-AI-review,keep; link whc.unesco.org/en/list/114
W1-C0225,achaemenid-majesty-c5,spectral.peakWavelengthNm,585 nm (dominant 582 nm),spectral,S007,palettes.ts provenance.spectralStatus,illustrative,not-applicable,not-measured (measuredSpectra=0),not-applicable,model value,W1-sequential-AI-review,keep labelled illustrative
W1-C0226,achaemenid-majesty-c5,historicalContextFa,سنگ‌های صیقلی آهکی و مرمرین تالار ستون‌دار,cultural-history,none-opened,-,unverified,duplicate-of-meaningFa,not-applicable,not-applicable,"copy of meaningFa, not independent context",W1-sequential-AI-review,cite or remove
W1-C0227,achaemenid-majesty-c5,artMovement,شکوه هخامنشی تخت جمشید,art-history,none-opened,-,unverified,duplicate-of-palette-name,not-applicable,not-applicable,"copy of palette nameFa, not a movement",W1-sequential-AI-review,remove or replace
W1-C0228,achaemenid-majesty-c5,chemical.molarMass (raw; dropped by normaliser),Calculated Complex,chemistry-arithmetic,none,-,unverified,placeholder,not-applicable,not-applicable,"not a value (""Calculated Complex"") (arithmetic consistency only; not evidence the material is present)",W1-sequential-AI-review,drop from source data (already excluded from normalised output)
W1-C0229,achaemenid-majesty-c6,hex,#1B1F24,color-value,S001;S002,no exact match in S001 or S002,designer-choice,no-modern-list-match,none-on-record (measuredSpectra=0),designer-choice,origin of value undocumented,W1-sequential-AI-review,"label as designer choice; if derived from a named-color list, say so"
W1-C0230,achaemenid-majesty-c6,nameEn,Tacara Basalt Black,naming,none,-,illustrative,evocative-label,not-applicable,designer-choice,label only,W1-sequential-AI-review,keep as label; avoid implying historical name
W1-C0231,achaemenid-majesty-c6,nameFa,سنگ سیاه تچر,naming,none,-,illustrative,evocative-label,not-applicable,designer-choice,label only,W1-sequential-AI-review,none
W1-C0232,achaemenid-majesty-c6,meaningFa,سنگ‌های بازالت سیاه صیقلی کاخ داریوش (تالار آینه),cultural-history,none-opened,-,unverified,not-checked,not-applicable,not-applicable,cultural/material assertion with no citation,W1-sequential-AI-review,hedge or cite
W1-C0233,achaemenid-majesty-c6,mineralogical.mineralName,Persian Archaeometallurgical Bronze,material,S007,heritage-data.ts achaemenid-majesty-c6.evidence.mineralogical,contradicted,internal-conflict,no-analysis-on-record,not-applicable,internal: bronze alloy recorded for a colour named/described as black basalt stone,W1-sequential-AI-review,cite analysis or mark as inspiration
W1-C0234,achaemenid-majesty-c6,mineralogical.chemicalFormula,Cu88-Sn12 Alloy,chemistry,none-opened,-,unverified,not-checked,no-analysis-on-record,not-applicable,Cu88-Sn12 bronze composition uncited; record colour is a black stone,W1-sequential-AI-review,correct or remove
W1-C0235,achaemenid-majesty-c6,mineralogical.casNumber,7732-18-5 (Authentic Historical Specimen),chemistry-identifier,S005,CAS 7732-18-5,contradicted,checked-against-S005,not-applicable,not-applicable,"S005: 7732-18-5 = water, H2O (PubChem CID 962); labelled ""(Authentic Historical Specimen)""",W1-sequential-AI-review,remove or replace with the CAS RN of the named substance
W1-C0236,achaemenid-majesty-c6,mineralogical.historicalManuscriptRef,باستان‌شناسی فلزکاری کهن ایران - رومن گیرشمن,documentary-reference,none-opened,no page/folio/edition given,unverified,not-checked-source-blocked,not-applicable,not-applicable,modern archaeologist; exact title not verified; not a manuscript,W1-sequential-AI-review,"give edition, folio/page and quoted passage, or mark as ""further reading"""
W1-C0237,achaemenid-majesty-c6,mineralogical.traditionalExtraction,ذوب همزمان کالکوپیریت و کاسیتریت در کوره‌های دمش بادی باستانی,craft-process,none-opened,-,unverified,not-checked,not-applicable,not-applicable,process description uncited,W1-sequential-AI-review,cite or remove
W1-C0238,achaemenid-majesty-c6,mineralogical.crystalSystem,آلیاژ دوفازی الفا-دلتا مس-قلع,mineralogy,S007,-,contradicted,type-error,not-applicable,not-applicable,value is not a crystal system (type error),W1-sequential-AI-review,remove or use a real crystal system
W1-C0239,achaemenid-majesty-c6,geoSpatial.originSite,Persepolis Armory & Lorestan Sites | اسلحه‌خانه آپادانا و محوطه‌های مفرغ باستانی,geography,none-opened,-,unverified,not-checked,not-applicable,not-applicable,site-to-colour link not documented,W1-sequential-AI-review,name a specific site or remove
W1-C0240,achaemenid-majesty-c6,geoSpatial.coordinates,"29.9351,52.8916,1620",geography,S003,"ref_no 114 (29.93444, 52.89028)",partially-supported,checked-against-S003,not-applicable,not-applicable,0.15 km from WHC 114 (Persepolis) reference point; building-level position not verified,W1-sequential-AI-review,keep; cite reference point and precision
W1-C0241,achaemenid-majesty-c6,geoSpatial.unescoHeritageRef,UNESCO World Heritage Ref: 114,heritage-designation,S003,ref_no 114,supported,checked-against-S003,not-applicable,not-applicable,"S003: ref_no 114 = ""Persepolis"" (1979)",W1-sequential-AI-review,keep; link whc.unesco.org/en/list/114
W1-C0242,achaemenid-majesty-c6,spectral.peakWavelengthNm,530 nm (dominant 535 nm),spectral,S007,palettes.ts provenance.spectralStatus,illustrative,not-applicable,not-measured (measuredSpectra=0),not-applicable,model value,W1-sequential-AI-review,keep labelled illustrative
W1-C0243,achaemenid-majesty-c6,historicalContextFa,سنگ‌های بازالت سیاه صیقلی کاخ داریوش (تالار آینه),cultural-history,none-opened,-,unverified,duplicate-of-meaningFa,not-applicable,not-applicable,"copy of meaningFa, not independent context",W1-sequential-AI-review,cite or remove
W1-C0244,achaemenid-majesty-c6,artMovement,شکوه هخامنشی تخت جمشید,art-history,none-opened,-,unverified,duplicate-of-palette-name,not-applicable,not-applicable,"copy of palette nameFa, not a movement",W1-sequential-AI-review,remove or replace
W1-C0245,achaemenid-majesty-c6,chemical.molarMass (raw; dropped by normaliser),Calculated Complex,chemistry-arithmetic,none,-,unverified,placeholder,not-applicable,not-applicable,"not a value (""Calculated Complex"") (arithmetic consistency only; not evidence the material is present)",W1-sequential-AI-review,drop from source data (already excluded from normalised output)
W1-C0246,behzad-miniature-c1,hex,#E34234,color-value,S002,"S002 ""Cinnabar"" / ""Vermilion (Cinnabar)""",designer-choice,exact-match-in-modern-color-list,none-on-record (measuredSpectra=0),designer-choice,HEX identical to a modern named-color list entry; suggests digital-list origin rather than material measurement,W1-sequential-AI-review,"label as designer choice; if derived from a named-color list, say so"
W1-C0247,behzad-miniature-c1,nameEn,Cinnabar Vermilion,naming,S002,"S002 ""Cinnabar"" / ""Vermilion (Cinnabar)""",illustrative,pair-found-in-modern-list,not-applicable,designer-choice,modern list entry is not evidence of historical use,W1-sequential-AI-review,keep as label; avoid implying historical name
W1-C0248,behzad-miniature-c1,nameFa,شنگرف معدنی (Cinnabar/Vermilion),naming,none,-,illustrative,evocative-label,not-applicable,designer-choice,label only,W1-sequential-AI-review,none
W1-C0249,behzad-miniature-c1,meaningFa,رنگدانه اصیل شنگرف در مکتب هرات و تبریز,cultural-history,none-opened,-,unverified,not-checked,not-applicable,not-applicable,cultural/material assertion with no citation,W1-sequential-AI-review,hedge or cite
W1-C0250,behzad-miniature-c1,mineralogical.mineralName,Mercury(II) Sulfide,material,none-opened,heritage-data.ts behzad-miniature-c1.evidence.mineralogical,unverified,not-checked,no-analysis-on-record,not-applicable,material attribution uncited,W1-sequential-AI-review,cite analysis or mark as inspiration
W1-C0251,behzad-miniature-c1,mineralogical.chemicalFormula,HgS,chemistry,S004,RRUFF_Export.csv row by mineral name,supported,checked-against-S004,no-analysis-on-record,not-applicable,S004 cinnabar HgS,W1-sequential-AI-review,"keep formula but label as reference formula of the named material, not an analysis of this colour"
W1-C0252,behzad-miniature-c1,mineralogical.casNumber,1344-48-5,chemistry-identifier,S005,CAS 1344-48-5,supported,checked-against-S005,not-applicable,not-applicable,"S005: mercuric sulfide HgS, CID 62402",W1-sequential-AI-review,keep
W1-C0253,behzad-miniature-c1,mineralogical.historicalManuscriptRef,رسالات کهن رنگرزی سنتی و صنعتی ایران زمین,documentary-reference,none-opened,no page/folio/edition given,unverified,placeholder,not-applicable,not-applicable,"placeholder phrase (""old treatises of Iranian dyeing""): no identifiable work",W1-sequential-AI-review,remove placeholder
W1-C0254,behzad-miniature-c1,mineralogical.traditionalExtraction,استخراج سنتی از منابع گیاهی و معدنی ایران بر اساس رسالات خطی تذهیب و رنگرزی,craft-process,none-opened,-,unverified,placeholder,not-applicable,not-applicable,template sentence repeated for 60 records,W1-sequential-AI-review,cite or remove
W1-C0255,behzad-miniature-c1,mineralogical.crystalSystem,کریستالین بومی فلات ایران,mineralogy,S007,-,contradicted,type-error,not-applicable,not-applicable,value is not a crystal system (type error),W1-sequential-AI-review,remove or use a real crystal system
W1-C0256,behzad-miniature-c1,geoSpatial.originSite,Iranian Plateau Heritage Sites | فلات ایران، مراکز سنتی هنر و معماری,geography,none-opened,-,unverified,placeholder,not-applicable,not-applicable,non-specific placeholder site,W1-sequential-AI-review,name a specific site or remove
W1-C0257,behzad-miniature-c1,geoSpatial.coordinates,"32.4279,53.688,1400",geography,S007,analyze-data.out.json syntheticPlateauPattern,contradicted,synthetic-value,not-applicable,not-applicable,"synthetic: lat = 32.4279 + 0.5*i, lng = 53.688 + 0.3*i, alt 1400; the same six points are reused by 10 palettes regardless of region (Gulf, Caspian, Khorasan, Shiraz); conflicting legacy geo 34.3283,62.1926 is 817.18 km away",W1-sequential-AI-review,remove or replace with sourced coordinates
W1-C0258,behzad-miniature-c1,geoSpatial.unescoHeritageRef,ثبت میراث فرهنگی ملموس و ناملموس یونسکو,heritage-designation,none-opened,-,unverified,placeholder,not-applicable,not-applicable,non-specific or not checkable,W1-sequential-AI-review,remove generic UNESCO wording
W1-C0259,behzad-miniature-c1,geo (legacy alternative) latitude/longitude + unescoSiteId,"کارگاه‌های نگارگری هرات و کتابخانه بایسنقری | 34.3283,62.1926,920 | Intangible Cultural Heritage",geography,none-opened,-,unverified,not-checked,not-applicable,not-applicable,"alternative record ""Intangible Cultural Heritage"" not an identifiable WHC property in S003; retained as unresolved conflict by palettes.ts",W1-sequential-AI-review,resolve conflict with a cited source
W1-C0260,behzad-miniature-c1,spectral.peakWavelengthNm,642 nm (dominant 642 nm),spectral,S007,palettes.ts provenance.spectralStatus,illustrative,not-applicable,not-measured (measuredSpectra=0),not-applicable,peak equals dominant wavelength (template),W1-sequential-AI-review,keep labelled illustrative
W1-C0261,behzad-miniature-c1,historicalContextFa,ردای قهرمانان در نگاره‌های خمسه‌ی نظامی و ظفرنامه تیموری بهزاد,cultural-history,none-opened,-,unverified,not-checked,not-applicable,not-applicable,uncited,W1-sequential-AI-review,cite or remove
W1-C0262,behzad-miniature-c1,artMovement,مکتب هرات (دوره تیموری) و نگارگری کمال‌الدین بهزاد,art-history,none-opened,-,unverified,not-checked,not-applicable,not-applicable,uncited attribution,W1-sequential-AI-review,cite
W1-C0263,behzad-miniature-c1,chemical.molarMass (raw; dropped by normaliser),232.66 g/mol,chemistry-arithmetic,S005;S006,molar-mass-check.out.tsv,supported,arithmetic-check,not-applicable,not-applicable,recomputed 232.66 (arithmetic consistency only; not evidence the material is present),W1-sequential-AI-review,drop from source data (already excluded from normalised output)
W1-C0264,behzad-miniature-c2,hex,#0BDA51,color-value,S002,"S002 ""Malachite""",designer-choice,exact-match-in-modern-color-list,none-on-record (measuredSpectra=0),designer-choice,HEX identical to a modern named-color list entry; suggests digital-list origin rather than material measurement,W1-sequential-AI-review,"label as designer choice; if derived from a named-color list, say so"
W1-C0265,behzad-miniature-c2,nameEn,Malachite Green,naming,S002,"S002 ""Malachite""",illustrative,pair-found-in-modern-list,not-applicable,designer-choice,modern list entry is not evidence of historical use,W1-sequential-AI-review,keep as label; avoid implying historical name
W1-C0266,behzad-miniature-c2,nameFa,سبز زنگار مالاکیت (Malachite Green),naming,none,-,illustrative,evocative-label,not-applicable,designer-choice,label only,W1-sequential-AI-review,none
W1-C0267,behzad-miniature-c2,meaningFa,پودر کانی مالاکیت و اکسید مس در نگارگری ایرانی,cultural-history,none-opened,-,unverified,not-checked,not-applicable,not-applicable,cultural/material assertion with no citation,W1-sequential-AI-review,hedge or cite
W1-C0268,behzad-miniature-c2,mineralogical.mineralName,Basic Copper Carbonate,material,none-opened,heritage-data.ts behzad-miniature-c2.evidence.mineralogical,unverified,not-checked,no-analysis-on-record,not-applicable,material attribution uncited,W1-sequential-AI-review,cite analysis or mark as inspiration
W1-C0269,behzad-miniature-c2,mineralogical.chemicalFormula,Cu₂CO₃(OH)₂,chemistry,S004,RRUFF_Export.csv row by mineral name,supported,checked-against-S004,no-analysis-on-record,not-applicable,S004 malachite Cu2CO3(OH)2,W1-sequential-AI-review,"keep formula but label as reference formula of the named material, not an analysis of this colour"
W1-C0270,behzad-miniature-c2,mineralogical.casNumber,12069-69-1,chemistry-identifier,S005,CAS 12069-69-1,supported,checked-against-S005,not-applicable,not-applicable,"S005: basic copper carbonate CH2Cu2O5, CID 25503",W1-sequential-AI-review,keep
W1-C0271,behzad-miniature-c2,mineralogical.historicalManuscriptRef,رسالات کهن رنگرزی سنتی و صنعتی ایران زمین,documentary-reference,none-opened,no page/folio/edition given,unverified,placeholder,not-applicable,not-applicable,"placeholder phrase (""old treatises of Iranian dyeing""): no identifiable work",W1-sequential-AI-review,remove placeholder
W1-C0272,behzad-miniature-c2,mineralogical.traditionalExtraction,استخراج سنتی از منابع گیاهی و معدنی ایران بر اساس رسالات خطی تذهیب و رنگرزی,craft-process,none-opened,-,unverified,placeholder,not-applicable,not-applicable,template sentence repeated for 60 records,W1-sequential-AI-review,cite or remove
W1-C0273,behzad-miniature-c2,mineralogical.crystalSystem,کریستالین بومی فلات ایران,mineralogy,S007,-,contradicted,type-error,not-applicable,not-applicable,value is not a crystal system (type error),W1-sequential-AI-review,remove or use a real crystal system
W1-C0274,behzad-miniature-c2,geoSpatial.originSite,Iranian Plateau Heritage Sites | فلات ایران، مراکز سنتی هنر و معماری,geography,none-opened,-,unverified,placeholder,not-applicable,not-applicable,non-specific placeholder site,W1-sequential-AI-review,name a specific site or remove
W1-C0275,behzad-miniature-c2,geoSpatial.coordinates,"32.9279,53.988,1400",geography,S007,analyze-data.out.json syntheticPlateauPattern,contradicted,synthetic-value,not-applicable,not-applicable,"synthetic: lat = 32.4279 + 0.5*i, lng = 53.688 + 0.3*i, alt 1400; the same six points are reused by 10 palettes regardless of region (Gulf, Caspian, Khorasan, Shiraz); conflicting legacy geo 38.08,46.2919 is 901.37 km away",W1-sequential-AI-review,remove or replace with sourced coordinates
W1-C0276,behzad-miniature-c2,geoSpatial.unescoHeritageRef,ثبت میراث فرهنگی ملموس و ناملموس یونسکو,heritage-designation,none-opened,-,unverified,placeholder,not-applicable,not-applicable,non-specific or not checkable,W1-sequential-AI-review,remove generic UNESCO wording
W1-C0277,behzad-miniature-c2,geo (legacy alternative) latitude/longitude + unescoSiteId,"معادن مس آذربایجان و کارگاه‌های تبریز دوم | 38.08,46.2919,1360 | Tabriz Historic Bazaar Complex",geography,S003,ref_no 1346,partially-supported,checked-against-S003,not-applicable,not-applicable,0.18 km from WHC 1346 (Tabriz Historic Bazaar Complex) reference point; retained as unresolved conflict by palettes.ts,W1-sequential-AI-review,resolve conflict with a cited source
W1-C0278,behzad-miniature-c2,spectral.peakWavelengthNm,551 nm (dominant 551 nm),spectral,S007,palettes.ts provenance.spectralStatus,illustrative,not-applicable,not-measured (measuredSpectra=0),not-applicable,peak equals dominant wavelength (template),W1-sequential-AI-review,keep labelled illustrative
W1-C0279,behzad-miniature-c2,historicalContextFa,تپه‌ها، صخره‌های مینیاتورهای شاهنامه طهماسبی و شاخساران نگاره‌ها,cultural-history,none-opened,-,unverified,not-checked,not-applicable,not-applicable,uncited,W1-sequential-AI-review,cite or remove
W1-C0280,behzad-miniature-c2,artMovement,مکتب تبریز دوم (صفوی),art-history,none-opened,-,unverified,not-checked,not-applicable,not-applicable,uncited attribution,W1-sequential-AI-review,cite
W1-C0281,behzad-miniature-c2,chemical.molarMass (raw; dropped by normaliser),221.12 g/mol,chemistry-arithmetic,S005;S006,molar-mass-check.out.tsv,supported,arithmetic-check,not-applicable,not-applicable,recomputed 221.12 (arithmetic consistency only; not evidence the material is present),W1-sequential-AI-review,drop from source data (already excluded from normalised output)
W1-C0282,behzad-miniature-c3,hex,#1B263B,color-value,S001;S002,no exact match in S001 or S002,designer-choice,no-modern-list-match,none-on-record (measuredSpectra=0),designer-choice,origin of value undocumented,W1-sequential-AI-review,"label as designer choice; if derived from a named-color list, say so"
W1-C0283,behzad-miniature-c3,nameEn,Night Sky Miniature Navy,naming,none,-,illustrative,evocative-label,not-applicable,designer-choice,label only,W1-sequential-AI-review,keep as label; avoid implying historical name
W1-C0284,behzad-miniature-c3,nameFa,سرمه‌ای شبرنگ نگار,naming,none,-,illustrative,evocative-label,not-applicable,designer-choice,label only,W1-sequential-AI-review,none
W1-C0285,behzad-miniature-c3,meaningFa,سرمه‌ای لاجوردی شب‌های وصال در خمسه‌نگاری,cultural-history,none-opened,-,unverified,not-checked,not-applicable,not-applicable,cultural/material assertion with no citation,W1-sequential-AI-review,hedge or cite
W1-C0286,behzad-miniature-c3,mineralogical.mineralName,Indigotin & Lazurite Complex,material,none-opened,heritage-data.ts behzad-miniature-c3.evidence.mineralogical,unverified,not-checked,no-analysis-on-record,not-applicable,material attribution uncited,W1-sequential-AI-review,cite analysis or mark as inspiration
W1-C0287,behzad-miniature-c3,mineralogical.chemicalFormula,C₁₆H₁₀N₂O₂ + Na₆Ca₂[S|AlSiO₄]₆,chemistry,S005,chemicals.identifiers.search_chemical,partially-supported,checked-against-S005,no-analysis-on-record,not-applicable,indigo part matches S005; lazurite notation as in isfahan-tiles-c1,W1-sequential-AI-review,correct or remove
W1-C0288,behzad-miniature-c3,mineralogical.casNumber,482-89-3,chemistry-identifier,S005,CAS 482-89-3,partially-supported,checked-against-S005,not-applicable,not-applicable,"S005: indigo C16H10N2O2 (CID 5318432); the record's formula also contains lazurite, which this CAS does not identify",W1-sequential-AI-review,remove or replace with the CAS RN of the named substance
W1-C0289,behzad-miniature-c3,mineralogical.historicalManuscriptRef,رسالات کهن رنگرزی سنتی و صنعتی ایران زمین,documentary-reference,none-opened,no page/folio/edition given,unverified,placeholder,not-applicable,not-applicable,"placeholder phrase (""old treatises of Iranian dyeing""): no identifiable work",W1-sequential-AI-review,remove placeholder
W1-C0290,behzad-miniature-c3,mineralogical.traditionalExtraction,استخراج سنتی از منابع گیاهی و معدنی ایران بر اساس رسالات خطی تذهیب و رنگرزی,craft-process,none-opened,-,unverified,placeholder,not-applicable,not-applicable,template sentence repeated for 60 records,W1-sequential-AI-review,cite or remove
W1-C0291,behzad-miniature-c3,mineralogical.crystalSystem,کریستالین بومی فلات ایران,mineralogy,S007,-,contradicted,type-error,not-applicable,not-applicable,value is not a crystal system (type error),W1-sequential-AI-review,remove or use a real crystal system
W1-C0292,behzad-miniature-c3,geoSpatial.originSite,Iranian Plateau Heritage Sites | فلات ایران، مراکز سنتی هنر و معماری,geography,none-opened,-,unverified,placeholder,not-applicable,not-applicable,non-specific placeholder site,W1-sequential-AI-review,name a specific site or remove
W1-C0293,behzad-miniature-c3,geoSpatial.coordinates,"33.4279,54.288000000000004,1400",geography,S007,analyze-data.out.json syntheticPlateauPattern,contradicted,synthetic-value,not-applicable,not-applicable,"synthetic: lat = 32.4279 + 0.5*i, lng = 53.688 + 0.3*i, alt 1400; the same six points are reused by 10 palettes regardless of region (Gulf, Caspian, Khorasan, Shiraz); conflicting legacy geo 34.329,62.193 is 736.41 km away",W1-sequential-AI-review,remove or replace with sourced coordinates
W1-C0294,behzad-miniature-c3,geoSpatial.unescoHeritageRef,ثبت میراث فرهنگی ملموس و ناملموس یونسکو,heritage-designation,none-opened,-,unverified,placeholder,not-applicable,not-applicable,non-specific or not checkable,W1-sequential-AI-review,remove generic UNESCO wording
W1-C0295,behzad-miniature-c3,geo (legacy alternative) latitude/longitude + unescoSiteId,"کتابخانه سلطنتی هرات و دارالسلطنه هرات | 34.329,62.193,920 | Herat Citadel Matrix",geography,none-opened,-,unverified,not-checked,not-applicable,not-applicable,"alternative record ""Herat Citadel Matrix"" not an identifiable WHC property in S003; retained as unresolved conflict by palettes.ts",W1-sequential-AI-review,resolve conflict with a cited source
W1-C0296,behzad-miniature-c3,spectral.peakWavelengthNm,449 nm (dominant 449 nm),spectral,S007,palettes.ts provenance.spectralStatus,illustrative,not-applicable,not-measured (measuredSpectra=0),not-applicable,peak equals dominant wavelength (template),W1-sequential-AI-review,keep labelled illustrative
W1-C0297,behzad-miniature-c3,historicalContextFa,آسمان پرستاره و شب‌های عشاق در نگاره‌های خسرو و شیرین نظامی,cultural-history,none-opened,-,unverified,not-checked,not-applicable,not-applicable,uncited,W1-sequential-AI-review,cite or remove
W1-C0298,behzad-miniature-c3,artMovement,خمسه‌نگاری تیموری و مکتب بهزاد,art-history,none-opened,-,unverified,not-checked,not-applicable,not-applicable,uncited attribution,W1-sequential-AI-review,cite
W1-C0299,behzad-miniature-c3,chemical.molarMass (raw; dropped by normaliser),262.26 g/mol,chemistry-arithmetic,S005;S006,molar-mass-check.out.tsv,partially-supported,arithmetic-check,not-applicable,not-applicable,262.26 is indigo only; formula is a mixture (arithmetic consistency only; not evidence the material is present),W1-sequential-AI-review,drop from source data (already excluded from normalised output)
W1-C0300,behzad-miniature-c4,hex,#701C1C,color-value,S002,"S002 ""Persian Plum"" / ""Prune""",designer-choice,exact-match-in-modern-color-list,none-on-record (measuredSpectra=0),designer-choice,HEX identical to a modern named-color list entry; suggests digital-list origin rather than material measurement,W1-sequential-AI-review,"label as designer choice; if derived from a named-color list, say so"
W1-C0301,behzad-miniature-c4,nameEn,Persian Plum,naming,S002,"S002 ""Persian Plum"" / ""Prune""",partially-supported,pair-found-in-modern-list,not-applicable,designer-choice,modern list entry is not evidence of historical use,W1-sequential-AI-review,keep as label; avoid implying historical name
W1-C0302,behzad-miniature-c4,nameFa,شاه‌توت شاه‌عباسی (Persian Plum),naming,none,-,illustrative,evocative-label,not-applicable,designer-choice,label only,W1-sequential-AI-review,none
W1-C0303,behzad-miniature-c4,meaningFa,استاندارد جهانی عنابی ایرانی مکتب صفوی,cultural-history,S002,HEX lookup,unverified,checked-against-S002,not-applicable,not-applicable,"""world standard""; #701C1C equals ""Persian Plum"" in S002 (modern list)",W1-sequential-AI-review,hedge or cite
W1-C0304,behzad-miniature-c4,mineralogical.mineralName,Carmine Acid Complex,material,none-opened,heritage-data.ts behzad-miniature-c4.evidence.mineralogical,unverified,not-checked,no-analysis-on-record,not-applicable,material attribution uncited,W1-sequential-AI-review,cite analysis or mark as inspiration
W1-C0305,behzad-miniature-c4,mineralogical.chemicalFormula,C₂₂H₂₀O₁₃,chemistry,S005,chemicals.identifiers.search_chemical,supported,checked-against-S005,no-analysis-on-record,not-applicable,S005 carminic acid C22H20O13 (formula only),W1-sequential-AI-review,"keep formula but label as reference formula of the named material, not an analysis of this colour"
W1-C0306,behzad-miniature-c4,mineralogical.casNumber,1260-15-5,chemistry-identifier,S005;S006,CAS 1260-15-5,contradicted,checked-against-S005,not-applicable,not-applicable,fails the CAS check-digit test (computed check digit 7); S005 gives carminic acid as 1260-17-9,W1-sequential-AI-review,remove or replace with the CAS RN of the named substance
W1-C0307,behzad-miniature-c4,mineralogical.historicalManuscriptRef,رسالات کهن رنگرزی سنتی و صنعتی ایران زمین,documentary-reference,none-opened,no page/folio/edition given,unverified,placeholder,not-applicable,not-applicable,"placeholder phrase (""old treatises of Iranian dyeing""): no identifiable work",W1-sequential-AI-review,remove placeholder
W1-C0308,behzad-miniature-c4,mineralogical.traditionalExtraction,استخراج سنتی از منابع گیاهی و معدنی ایران بر اساس رسالات خطی تذهیب و رنگرزی,craft-process,none-opened,-,unverified,placeholder,not-applicable,not-applicable,template sentence repeated for 60 records,W1-sequential-AI-review,cite or remove
W1-C0309,behzad-miniature-c4,mineralogical.crystalSystem,کریستالین بومی فلات ایران,mineralogy,S007,-,contradicted,type-error,not-applicable,not-applicable,value is not a crystal system (type error),W1-sequential-AI-review,remove or use a real crystal system
W1-C0310,behzad-miniature-c4,geoSpatial.originSite,Iranian Plateau Heritage Sites | فلات ایران، مراکز سنتی هنر و معماری,geography,none-opened,-,unverified,placeholder,not-applicable,not-applicable,non-specific placeholder site,W1-sequential-AI-review,name a specific site or remove
W1-C0311,behzad-miniature-c4,geoSpatial.coordinates,"33.9279,54.588,1400",geography,S007,analyze-data.out.json syntheticPlateauPattern,contradicted,synthetic-value,not-applicable,not-applicable,"synthetic: lat = 32.4279 + 0.5*i, lng = 53.688 + 0.3*i, alt 1400; the same six points are reused by 10 palettes regardless of region (Gulf, Caspian, Khorasan, Shiraz); conflicting legacy geo 32.657,51.677 is 305.23 km away",W1-sequential-AI-review,remove or replace with sourced coordinates
W1-C0312,behzad-miniature-c4,geoSpatial.unescoHeritageRef,ثبت میراث فرهنگی ملموس و ناملموس یونسکو,heritage-designation,none-opened,-,unverified,placeholder,not-applicable,not-applicable,non-specific or not checkable,W1-sequential-AI-review,remove generic UNESCO wording
W1-C0313,behzad-miniature-c4,geo (legacy alternative) latitude/longitude + unescoSiteId,"کارگاه‌های صباغی و نگارگری اصفهان صفوی | 32.657,51.677,1574 | UNESCO Ref: 115",geography,S003,ref_no 115,partially-supported,checked-against-S003,not-applicable,not-applicable,"0.09 km from WHC 115 (Meidan Emam, Esfahan) reference point; retained as unresolved conflict by palettes.ts",W1-sequential-AI-review,resolve conflict with a cited source
W1-C0314,behzad-miniature-c4,spectral.peakWavelengthNm,626 nm (dominant 626 nm),spectral,S007,palettes.ts provenance.spectralStatus,illustrative,not-applicable,not-measured (measuredSpectra=0),not-applicable,peak equals dominant wavelength (template),W1-sequential-AI-review,keep labelled illustrative
W1-C0315,behzad-miniature-c4,historicalContextFa,لباده‌های فاخر شاهان و درباریان در مجالس بزم و بارعام صفوی,cultural-history,none-opened,-,unverified,not-checked,not-applicable,not-applicable,Safavid Isfahan/Reza Abbasi context inside a Behzad (Timurid Herat) palette,W1-sequential-AI-review,cite or remove
W1-C0316,behzad-miniature-c4,artMovement,مکتب اصفهان صفوی و نگاره‌های رضا عباسی,art-history,none-opened,-,unverified,not-checked,not-applicable,not-applicable,uncited attribution,W1-sequential-AI-review,cite
W1-C0317,behzad-miniature-c4,chemical.molarMass (raw; dropped by normaliser),492.39 g/mol,chemistry-arithmetic,S005;S006,molar-mass-check.out.tsv,supported,arithmetic-check,not-applicable,not-applicable,recomputed 492.39 (arithmetic consistency only; not evidence the material is present),W1-sequential-AI-review,drop from source data (already excluded from normalised output)
W1-C0318,behzad-miniature-c5,hex,#F6BD60,color-value,S001;S002,no exact match in S001 or S002,designer-choice,no-modern-list-match,none-on-record (measuredSpectra=0),designer-choice,origin of value undocumented,W1-sequential-AI-review,"label as designer choice; if derived from a named-color list, say so"
W1-C0319,behzad-miniature-c5,nameEn,Illuminated Leaf Gold,naming,none,-,illustrative,evocative-label,not-applicable,designer-choice,label only,W1-sequential-AI-review,keep as label; avoid implying historical name
W1-C0320,behzad-miniature-c5,nameFa,طلای حل‌کاری,naming,none,-,illustrative,evocative-label,not-applicable,designer-choice,label only,W1-sequential-AI-review,none
W1-C0321,behzad-miniature-c5,meaningFa,ترکیب براده‌های طلا با صمغ عربی در تشعیر,cultural-history,none-opened,-,unverified,not-checked,not-applicable,not-applicable,cultural/material assertion with no citation,W1-sequential-AI-review,hedge or cite
W1-C0322,behzad-miniature-c5,mineralogical.mineralName,Gold & Acacia Gum Polysaccharide,material,none-opened,heritage-data.ts behzad-miniature-c5.evidence.mineralogical,unverified,not-checked,no-analysis-on-record,not-applicable,material attribution uncited,W1-sequential-AI-review,cite analysis or mark as inspiration
W1-C0323,behzad-miniature-c5,mineralogical.chemicalFormula,Au + Complex Polysaccharides,chemistry,S004,RRUFF_Export.csv row by mineral name,partially-supported,checked-against-S004,no-analysis-on-record,not-applicable,"Au matches S004 gold; ""Complex Polysaccharides"" is not a formula",W1-sequential-AI-review,correct or remove
W1-C0324,behzad-miniature-c5,mineralogical.casNumber,9000-01-5,chemistry-identifier,S005,CAS 9000-01-5,unverified,not-found-in-S005,not-applicable,not-applicable,"check digit valid; not present in S005; stated formula includes gold, which a binder CAS cannot identify",W1-sequential-AI-review,remove or replace with the CAS RN of the named substance
W1-C0325,behzad-miniature-c5,mineralogical.historicalManuscriptRef,رسالات کهن رنگرزی سنتی و صنعتی ایران زمین,documentary-reference,none-opened,no page/folio/edition given,unverified,placeholder,not-applicable,not-applicable,"placeholder phrase (""old treatises of Iranian dyeing""): no identifiable work",W1-sequential-AI-review,remove placeholder
W1-C0326,behzad-miniature-c5,mineralogical.traditionalExtraction,استخراج سنتی از منابع گیاهی و معدنی ایران بر اساس رسالات خطی تذهیب و رنگرزی,craft-process,none-opened,-,unverified,placeholder,not-applicable,not-applicable,template sentence repeated for 60 records,W1-sequential-AI-review,cite or remove
W1-C0327,behzad-miniature-c5,mineralogical.crystalSystem,کریستالین بومی فلات ایران,mineralogy,S007,-,contradicted,type-error,not-applicable,not-applicable,value is not a crystal system (type error),W1-sequential-AI-review,remove or use a real crystal system
W1-C0328,behzad-miniature-c5,geoSpatial.originSite,Iranian Plateau Heritage Sites | فلات ایران، مراکز سنتی هنر و معماری,geography,none-opened,-,unverified,placeholder,not-applicable,not-applicable,non-specific placeholder site,W1-sequential-AI-review,name a specific site or remove
W1-C0329,behzad-miniature-c5,geoSpatial.coordinates,"34.4279,54.888000000000005,1400",geography,S007,analyze-data.out.json syntheticPlateauPattern,contradicted,synthetic-value,not-applicable,not-applicable,"synthetic: lat = 32.4279 + 0.5*i, lng = 53.688 + 0.3*i, alt 1400; the same six points are reused by 10 palettes regardless of region (Gulf, Caspian, Khorasan, Shiraz); conflicting legacy geo 36.2878,59.6155 is 475.91 km away",W1-sequential-AI-review,remove or replace with sourced coordinates
W1-C0330,behzad-miniature-c5,geoSpatial.unescoHeritageRef,ثبت میراث فرهنگی ملموس و ناملموس یونسکو,heritage-designation,none-opened,-,unverified,placeholder,not-applicable,not-applicable,non-specific or not checkable,W1-sequential-AI-review,remove generic UNESCO wording
W1-C0331,behzad-miniature-c5,geo (legacy alternative) latitude/longitude + unescoSiteId,"کتابخانه آستان قدس رضوی، مشهد | 36.2878,59.6155,985 | Imam Reza Holy Shrine",geography,none-opened,-,unverified,not-checked,not-applicable,not-applicable,"alternative record ""Imam Reza Holy Shrine"" not an identifiable WHC property in S003; retained as unresolved conflict by palettes.ts",W1-sequential-AI-review,resolve conflict with a cited source
W1-C0332,behzad-miniature-c5,spectral.peakWavelengthNm,591 nm (dominant 591 nm),spectral,S007,palettes.ts provenance.spectralStatus,illustrative,not-applicable,not-measured (measuredSpectra=0),not-applicable,peak equals dominant wavelength (template),W1-sequential-AI-review,keep labelled illustrative
W1-C0333,behzad-miniature-c5,historicalContextFa,ابرهای سیمرغ چینی‌مآب و تشعیر حواشی قرآن‌ها و مرقعات نفیس,cultural-history,none-opened,-,unverified,not-checked,not-applicable,not-applicable,uncited,W1-sequential-AI-review,cite or remove
W1-C0334,behzad-miniature-c5,artMovement,تذهیب، تشعیر و کتاب‌آرایی کهن,art-history,none-opened,-,unverified,not-checked,not-applicable,not-applicable,uncited attribution,W1-sequential-AI-review,cite
W1-C0335,behzad-miniature-c5,chemical.molarMass (raw; dropped by normaliser),196.97 g/mol,chemistry-arithmetic,S005;S006,molar-mass-check.out.tsv,partially-supported,arithmetic-check,not-applicable,not-applicable,196.97 is gold only (arithmetic consistency only; not evidence the material is present),W1-sequential-AI-review,drop from source data (already excluded from normalised output)
W1-C0336,behzad-miniature-c6,hex,#FAF3E0,color-value,S001;S002,no exact match in S001 or S002,designer-choice,no-modern-list-match,none-on-record (measuredSpectra=0),designer-choice,origin of value undocumented,W1-sequential-AI-review,"label as designer choice; if derived from a named-color list, say so"
W1-C0337,behzad-miniature-c6,nameEn,Samarkand Silk Paper,naming,none,-,illustrative,evocative-label,not-applicable,designer-choice,label only,W1-sequential-AI-review,keep as label; avoid implying historical name
W1-C0338,behzad-miniature-c6,nameFa,کاغذ سمرقندی,naming,none,-,illustrative,evocative-label,not-applicable,designer-choice,label only,W1-sequential-AI-review,none
W1-C0339,behzad-miniature-c6,meaningFa,کاغذ دست‌ساز کتان و ابریشم صیقل‌خورده با عقیق,cultural-history,none-opened,-,unverified,not-checked,not-applicable,not-applicable,cultural/material assertion with no citation,W1-sequential-AI-review,hedge or cite
W1-C0340,behzad-miniature-c6,mineralogical.mineralName,Cellulose & Amylose Matrix,material,none-opened,heritage-data.ts behzad-miniature-c6.evidence.mineralogical,unverified,not-checked,no-analysis-on-record,not-applicable,material attribution uncited,W1-sequential-AI-review,cite analysis or mark as inspiration
W1-C0341,behzad-miniature-c6,mineralogical.chemicalFormula,(C₆H₁₀O₅)ₙ,chemistry,none-opened,-,unverified,not-checked,no-analysis-on-record,not-applicable,(C6H10O5)n cellulose repeat unit is textbook but no opened source,W1-sequential-AI-review,correct or remove
W1-C0342,behzad-miniature-c6,mineralogical.casNumber,9004-34-6,chemistry-identifier,S005,CAS 9004-34-6,unverified,not-found-in-S005,not-applicable,not-applicable,check digit valid; not present in S005,W1-sequential-AI-review,remove or replace with the CAS RN of the named substance
W1-C0343,behzad-miniature-c6,mineralogical.historicalManuscriptRef,رسالات کهن رنگرزی سنتی و صنعتی ایران زمین,documentary-reference,none-opened,no page/folio/edition given,unverified,placeholder,not-applicable,not-applicable,"placeholder phrase (""old treatises of Iranian dyeing""): no identifiable work",W1-sequential-AI-review,remove placeholder
W1-C0344,behzad-miniature-c6,mineralogical.traditionalExtraction,استخراج سنتی از منابع گیاهی و معدنی ایران بر اساس رسالات خطی تذهیب و رنگرزی,craft-process,none-opened,-,unverified,placeholder,not-applicable,not-applicable,template sentence repeated for 60 records,W1-sequential-AI-review,cite or remove
W1-C0345,behzad-miniature-c6,mineralogical.crystalSystem,کریستالین بومی فلات ایران,mineralogy,S007,-,contradicted,type-error,not-applicable,not-applicable,value is not a crystal system (type error),W1-sequential-AI-review,remove or use a real crystal system
W1-C0346,behzad-miniature-c6,geoSpatial.originSite,Iranian Plateau Heritage Sites | فلات ایران، مراکز سنتی هنر و معماری,geography,none-opened,-,unverified,placeholder,not-applicable,not-applicable,non-specific placeholder site,W1-sequential-AI-review,name a specific site or remove
W1-C0347,behzad-miniature-c6,geoSpatial.coordinates,"34.9279,55.188,1400",geography,S007,analyze-data.out.json syntheticPlateauPattern,contradicted,synthetic-value,not-applicable,not-applicable,"synthetic: lat = 32.4279 + 0.5*i, lng = 53.688 + 0.3*i, alt 1400; the same six points are reused by 10 palettes regardless of region (Gulf, Caspian, Khorasan, Shiraz); conflicting legacy geo 39.6542,66.9597 is 1165.14 km away",W1-sequential-AI-review,remove or replace with sourced coordinates
W1-C0348,behzad-miniature-c6,geoSpatial.unescoHeritageRef,ثبت میراث فرهنگی ملموس و ناملموس یونسکو,heritage-designation,none-opened,-,unverified,placeholder,not-applicable,not-applicable,non-specific or not checkable,W1-sequential-AI-review,remove generic UNESCO wording
W1-C0349,behzad-miniature-c6,geo (legacy alternative) latitude/longitude + unescoSiteId,"کارگاه‌های کاغذسازی سمرقند و هرات | 39.6542,66.9597,710 | Samarkand - Crossroad of Cultures",geography,S003,ref_no 603,partially-supported,checked-against-S003,not-applicable,not-applicable,3.80 km from WHC 603 (Samarkand - Crossroad of Cultures) reference point; retained as unresolved conflict by palettes.ts,W1-sequential-AI-review,resolve conflict with a cited source
W1-C0350,behzad-miniature-c6,spectral.peakWavelengthNm,607 nm (dominant 607 nm),spectral,S007,palettes.ts provenance.spectralStatus,illustrative,not-applicable,not-measured (measuredSpectra=0),not-applicable,peak equals dominant wavelength (template),W1-sequential-AI-review,keep labelled illustrative
W1-C0351,behzad-miniature-c6,historicalContextFa,بستر صیقل‌خورده با عقیق کاغذ سمرقندی برای نگارگری ظریف,cultural-history,none-opened,-,unverified,not-checked,not-applicable,not-applicable,uncited,W1-sequential-AI-review,cite or remove
W1-C0352,behzad-miniature-c6,artMovement,نسخه‌نویسی و کتاب‌آرایی کلاسیک,art-history,none-opened,-,unverified,not-checked,not-applicable,not-applicable,uncited attribution,W1-sequential-AI-review,cite
W1-C0353,behzad-miniature-c6,chemical.molarMass (raw; dropped by normaliser),162.14 g/mol,chemistry-arithmetic,S005;S006,molar-mass-check.out.tsv,partially-supported,arithmetic-check,not-applicable,not-applicable,162.14 is the anhydroglucose repeat unit of a polymer (arithmetic consistency only; not evidence the material is present),W1-sequential-AI-review,drop from source data (already excluded from normalised output)
W1-C0354,nomadic-rugs-c1,hex,#A81C07,color-value,S002,"S002 ""Rufous""",designer-choice,exact-match-in-modern-color-list,none-on-record (measuredSpectra=0),designer-choice,HEX identical to a modern named-color list entry; suggests digital-list origin rather than material measurement,W1-sequential-AI-review,"label as designer choice; if derived from a named-color list, say so"
W1-C0355,nomadic-rugs-c1,nameEn,Madder Root Red,naming,S002,"S002 ""Rufous""",illustrative,pair-found-in-modern-list,not-applicable,designer-choice,modern list entry is not evidence of historical use,W1-sequential-AI-review,keep as label; avoid implying historical name
W1-C0356,nomadic-rugs-c1,nameFa,قرمز روناسی ناب (Madder Root),naming,none,-,unverified,authenticity-adjective-unsupported,not-applicable,designer-choice,"name asserts authenticity/purity (""اصیل""/""ناب"")",W1-sequential-AI-review,drop authenticity adjective
W1-C0357,nomadic-rugs-c1,meaningFa,رنگ قرمز عمیق حاصل از گیاه روناس با دندانه‌دادن سنتی,cultural-history,none-opened,-,unverified,not-checked,not-applicable,not-applicable,cultural/material assertion with no citation,W1-sequential-AI-review,hedge or cite
W1-C0358,nomadic-rugs-c1,mineralogical.mineralName,Persian Historical Pigment (Madder Root Red),material,none-opened,heritage-data.ts nomadic-rugs-c1.evidence.mineralogical,unverified,placeholder,no-analysis-on-record,not-applicable,"template ""Persian Historical Pigment (<name>)"": no pigment identification",W1-sequential-AI-review,"replace template with ""unknown"" or remove"
W1-C0359,nomadic-rugs-c1,mineralogical.chemicalFormula,Natural Organic / Mineral Complex (Matrix #A81C07),chemistry,S007,-,contradicted,placeholder,no-analysis-on-record,not-applicable,"template ""Natural Organic / Mineral Complex (Matrix #HEX)"" embeds the HEX value; not a chemical formula",W1-sequential-AI-review,correct or remove
W1-C0360,nomadic-rugs-c1,mineralogical.casNumber,7732-18-5 (Authentic Historical Specimen),chemistry-identifier,S005,CAS 7732-18-5,contradicted,checked-against-S005,not-applicable,not-applicable,"S005: 7732-18-5 = water, H2O (PubChem CID 962); labelled ""(Authentic Historical Specimen)""",W1-sequential-AI-review,remove or replace with the CAS RN of the named substance
W1-C0361,nomadic-rugs-c1,mineralogical.historicalManuscriptRef,رسالات کهن رنگرزی سنتی و صنعتی ایران زمین,documentary-reference,none-opened,no page/folio/edition given,unverified,placeholder,not-applicable,not-applicable,"placeholder phrase (""old treatises of Iranian dyeing""): no identifiable work",W1-sequential-AI-review,remove placeholder
W1-C0362,nomadic-rugs-c1,mineralogical.traditionalExtraction,استخراج سنتی از منابع گیاهی و معدنی ایران بر اساس رسالات خطی تذهیب و رنگرزی,craft-process,none-opened,-,unverified,placeholder,not-applicable,not-applicable,template sentence repeated for 60 records,W1-sequential-AI-review,cite or remove
W1-C0363,nomadic-rugs-c1,mineralogical.crystalSystem,کریستالین بومی فلات ایران,mineralogy,S007,-,contradicted,type-error,not-applicable,not-applicable,value is not a crystal system (type error),W1-sequential-AI-review,remove or use a real crystal system
W1-C0364,nomadic-rugs-c1,geoSpatial.originSite,Iranian Plateau Heritage Sites | فلات ایران، مراکز سنتی هنر و معماری,geography,none-opened,-,unverified,placeholder,not-applicable,not-applicable,non-specific placeholder site,W1-sequential-AI-review,name a specific site or remove
W1-C0365,nomadic-rugs-c1,geoSpatial.coordinates,"32.4279,53.688,1400",geography,S007,analyze-data.out.json syntheticPlateauPattern,contradicted,synthetic-value,not-applicable,not-applicable,"synthetic: lat = 32.4279 + 0.5*i, lng = 53.688 + 0.3*i, alt 1400; the same six points are reused by 10 palettes regardless of region (Gulf, Caspian, Khorasan, Shiraz)",W1-sequential-AI-review,remove or replace with sourced coordinates
W1-C0366,nomadic-rugs-c1,geoSpatial.unescoHeritageRef,ثبت میراث فرهنگی ملموس و ناملموس یونسکو,heritage-designation,none-opened,-,unverified,placeholder,not-applicable,not-applicable,non-specific or not checkable,W1-sequential-AI-review,remove generic UNESCO wording
W1-C0367,nomadic-rugs-c1,spectral.peakWavelengthNm,638 nm (dominant 638 nm),spectral,S007,palettes.ts provenance.spectralStatus,illustrative,not-applicable,not-measured (measuredSpectra=0),not-applicable,peak equals dominant wavelength (template),W1-sequential-AI-review,keep labelled illustrative
W1-C0368,nomadic-rugs-c1,historicalContextFa,رنگ قرمز عمیق حاصل از گیاه روناس با دندانه‌دادن سنتی,cultural-history,none-opened,-,unverified,duplicate-of-meaningFa,not-applicable,not-applicable,"copy of meaningFa, not independent context",W1-sequential-AI-review,cite or remove
W1-C0369,nomadic-rugs-c1,artMovement,دستبافته‌ها و قالی قشقایی و بختیاری,art-history,none-opened,-,unverified,duplicate-of-palette-name,not-applicable,not-applicable,"copy of palette nameFa, not a movement",W1-sequential-AI-review,remove or replace
W1-C0370,nomadic-rugs-c1,chemical.molarMass (raw; dropped by normaliser),Calculated Complex,chemistry-arithmetic,none,-,unverified,placeholder,not-applicable,not-applicable,"not a value (""Calculated Complex"") (arithmetic consistency only; not evidence the material is present)",W1-sequential-AI-review,drop from source data (already excluded from normalised output)
W1-C0371,nomadic-rugs-c2,hex,#540B0E,color-value,S001;S002,no exact match in S001 or S002,designer-choice,no-modern-list-match,none-on-record (measuredSpectra=0),designer-choice,origin of value undocumented,W1-sequential-AI-review,"label as designer choice; if derived from a named-color list, say so"
W1-C0372,nomadic-rugs-c2,nameEn,Persian Crimson Lacquer,naming,none,-,illustrative,evocative-label,not-applicable,designer-choice,label only,W1-sequential-AI-review,keep as label; avoid implying historical name
W1-C0373,nomadic-rugs-c2,nameFa,لاکی شاه‌عباسی,naming,none,-,illustrative,evocative-label,not-applicable,designer-choice,label only,W1-sequential-AI-review,none
W1-C0374,nomadic-rugs-c2,meaningFa,قرمزدانه و حشره لاکی با دوام سده‌ها در تار و پود,cultural-history,none-opened,-,unverified,not-checked,not-applicable,not-applicable,cultural/material assertion with no citation,W1-sequential-AI-review,hedge or cite
W1-C0375,nomadic-rugs-c2,mineralogical.mineralName,Persian Historical Pigment (Persian Crimson Lacquer),material,none-opened,heritage-data.ts nomadic-rugs-c2.evidence.mineralogical,unverified,placeholder,no-analysis-on-record,not-applicable,"template ""Persian Historical Pigment (<name>)"": no pigment identification",W1-sequential-AI-review,"replace template with ""unknown"" or remove"
W1-C0376,nomadic-rugs-c2,mineralogical.chemicalFormula,Natural Organic / Mineral Complex (Matrix #540B0E),chemistry,S007,-,contradicted,placeholder,no-analysis-on-record,not-applicable,"template ""Natural Organic / Mineral Complex (Matrix #HEX)"" embeds the HEX value; not a chemical formula",W1-sequential-AI-review,correct or remove
W1-C0377,nomadic-rugs-c2,mineralogical.casNumber,7732-18-5 (Authentic Historical Specimen),chemistry-identifier,S005,CAS 7732-18-5,contradicted,checked-against-S005,not-applicable,not-applicable,"S005: 7732-18-5 = water, H2O (PubChem CID 962); labelled ""(Authentic Historical Specimen)""",W1-sequential-AI-review,remove or replace with the CAS RN of the named substance
W1-C0378,nomadic-rugs-c2,mineralogical.historicalManuscriptRef,رسالات کهن رنگرزی سنتی و صنعتی ایران زمین,documentary-reference,none-opened,no page/folio/edition given,unverified,placeholder,not-applicable,not-applicable,"placeholder phrase (""old treatises of Iranian dyeing""): no identifiable work",W1-sequential-AI-review,remove placeholder
W1-C0379,nomadic-rugs-c2,mineralogical.traditionalExtraction,استخراج سنتی از منابع گیاهی و معدنی ایران بر اساس رسالات خطی تذهیب و رنگرزی,craft-process,none-opened,-,unverified,placeholder,not-applicable,not-applicable,template sentence repeated for 60 records,W1-sequential-AI-review,cite or remove
W1-C0380,nomadic-rugs-c2,mineralogical.crystalSystem,کریستالین بومی فلات ایران,mineralogy,S007,-,contradicted,type-error,not-applicable,not-applicable,value is not a crystal system (type error),W1-sequential-AI-review,remove or use a real crystal system
W1-C0381,nomadic-rugs-c2,geoSpatial.originSite,Iranian Plateau Heritage Sites | فلات ایران، مراکز سنتی هنر و معماری,geography,none-opened,-,unverified,placeholder,not-applicable,not-applicable,non-specific placeholder site,W1-sequential-AI-review,name a specific site or remove
W1-C0382,nomadic-rugs-c2,geoSpatial.coordinates,"32.9279,53.988,1400",geography,S007,analyze-data.out.json syntheticPlateauPattern,contradicted,synthetic-value,not-applicable,not-applicable,"synthetic: lat = 32.4279 + 0.5*i, lng = 53.688 + 0.3*i, alt 1400; the same six points are reused by 10 palettes regardless of region (Gulf, Caspian, Khorasan, Shiraz)",W1-sequential-AI-review,remove or replace with sourced coordinates
W1-C0383,nomadic-rugs-c2,geoSpatial.unescoHeritageRef,ثبت میراث فرهنگی ملموس و ناملموس یونسکو,heritage-designation,none-opened,-,unverified,placeholder,not-applicable,not-applicable,non-specific or not checkable,W1-sequential-AI-review,remove generic UNESCO wording
W1-C0384,nomadic-rugs-c2,spectral.peakWavelengthNm,624 nm (dominant 624 nm),spectral,S007,palettes.ts provenance.spectralStatus,illustrative,not-applicable,not-measured (measuredSpectra=0),not-applicable,peak equals dominant wavelength (template),W1-sequential-AI-review,keep labelled illustrative
W1-C0385,nomadic-rugs-c2,historicalContextFa,قرمزدانه و حشره لاکی با دوام سده‌ها در تار و پود,cultural-history,none-opened,-,unverified,duplicate-of-meaningFa,not-applicable,not-applicable,"copy of meaningFa, not independent context",W1-sequential-AI-review,cite or remove
W1-C0386,nomadic-rugs-c2,artMovement,دستبافته‌ها و قالی قشقایی و بختیاری,art-history,none-opened,-,unverified,duplicate-of-palette-name,not-applicable,not-applicable,"copy of palette nameFa, not a movement",W1-sequential-AI-review,remove or replace
W1-C0387,nomadic-rugs-c2,chemical.molarMass (raw; dropped by normaliser),Calculated Complex,chemistry-arithmetic,none,-,unverified,placeholder,not-applicable,not-applicable,"not a value (""Calculated Complex"") (arithmetic consistency only; not evidence the material is present)",W1-sequential-AI-review,drop from source data (already excluded from normalised output)
W1-C0388,nomadic-rugs-c3,hex,#D99058,color-value,S002,"S002 ""Persian Orange""",designer-choice,exact-match-in-modern-color-list,none-on-record (measuredSpectra=0),designer-choice,HEX identical to a modern named-color list entry; suggests digital-list origin rather than material measurement,W1-sequential-AI-review,"label as designer choice; if derived from a named-color list, say so"
W1-C0389,nomadic-rugs-c3,nameEn,Persian Orange,naming,S002,"S002 ""Persian Orange""",partially-supported,pair-found-in-modern-list,not-applicable,designer-choice,modern list entry is not evidence of historical use,W1-sequential-AI-review,keep as label; avoid implying historical name
W1-C0390,nomadic-rugs-c3,nameFa,حنایی افشاری (Persian Orange),naming,none,-,illustrative,evocative-label,not-applicable,designer-choice,label only,W1-sequential-AI-review,none
W1-C0391,nomadic-rugs-c3,meaningFa,نارنجی متمایل به سفالی استاندارد با برگ‌های حنا,cultural-history,none-opened,-,unverified,not-checked,not-applicable,not-applicable,cultural/material assertion with no citation,W1-sequential-AI-review,hedge or cite
W1-C0392,nomadic-rugs-c3,mineralogical.mineralName,Persian Historical Pigment (Persian Orange),material,none-opened,heritage-data.ts nomadic-rugs-c3.evidence.mineralogical,unverified,placeholder,no-analysis-on-record,not-applicable,"template ""Persian Historical Pigment (<name>)"": no pigment identification",W1-sequential-AI-review,"replace template with ""unknown"" or remove"
W1-C0393,nomadic-rugs-c3,mineralogical.chemicalFormula,Natural Organic / Mineral Complex (Matrix #D99058),chemistry,S007,-,contradicted,placeholder,no-analysis-on-record,not-applicable,"template ""Natural Organic / Mineral Complex (Matrix #HEX)"" embeds the HEX value; not a chemical formula",W1-sequential-AI-review,correct or remove
W1-C0394,nomadic-rugs-c3,mineralogical.casNumber,7732-18-5 (Authentic Historical Specimen),chemistry-identifier,S005,CAS 7732-18-5,contradicted,checked-against-S005,not-applicable,not-applicable,"S005: 7732-18-5 = water, H2O (PubChem CID 962); labelled ""(Authentic Historical Specimen)""",W1-sequential-AI-review,remove or replace with the CAS RN of the named substance
W1-C0395,nomadic-rugs-c3,mineralogical.historicalManuscriptRef,رسالات کهن رنگرزی سنتی و صنعتی ایران زمین,documentary-reference,none-opened,no page/folio/edition given,unverified,placeholder,not-applicable,not-applicable,"placeholder phrase (""old treatises of Iranian dyeing""): no identifiable work",W1-sequential-AI-review,remove placeholder
W1-C0396,nomadic-rugs-c3,mineralogical.traditionalExtraction,استخراج سنتی از منابع گیاهی و معدنی ایران بر اساس رسالات خطی تذهیب و رنگرزی,craft-process,none-opened,-,unverified,placeholder,not-applicable,not-applicable,template sentence repeated for 60 records,W1-sequential-AI-review,cite or remove
W1-C0397,nomadic-rugs-c3,mineralogical.crystalSystem,کریستالین بومی فلات ایران,mineralogy,S007,-,contradicted,type-error,not-applicable,not-applicable,value is not a crystal system (type error),W1-sequential-AI-review,remove or use a real crystal system
W1-C0398,nomadic-rugs-c3,geoSpatial.originSite,Iranian Plateau Heritage Sites | فلات ایران، مراکز سنتی هنر و معماری,geography,none-opened,-,unverified,placeholder,not-applicable,not-applicable,non-specific placeholder site,W1-sequential-AI-review,name a specific site or remove
W1-C0399,nomadic-rugs-c3,geoSpatial.coordinates,"33.4279,54.288000000000004,1400",geography,S007,analyze-data.out.json syntheticPlateauPattern,contradicted,synthetic-value,not-applicable,not-applicable,"synthetic: lat = 32.4279 + 0.5*i, lng = 53.688 + 0.3*i, alt 1400; the same six points are reused by 10 palettes regardless of region (Gulf, Caspian, Khorasan, Shiraz)",W1-sequential-AI-review,remove or replace with sourced coordinates
W1-C0400,nomadic-rugs-c3,geoSpatial.unescoHeritageRef,ثبت میراث فرهنگی ملموس و ناملموس یونسکو,heritage-designation,none-opened,-,unverified,placeholder,not-applicable,not-applicable,non-specific or not checkable,W1-sequential-AI-review,remove generic UNESCO wording
W1-C0401,nomadic-rugs-c3,spectral.peakWavelengthNm,624 nm (dominant 624 nm),spectral,S007,palettes.ts provenance.spectralStatus,illustrative,not-applicable,not-measured (measuredSpectra=0),not-applicable,peak equals dominant wavelength (template),W1-sequential-AI-review,keep labelled illustrative
W1-C0402,nomadic-rugs-c3,historicalContextFa,نارنجی متمایل به سفالی استاندارد با برگ‌های حنا,cultural-history,none-opened,-,unverified,duplicate-of-meaningFa,not-applicable,not-applicable,"copy of meaningFa, not independent context",W1-sequential-AI-review,cite or remove
W1-C0403,nomadic-rugs-c3,artMovement,دستبافته‌ها و قالی قشقایی و بختیاری,art-history,none-opened,-,unverified,duplicate-of-palette-name,not-applicable,not-applicable,"copy of palette nameFa, not a movement",W1-sequential-AI-review,remove or replace
W1-C0404,nomadic-rugs-c3,chemical.molarMass (raw; dropped by normaliser),Calculated Complex,chemistry-arithmetic,none,-,unverified,placeholder,not-applicable,not-applicable,"not a value (""Calculated Complex"") (arithmetic consistency only; not evidence the material is present)",W1-sequential-AI-review,drop from source data (already excluded from normalised output)
W1-C0405,nomadic-rugs-c4,hex,#2B3A1C,color-value,S001;S002,no exact match in S001 or S002,designer-choice,no-modern-list-match,none-on-record (measuredSpectra=0),designer-choice,origin of value undocumented,W1-sequential-AI-review,"label as designer choice; if derived from a named-color list, say so"
W1-C0406,nomadic-rugs-c4,nameEn,Peacock Forest Green,naming,none,-,illustrative,evocative-label,not-applicable,designer-choice,label only,W1-sequential-AI-review,keep as label; avoid implying historical name
W1-C0407,nomadic-rugs-c4,nameFa,سبز کله‌غازی عشایر,naming,none,-,illustrative,evocative-label,not-applicable,designer-choice,label only,W1-sequential-AI-review,none
W1-C0408,nomadic-rugs-c4,meaningFa,ترکیب نیل با زردچوبه و اسپرک در چادرهای ایلاتی,cultural-history,none-opened,-,unverified,not-checked,not-applicable,not-applicable,cultural/material assertion with no citation,W1-sequential-AI-review,hedge or cite
W1-C0409,nomadic-rugs-c4,mineralogical.mineralName,Persian Historical Pigment (Peacock Forest Green),material,none-opened,heritage-data.ts nomadic-rugs-c4.evidence.mineralogical,unverified,placeholder,no-analysis-on-record,not-applicable,"template ""Persian Historical Pigment (<name>)"": no pigment identification",W1-sequential-AI-review,"replace template with ""unknown"" or remove"
W1-C0410,nomadic-rugs-c4,mineralogical.chemicalFormula,Natural Organic / Mineral Complex (Matrix #2B3A1C),chemistry,S007,-,contradicted,placeholder,no-analysis-on-record,not-applicable,"template ""Natural Organic / Mineral Complex (Matrix #HEX)"" embeds the HEX value; not a chemical formula",W1-sequential-AI-review,correct or remove
W1-C0411,nomadic-rugs-c4,mineralogical.casNumber,7732-18-5 (Authentic Historical Specimen),chemistry-identifier,S005,CAS 7732-18-5,contradicted,checked-against-S005,not-applicable,not-applicable,"S005: 7732-18-5 = water, H2O (PubChem CID 962); labelled ""(Authentic Historical Specimen)""",W1-sequential-AI-review,remove or replace with the CAS RN of the named substance
W1-C0412,nomadic-rugs-c4,mineralogical.historicalManuscriptRef,رسالات کهن رنگرزی سنتی و صنعتی ایران زمین,documentary-reference,none-opened,no page/folio/edition given,unverified,placeholder,not-applicable,not-applicable,"placeholder phrase (""old treatises of Iranian dyeing""): no identifiable work",W1-sequential-AI-review,remove placeholder
W1-C0413,nomadic-rugs-c4,mineralogical.traditionalExtraction,استخراج سنتی از منابع گیاهی و معدنی ایران بر اساس رسالات خطی تذهیب و رنگرزی,craft-process,none-opened,-,unverified,placeholder,not-applicable,not-applicable,template sentence repeated for 60 records,W1-sequential-AI-review,cite or remove
W1-C0414,nomadic-rugs-c4,mineralogical.crystalSystem,کریستالین بومی فلات ایران,mineralogy,S007,-,contradicted,type-error,not-applicable,not-applicable,value is not a crystal system (type error),W1-sequential-AI-review,remove or use a real crystal system
W1-C0415,nomadic-rugs-c4,geoSpatial.originSite,Iranian Plateau Heritage Sites | فلات ایران، مراکز سنتی هنر و معماری,geography,none-opened,-,unverified,placeholder,not-applicable,not-applicable,non-specific placeholder site,W1-sequential-AI-review,name a specific site or remove
W1-C0416,nomadic-rugs-c4,geoSpatial.coordinates,"33.9279,54.588,1400",geography,S007,analyze-data.out.json syntheticPlateauPattern,contradicted,synthetic-value,not-applicable,not-applicable,"synthetic: lat = 32.4279 + 0.5*i, lng = 53.688 + 0.3*i, alt 1400; the same six points are reused by 10 palettes regardless of region (Gulf, Caspian, Khorasan, Shiraz)",W1-sequential-AI-review,remove or replace with sourced coordinates
W1-C0417,nomadic-rugs-c4,geoSpatial.unescoHeritageRef,ثبت میراث فرهنگی ملموس و ناملموس یونسکو,heritage-designation,none-opened,-,unverified,placeholder,not-applicable,not-applicable,non-specific or not checkable,W1-sequential-AI-review,remove generic UNESCO wording
W1-C0418,nomadic-rugs-c4,spectral.peakWavelengthNm,513 nm (dominant 513 nm),spectral,S007,palettes.ts provenance.spectralStatus,illustrative,not-applicable,not-measured (measuredSpectra=0),not-applicable,peak equals dominant wavelength (template),W1-sequential-AI-review,keep labelled illustrative
W1-C0419,nomadic-rugs-c4,historicalContextFa,ترکیب نیل با زردچوبه و اسپرک در چادرهای ایلاتی,cultural-history,none-opened,-,unverified,duplicate-of-meaningFa,not-applicable,not-applicable,"copy of meaningFa, not independent context",W1-sequential-AI-review,cite or remove
W1-C0420,nomadic-rugs-c4,artMovement,دستبافته‌ها و قالی قشقایی و بختیاری,art-history,none-opened,-,unverified,duplicate-of-palette-name,not-applicable,not-applicable,"copy of palette nameFa, not a movement",W1-sequential-AI-review,remove or replace
W1-C0421,nomadic-rugs-c4,chemical.molarMass (raw; dropped by normaliser),Calculated Complex,chemistry-arithmetic,none,-,unverified,placeholder,not-applicable,not-applicable,"not a value (""Calculated Complex"") (arithmetic consistency only; not evidence the material is present)",W1-sequential-AI-review,drop from source data (already excluded from normalised output)
W1-C0422,nomadic-rugs-c5,hex,#EADDCF,color-value,S001;S002,no exact match in S001 or S002,designer-choice,no-modern-list-match,none-on-record (measuredSpectra=0),designer-choice,origin of value undocumented,W1-sequential-AI-review,"label as designer choice; if derived from a named-color list, say so"
W1-C0423,nomadic-rugs-c5,nameEn,Raw Wool Cream,naming,none,-,illustrative,evocative-label,not-applicable,designer-choice,label only,W1-sequential-AI-review,keep as label; avoid implying historical name
W1-C0424,nomadic-rugs-c5,nameFa,کرم خامه پشمی,naming,none,-,illustrative,evocative-label,not-applicable,designer-choice,label only,W1-sequential-AI-review,none
W1-C0425,nomadic-rugs-c5,meaningFa,خامه‌های پشم دست‌ریس شسته شده در چشمه‌سارهای زاگرس,cultural-history,none-opened,-,unverified,not-checked,not-applicable,not-applicable,cultural/material assertion with no citation,W1-sequential-AI-review,hedge or cite
W1-C0426,nomadic-rugs-c5,mineralogical.mineralName,Persian Historical Pigment (Raw Wool Cream),material,S007,heritage-data.ts nomadic-rugs-c5.evidence.mineralogical,contradicted,internal-conflict,no-analysis-on-record,not-applicable,"template ""Persian Historical Pigment (<name>)"": subject is not a pigment (e.g. sea, snow, gem, spice, shade, wool, paper)",W1-sequential-AI-review,"replace template with ""unknown"" or remove"
W1-C0427,nomadic-rugs-c5,mineralogical.chemicalFormula,Natural Organic / Mineral Complex (Matrix #EADDCF),chemistry,S007,-,contradicted,placeholder,no-analysis-on-record,not-applicable,"template ""Natural Organic / Mineral Complex (Matrix #HEX)"" embeds the HEX value; not a chemical formula",W1-sequential-AI-review,correct or remove
W1-C0428,nomadic-rugs-c5,mineralogical.casNumber,7732-18-5 (Authentic Historical Specimen),chemistry-identifier,S005,CAS 7732-18-5,contradicted,checked-against-S005,not-applicable,not-applicable,"S005: 7732-18-5 = water, H2O (PubChem CID 962); labelled ""(Authentic Historical Specimen)""",W1-sequential-AI-review,remove or replace with the CAS RN of the named substance
W1-C0429,nomadic-rugs-c5,mineralogical.historicalManuscriptRef,رسالات کهن رنگرزی سنتی و صنعتی ایران زمین,documentary-reference,none-opened,no page/folio/edition given,unverified,placeholder,not-applicable,not-applicable,"placeholder phrase (""old treatises of Iranian dyeing""): no identifiable work",W1-sequential-AI-review,remove placeholder
W1-C0430,nomadic-rugs-c5,mineralogical.traditionalExtraction,استخراج سنتی از منابع گیاهی و معدنی ایران بر اساس رسالات خطی تذهیب و رنگرزی,craft-process,none-opened,-,unverified,placeholder,not-applicable,not-applicable,template sentence repeated for 60 records,W1-sequential-AI-review,cite or remove
W1-C0431,nomadic-rugs-c5,mineralogical.crystalSystem,کریستالین بومی فلات ایران,mineralogy,S007,-,contradicted,type-error,not-applicable,not-applicable,value is not a crystal system (type error),W1-sequential-AI-review,remove or use a real crystal system
W1-C0432,nomadic-rugs-c5,geoSpatial.originSite,Iranian Plateau Heritage Sites | فلات ایران، مراکز سنتی هنر و معماری,geography,none-opened,-,unverified,placeholder,not-applicable,not-applicable,non-specific placeholder site,W1-sequential-AI-review,name a specific site or remove
W1-C0433,nomadic-rugs-c5,geoSpatial.coordinates,"34.4279,54.888000000000005,1400",geography,S007,analyze-data.out.json syntheticPlateauPattern,contradicted,synthetic-value,not-applicable,not-applicable,"synthetic: lat = 32.4279 + 0.5*i, lng = 53.688 + 0.3*i, alt 1400; the same six points are reused by 10 palettes regardless of region (Gulf, Caspian, Khorasan, Shiraz)",W1-sequential-AI-review,remove or replace with sourced coordinates
W1-C0434,nomadic-rugs-c5,geoSpatial.unescoHeritageRef,ثبت میراث فرهنگی ملموس و ناملموس یونسکو,heritage-designation,none-opened,-,unverified,placeholder,not-applicable,not-applicable,non-specific or not checkable,W1-sequential-AI-review,remove generic UNESCO wording
W1-C0435,nomadic-rugs-c5,spectral.peakWavelengthNm,601 nm (dominant 601 nm),spectral,S007,palettes.ts provenance.spectralStatus,illustrative,not-applicable,not-measured (measuredSpectra=0),not-applicable,peak equals dominant wavelength (template),W1-sequential-AI-review,keep labelled illustrative
W1-C0436,nomadic-rugs-c5,historicalContextFa,خامه‌های پشم دست‌ریس شسته شده در چشمه‌سارهای زاگرس,cultural-history,none-opened,-,unverified,duplicate-of-meaningFa,not-applicable,not-applicable,"copy of meaningFa, not independent context",W1-sequential-AI-review,cite or remove
W1-C0437,nomadic-rugs-c5,artMovement,دستبافته‌ها و قالی قشقایی و بختیاری,art-history,none-opened,-,unverified,duplicate-of-palette-name,not-applicable,not-applicable,"copy of palette nameFa, not a movement",W1-sequential-AI-review,remove or replace
W1-C0438,nomadic-rugs-c5,chemical.molarMass (raw; dropped by normaliser),Calculated Complex,chemistry-arithmetic,none,-,unverified,placeholder,not-applicable,not-applicable,"not a value (""Calculated Complex"") (arithmetic consistency only; not evidence the material is present)",W1-sequential-AI-review,drop from source data (already excluded from normalised output)
W1-C0439,nomadic-rugs-c6,hex,#422006,color-value,S001;S002,no exact match in S001 or S002,designer-choice,no-modern-list-match,none-on-record (measuredSpectra=0),designer-choice,origin of value undocumented,W1-sequential-AI-review,"label as designer choice; if derived from a named-color list, say so"
W1-C0440,nomadic-rugs-c6,nameEn,Walnut Husk Brown,naming,none,-,illustrative,evocative-label,not-applicable,designer-choice,label only,W1-sequential-AI-review,keep as label; avoid implying historical name
W1-C0441,nomadic-rugs-c6,nameFa,قهوه‌ای پوست گردو,naming,none,-,illustrative,evocative-label,not-applicable,designer-choice,label only,W1-sequential-AI-review,none
W1-C0442,nomadic-rugs-c6,meaningFa,پوست سبز و خشکیده گردوهای کهنسال بختیاری,cultural-history,none-opened,-,unverified,not-checked,not-applicable,not-applicable,cultural/material assertion with no citation,W1-sequential-AI-review,hedge or cite
W1-C0443,nomadic-rugs-c6,mineralogical.mineralName,Persian Historical Pigment (Walnut Husk Brown),material,none-opened,heritage-data.ts nomadic-rugs-c6.evidence.mineralogical,unverified,placeholder,no-analysis-on-record,not-applicable,"template ""Persian Historical Pigment (<name>)"": no pigment identification",W1-sequential-AI-review,"replace template with ""unknown"" or remove"
W1-C0444,nomadic-rugs-c6,mineralogical.chemicalFormula,Natural Organic / Mineral Complex (Matrix #422006),chemistry,S007,-,contradicted,placeholder,no-analysis-on-record,not-applicable,"template ""Natural Organic / Mineral Complex (Matrix #HEX)"" embeds the HEX value; not a chemical formula",W1-sequential-AI-review,correct or remove
W1-C0445,nomadic-rugs-c6,mineralogical.casNumber,7732-18-5 (Authentic Historical Specimen),chemistry-identifier,S005,CAS 7732-18-5,contradicted,checked-against-S005,not-applicable,not-applicable,"S005: 7732-18-5 = water, H2O (PubChem CID 962); labelled ""(Authentic Historical Specimen)""",W1-sequential-AI-review,remove or replace with the CAS RN of the named substance
W1-C0446,nomadic-rugs-c6,mineralogical.historicalManuscriptRef,رسالات کهن رنگرزی سنتی و صنعتی ایران زمین,documentary-reference,none-opened,no page/folio/edition given,unverified,placeholder,not-applicable,not-applicable,"placeholder phrase (""old treatises of Iranian dyeing""): no identifiable work",W1-sequential-AI-review,remove placeholder
W1-C0447,nomadic-rugs-c6,mineralogical.traditionalExtraction,استخراج سنتی از منابع گیاهی و معدنی ایران بر اساس رسالات خطی تذهیب و رنگرزی,craft-process,none-opened,-,unverified,placeholder,not-applicable,not-applicable,template sentence repeated for 60 records,W1-sequential-AI-review,cite or remove
W1-C0448,nomadic-rugs-c6,mineralogical.crystalSystem,کریستالین بومی فلات ایران,mineralogy,S007,-,contradicted,type-error,not-applicable,not-applicable,value is not a crystal system (type error),W1-sequential-AI-review,remove or use a real crystal system
W1-C0449,nomadic-rugs-c6,geoSpatial.originSite,Iranian Plateau Heritage Sites | فلات ایران، مراکز سنتی هنر و معماری,geography,none-opened,-,unverified,placeholder,not-applicable,not-applicable,non-specific placeholder site,W1-sequential-AI-review,name a specific site or remove
W1-C0450,nomadic-rugs-c6,geoSpatial.coordinates,"34.9279,55.188,1400",geography,S007,analyze-data.out.json syntheticPlateauPattern,contradicted,synthetic-value,not-applicable,not-applicable,"synthetic: lat = 32.4279 + 0.5*i, lng = 53.688 + 0.3*i, alt 1400; the same six points are reused by 10 palettes regardless of region (Gulf, Caspian, Khorasan, Shiraz)",W1-sequential-AI-review,remove or replace with sourced coordinates
W1-C0451,nomadic-rugs-c6,geoSpatial.unescoHeritageRef,ثبت میراث فرهنگی ملموس و ناملموس یونسکو,heritage-designation,none-opened,-,unverified,placeholder,not-applicable,not-applicable,non-specific or not checkable,W1-sequential-AI-review,remove generic UNESCO wording
W1-C0452,nomadic-rugs-c6,spectral.peakWavelengthNm,616 nm (dominant 616 nm),spectral,S007,palettes.ts provenance.spectralStatus,illustrative,not-applicable,not-measured (measuredSpectra=0),not-applicable,peak equals dominant wavelength (template),W1-sequential-AI-review,keep labelled illustrative
W1-C0453,nomadic-rugs-c6,historicalContextFa,پوست سبز و خشکیده گردوهای کهنسال بختیاری,cultural-history,none-opened,-,unverified,duplicate-of-meaningFa,not-applicable,not-applicable,"copy of meaningFa, not independent context",W1-sequential-AI-review,cite or remove
W1-C0454,nomadic-rugs-c6,artMovement,دستبافته‌ها و قالی قشقایی و بختیاری,art-history,none-opened,-,unverified,duplicate-of-palette-name,not-applicable,not-applicable,"copy of palette nameFa, not a movement",W1-sequential-AI-review,remove or replace
W1-C0455,nomadic-rugs-c6,chemical.molarMass (raw; dropped by normaliser),Calculated Complex,chemistry-arithmetic,none,-,unverified,placeholder,not-applicable,not-applicable,"not a value (""Calculated Complex"") (arithmetic consistency only; not evidence the material is present)",W1-sequential-AI-review,drop from source data (already excluded from normalised output)
W1-C0456,minakari-craft-c1,hex,#1C39BB,color-value,S002,"S002 ""Persian Blue""",designer-choice,exact-match-in-modern-color-list,none-on-record (measuredSpectra=0),designer-choice,HEX identical to a modern named-color list entry; suggests digital-list origin rather than material measurement,W1-sequential-AI-review,"label as designer choice; if derived from a named-color list, say so"
W1-C0457,minakari-craft-c1,nameEn,Persian Blue,naming,S002,"S002 ""Persian Blue""",partially-supported,pair-found-in-modern-list,not-applicable,designer-choice,modern list entry is not evidence of historical use,W1-sequential-AI-review,keep as label; avoid implying historical name
W1-C0458,minakari-craft-c1,nameFa,آبی مینایی ژرف (Persian Blue),naming,none,-,illustrative,evocative-label,not-applicable,designer-choice,label only,W1-sequential-AI-review,none
W1-C0459,minakari-craft-c1,meaningFa,رنگ جهانی ثبت‌شده لاجوردی ایرانی در موزه‌های بین‌المللی,cultural-history,S002,HEX lookup,unverified,checked-against-S002,not-applicable,not-applicable,"""registered in international museums"": no museum or record cited; #1C39BB equals ""Persian Blue"" in S002",W1-sequential-AI-review,hedge or cite
W1-C0460,minakari-craft-c1,mineralogical.mineralName,Persian Historical Pigment (Persian Blue),material,none-opened,heritage-data.ts minakari-craft-c1.evidence.mineralogical,unverified,placeholder,no-analysis-on-record,not-applicable,"template ""Persian Historical Pigment (<name>)"": no pigment identification",W1-sequential-AI-review,"replace template with ""unknown"" or remove"
W1-C0461,minakari-craft-c1,mineralogical.chemicalFormula,Natural Organic / Mineral Complex (Matrix #1C39BB),chemistry,S007,-,contradicted,placeholder,no-analysis-on-record,not-applicable,"template ""Natural Organic / Mineral Complex (Matrix #HEX)"" embeds the HEX value; not a chemical formula",W1-sequential-AI-review,correct or remove
W1-C0462,minakari-craft-c1,mineralogical.casNumber,7732-18-5 (Authentic Historical Specimen),chemistry-identifier,S005,CAS 7732-18-5,contradicted,checked-against-S005,not-applicable,not-applicable,"S005: 7732-18-5 = water, H2O (PubChem CID 962); labelled ""(Authentic Historical Specimen)""",W1-sequential-AI-review,remove or replace with the CAS RN of the named substance
W1-C0463,minakari-craft-c1,mineralogical.historicalManuscriptRef,رسالات کهن رنگرزی سنتی و صنعتی ایران زمین,documentary-reference,none-opened,no page/folio/edition given,unverified,placeholder,not-applicable,not-applicable,"placeholder phrase (""old treatises of Iranian dyeing""): no identifiable work",W1-sequential-AI-review,remove placeholder
W1-C0464,minakari-craft-c1,mineralogical.traditionalExtraction,استخراج سنتی از منابع گیاهی و معدنی ایران بر اساس رسالات خطی تذهیب و رنگرزی,craft-process,none-opened,-,unverified,placeholder,not-applicable,not-applicable,template sentence repeated for 60 records,W1-sequential-AI-review,cite or remove
W1-C0465,minakari-craft-c1,mineralogical.crystalSystem,کریستالین بومی فلات ایران,mineralogy,S007,-,contradicted,type-error,not-applicable,not-applicable,value is not a crystal system (type error),W1-sequential-AI-review,remove or use a real crystal system
W1-C0466,minakari-craft-c1,geoSpatial.originSite,Iranian Plateau Heritage Sites | فلات ایران، مراکز سنتی هنر و معماری,geography,none-opened,-,unverified,placeholder,not-applicable,not-applicable,non-specific placeholder site,W1-sequential-AI-review,name a specific site or remove
W1-C0467,minakari-craft-c1,geoSpatial.coordinates,"32.4279,53.688,1400",geography,S007,analyze-data.out.json syntheticPlateauPattern,contradicted,synthetic-value,not-applicable,not-applicable,"synthetic: lat = 32.4279 + 0.5*i, lng = 53.688 + 0.3*i, alt 1400; the same six points are reused by 10 palettes regardless of region (Gulf, Caspian, Khorasan, Shiraz)",W1-sequential-AI-review,remove or replace with sourced coordinates
W1-C0468,minakari-craft-c1,geoSpatial.unescoHeritageRef,ثبت میراث فرهنگی ملموس و ناملموس یونسکو,heritage-designation,none-opened,-,unverified,placeholder,not-applicable,not-applicable,non-specific or not checkable,W1-sequential-AI-review,remove generic UNESCO wording
W1-C0469,minakari-craft-c1,spectral.peakWavelengthNm,468 nm (dominant 468 nm),spectral,S007,palettes.ts provenance.spectralStatus,illustrative,not-applicable,not-measured (measuredSpectra=0),not-applicable,peak equals dominant wavelength (template),W1-sequential-AI-review,keep labelled illustrative
W1-C0470,minakari-craft-c1,historicalContextFa,رنگ جهانی ثبت‌شده لاجوردی ایرانی در موزه‌های بین‌المللی,cultural-history,none-opened,-,unverified,duplicate-of-meaningFa,not-applicable,not-applicable,"copy of meaningFa, not independent context",W1-sequential-AI-review,cite or remove
W1-C0471,minakari-craft-c1,artMovement,هنر میناکاری و قلم‌زنی,art-history,none-opened,-,unverified,duplicate-of-palette-name,not-applicable,not-applicable,"copy of palette nameFa, not a movement",W1-sequential-AI-review,remove or replace
W1-C0472,minakari-craft-c1,chemical.molarMass (raw; dropped by normaliser),Calculated Complex,chemistry-arithmetic,none,-,unverified,placeholder,not-applicable,not-applicable,"not a value (""Calculated Complex"") (arithmetic consistency only; not evidence the material is present)",W1-sequential-AI-review,drop from source data (already excluded from normalised output)
W1-C0473,minakari-craft-c2,hex,#008679,color-value,S001;S002,no exact match in S001 or S002,designer-choice,no-modern-list-match,none-on-record (measuredSpectra=0),designer-choice,origin of value undocumented,W1-sequential-AI-review,"label as designer choice; if derived from a named-color list, say so"
W1-C0474,minakari-craft-c2,nameEn,Deep Persian Green,naming,none,-,illustrative,evocative-label,not-applicable,designer-choice,label only,W1-sequential-AI-review,keep as label; avoid implying historical name
W1-C0475,minakari-craft-c2,nameFa,سبز فیروزه قلمی (Persian Green),naming,none,-,illustrative,evocative-label,not-applicable,designer-choice,label only,W1-sequential-AI-review,none
W1-C0476,minakari-craft-c2,meaningFa,Persian Green تیره‌تر در لعاب‌های پخته کوره,cultural-history,none-opened,-,unverified,not-checked,not-applicable,not-applicable,cultural/material assertion with no citation,W1-sequential-AI-review,hedge or cite
W1-C0477,minakari-craft-c2,mineralogical.mineralName,Persian Historical Pigment (Deep Persian Green),material,none-opened,heritage-data.ts minakari-craft-c2.evidence.mineralogical,unverified,placeholder,no-analysis-on-record,not-applicable,"template ""Persian Historical Pigment (<name>)"": no pigment identification",W1-sequential-AI-review,"replace template with ""unknown"" or remove"
W1-C0478,minakari-craft-c2,mineralogical.chemicalFormula,Natural Organic / Mineral Complex (Matrix #008679),chemistry,S007,-,contradicted,placeholder,no-analysis-on-record,not-applicable,"template ""Natural Organic / Mineral Complex (Matrix #HEX)"" embeds the HEX value; not a chemical formula",W1-sequential-AI-review,correct or remove
W1-C0479,minakari-craft-c2,mineralogical.casNumber,7732-18-5 (Authentic Historical Specimen),chemistry-identifier,S005,CAS 7732-18-5,contradicted,checked-against-S005,not-applicable,not-applicable,"S005: 7732-18-5 = water, H2O (PubChem CID 962); labelled ""(Authentic Historical Specimen)""",W1-sequential-AI-review,remove or replace with the CAS RN of the named substance
W1-C0480,minakari-craft-c2,mineralogical.historicalManuscriptRef,رسالات کهن رنگرزی سنتی و صنعتی ایران زمین,documentary-reference,none-opened,no page/folio/edition given,unverified,placeholder,not-applicable,not-applicable,"placeholder phrase (""old treatises of Iranian dyeing""): no identifiable work",W1-sequential-AI-review,remove placeholder
W1-C0481,minakari-craft-c2,mineralogical.traditionalExtraction,استخراج سنتی از منابع گیاهی و معدنی ایران بر اساس رسالات خطی تذهیب و رنگرزی,craft-process,none-opened,-,unverified,placeholder,not-applicable,not-applicable,template sentence repeated for 60 records,W1-sequential-AI-review,cite or remove
W1-C0482,minakari-craft-c2,mineralogical.crystalSystem,کریستالین بومی فلات ایران,mineralogy,S007,-,contradicted,type-error,not-applicable,not-applicable,value is not a crystal system (type error),W1-sequential-AI-review,remove or use a real crystal system
W1-C0483,minakari-craft-c2,geoSpatial.originSite,Iranian Plateau Heritage Sites | فلات ایران، مراکز سنتی هنر و معماری,geography,none-opened,-,unverified,placeholder,not-applicable,not-applicable,non-specific placeholder site,W1-sequential-AI-review,name a specific site or remove
W1-C0484,minakari-craft-c2,geoSpatial.coordinates,"32.9279,53.988,1400",geography,S007,analyze-data.out.json syntheticPlateauPattern,contradicted,synthetic-value,not-applicable,not-applicable,"synthetic: lat = 32.4279 + 0.5*i, lng = 53.688 + 0.3*i, alt 1400; the same six points are reused by 10 palettes regardless of region (Gulf, Caspian, Khorasan, Shiraz)",W1-sequential-AI-review,remove or replace with sourced coordinates
W1-C0485,minakari-craft-c2,geoSpatial.unescoHeritageRef,ثبت میراث فرهنگی ملموس و ناملموس یونسکو,heritage-designation,none-opened,-,unverified,placeholder,not-applicable,not-applicable,non-specific or not checkable,W1-sequential-AI-review,remove generic UNESCO wording
W1-C0486,minakari-craft-c2,spectral.peakWavelengthNm,536 nm (dominant 536 nm),spectral,S007,palettes.ts provenance.spectralStatus,illustrative,not-applicable,not-measured (measuredSpectra=0),not-applicable,peak equals dominant wavelength (template),W1-sequential-AI-review,keep labelled illustrative
W1-C0487,minakari-craft-c2,historicalContextFa,Persian Green تیره‌تر در لعاب‌های پخته کوره,cultural-history,none-opened,-,unverified,duplicate-of-meaningFa,not-applicable,not-applicable,"copy of meaningFa, not independent context",W1-sequential-AI-review,cite or remove
W1-C0488,minakari-craft-c2,artMovement,هنر میناکاری و قلم‌زنی,art-history,none-opened,-,unverified,duplicate-of-palette-name,not-applicable,not-applicable,"copy of palette nameFa, not a movement",W1-sequential-AI-review,remove or replace
W1-C0489,minakari-craft-c2,chemical.molarMass (raw; dropped by normaliser),Calculated Complex,chemistry-arithmetic,none,-,unverified,placeholder,not-applicable,not-applicable,"not a value (""Calculated Complex"") (arithmetic consistency only; not evidence the material is present)",W1-sequential-AI-review,drop from source data (already excluded from normalised output)
W1-C0490,minakari-craft-c3,hex,#E09F3E,color-value,S001;S002,no exact match in S001 or S002,designer-choice,no-modern-list-match,none-on-record (measuredSpectra=0),designer-choice,origin of value undocumented,W1-sequential-AI-review,"label as designer choice; if derived from a named-color list, say so"
W1-C0491,minakari-craft-c3,nameEn,Gilded Brass Yellow,naming,none,-,illustrative,evocative-label,not-applicable,designer-choice,label only,W1-sequential-AI-review,keep as label; avoid implying historical name
W1-C0492,minakari-craft-c3,nameFa,زرد طلااندود,naming,none,-,illustrative,evocative-label,not-applicable,designer-choice,label only,W1-sequential-AI-review,none
W1-C0493,minakari-craft-c3,meaningFa,درخشش مس و برنج جلاخورده با قلم فولادی,cultural-history,none-opened,-,unverified,not-checked,not-applicable,not-applicable,cultural/material assertion with no citation,W1-sequential-AI-review,hedge or cite
W1-C0494,minakari-craft-c3,mineralogical.mineralName,Persian Historical Pigment (Gilded Brass Yellow),material,S007,heritage-data.ts minakari-craft-c3.evidence.mineralogical,contradicted,internal-conflict,no-analysis-on-record,not-applicable,"template ""Persian Historical Pigment (<name>)"": subject is not a pigment (e.g. sea, snow, gem, spice, shade, wool, paper)",W1-sequential-AI-review,"replace template with ""unknown"" or remove"
W1-C0495,minakari-craft-c3,mineralogical.chemicalFormula,Natural Organic / Mineral Complex (Matrix #E09F3E),chemistry,S007,-,contradicted,placeholder,no-analysis-on-record,not-applicable,"template ""Natural Organic / Mineral Complex (Matrix #HEX)"" embeds the HEX value; not a chemical formula",W1-sequential-AI-review,correct or remove
W1-C0496,minakari-craft-c3,mineralogical.casNumber,7732-18-5 (Authentic Historical Specimen),chemistry-identifier,S005,CAS 7732-18-5,contradicted,checked-against-S005,not-applicable,not-applicable,"S005: 7732-18-5 = water, H2O (PubChem CID 962); labelled ""(Authentic Historical Specimen)""",W1-sequential-AI-review,remove or replace with the CAS RN of the named substance
W1-C0497,minakari-craft-c3,mineralogical.historicalManuscriptRef,رسالات کهن رنگرزی سنتی و صنعتی ایران زمین,documentary-reference,none-opened,no page/folio/edition given,unverified,placeholder,not-applicable,not-applicable,"placeholder phrase (""old treatises of Iranian dyeing""): no identifiable work",W1-sequential-AI-review,remove placeholder
W1-C0498,minakari-craft-c3,mineralogical.traditionalExtraction,استخراج سنتی از منابع گیاهی و معدنی ایران بر اساس رسالات خطی تذهیب و رنگرزی,craft-process,none-opened,-,unverified,placeholder,not-applicable,not-applicable,template sentence repeated for 60 records,W1-sequential-AI-review,cite or remove
W1-C0499,minakari-craft-c3,mineralogical.crystalSystem,کریستالین بومی فلات ایران,mineralogy,S007,-,contradicted,type-error,not-applicable,not-applicable,value is not a crystal system (type error),W1-sequential-AI-review,remove or use a real crystal system
W1-C0500,minakari-craft-c3,geoSpatial.originSite,Iranian Plateau Heritage Sites | فلات ایران، مراکز سنتی هنر و معماری,geography,none-opened,-,unverified,placeholder,not-applicable,not-applicable,non-specific placeholder site,W1-sequential-AI-review,name a specific site or remove
W1-C0501,minakari-craft-c3,geoSpatial.coordinates,"33.4279,54.288000000000004,1400",geography,S007,analyze-data.out.json syntheticPlateauPattern,contradicted,synthetic-value,not-applicable,not-applicable,"synthetic: lat = 32.4279 + 0.5*i, lng = 53.688 + 0.3*i, alt 1400; the same six points are reused by 10 palettes regardless of region (Gulf, Caspian, Khorasan, Shiraz)",W1-sequential-AI-review,remove or replace with sourced coordinates
W1-C0502,minakari-craft-c3,geoSpatial.unescoHeritageRef,ثبت میراث فرهنگی ملموس و ناملموس یونسکو,heritage-designation,none-opened,-,unverified,placeholder,not-applicable,not-applicable,non-specific or not checkable,W1-sequential-AI-review,remove generic UNESCO wording
W1-C0503,minakari-craft-c3,spectral.peakWavelengthNm,582 nm (dominant 582 nm),spectral,S007,palettes.ts provenance.spectralStatus,illustrative,not-applicable,not-measured (measuredSpectra=0),not-applicable,peak equals dominant wavelength (template),W1-sequential-AI-review,keep labelled illustrative
W1-C0504,minakari-craft-c3,historicalContextFa,درخشش مس و برنج جلاخورده با قلم فولادی,cultural-history,none-opened,-,unverified,duplicate-of-meaningFa,not-applicable,not-applicable,"copy of meaningFa, not independent context",W1-sequential-AI-review,cite or remove
W1-C0505,minakari-craft-c3,artMovement,هنر میناکاری و قلم‌زنی,art-history,none-opened,-,unverified,duplicate-of-palette-name,not-applicable,not-applicable,"copy of palette nameFa, not a movement",W1-sequential-AI-review,remove or replace
W1-C0506,minakari-craft-c3,chemical.molarMass (raw; dropped by normaliser),Calculated Complex,chemistry-arithmetic,none,-,unverified,placeholder,not-applicable,not-applicable,"not a value (""Calculated Complex"") (arithmetic consistency only; not evidence the material is present)",W1-sequential-AI-review,drop from source data (already excluded from normalised output)
W1-C0507,minakari-craft-c4,hex,#94D2BD,color-value,S001;S002,no exact match in S001 or S002,designer-choice,no-modern-list-match,none-on-record (measuredSpectra=0),designer-choice,origin of value undocumented,W1-sequential-AI-review,"label as designer choice; if derived from a named-color list, say so"
W1-C0508,minakari-craft-c4,nameEn,Pearl Turquoise Glaze,naming,none,-,illustrative,evocative-label,not-applicable,designer-choice,label only,W1-sequential-AI-review,keep as label; avoid implying historical name
W1-C0509,minakari-craft-c4,nameFa,فیروزه‌ای مرواریدی,naming,none,-,illustrative,evocative-label,not-applicable,designer-choice,label only,W1-sequential-AI-review,none
W1-C0510,minakari-craft-c4,meaningFa,لعاب فیروزه‌ای مات و پرطراوت در میان نقوش لاجوردی,cultural-history,none-opened,-,unverified,not-checked,not-applicable,not-applicable,cultural/material assertion with no citation,W1-sequential-AI-review,hedge or cite
W1-C0511,minakari-craft-c4,mineralogical.mineralName,Persian Historical Pigment (Pearl Turquoise Glaze),material,none-opened,heritage-data.ts minakari-craft-c4.evidence.mineralogical,unverified,placeholder,no-analysis-on-record,not-applicable,"template ""Persian Historical Pigment (<name>)"": no pigment identification",W1-sequential-AI-review,"replace template with ""unknown"" or remove"
W1-C0512,minakari-craft-c4,mineralogical.chemicalFormula,Natural Organic / Mineral Complex (Matrix #94D2BD),chemistry,S007,-,contradicted,placeholder,no-analysis-on-record,not-applicable,"template ""Natural Organic / Mineral Complex (Matrix #HEX)"" embeds the HEX value; not a chemical formula",W1-sequential-AI-review,correct or remove
W1-C0513,minakari-craft-c4,mineralogical.casNumber,7732-18-5 (Authentic Historical Specimen),chemistry-identifier,S005,CAS 7732-18-5,contradicted,checked-against-S005,not-applicable,not-applicable,"S005: 7732-18-5 = water, H2O (PubChem CID 962); labelled ""(Authentic Historical Specimen)""",W1-sequential-AI-review,remove or replace with the CAS RN of the named substance
W1-C0514,minakari-craft-c4,mineralogical.historicalManuscriptRef,رسالات کهن رنگرزی سنتی و صنعتی ایران زمین,documentary-reference,none-opened,no page/folio/edition given,unverified,placeholder,not-applicable,not-applicable,"placeholder phrase (""old treatises of Iranian dyeing""): no identifiable work",W1-sequential-AI-review,remove placeholder
W1-C0515,minakari-craft-c4,mineralogical.traditionalExtraction,استخراج سنتی از منابع گیاهی و معدنی ایران بر اساس رسالات خطی تذهیب و رنگرزی,craft-process,none-opened,-,unverified,placeholder,not-applicable,not-applicable,template sentence repeated for 60 records,W1-sequential-AI-review,cite or remove
W1-C0516,minakari-craft-c4,mineralogical.crystalSystem,کریستالین بومی فلات ایران,mineralogy,S007,-,contradicted,type-error,not-applicable,not-applicable,value is not a crystal system (type error),W1-sequential-AI-review,remove or use a real crystal system
W1-C0517,minakari-craft-c4,geoSpatial.originSite,Iranian Plateau Heritage Sites | فلات ایران، مراکز سنتی هنر و معماری,geography,none-opened,-,unverified,placeholder,not-applicable,not-applicable,non-specific placeholder site,W1-sequential-AI-review,name a specific site or remove
W1-C0518,minakari-craft-c4,geoSpatial.coordinates,"33.9279,54.588,1400",geography,S007,analyze-data.out.json syntheticPlateauPattern,contradicted,synthetic-value,not-applicable,not-applicable,"synthetic: lat = 32.4279 + 0.5*i, lng = 53.688 + 0.3*i, alt 1400; the same six points are reused by 10 palettes regardless of region (Gulf, Caspian, Khorasan, Shiraz)",W1-sequential-AI-review,remove or replace with sourced coordinates
W1-C0519,minakari-craft-c4,geoSpatial.unescoHeritageRef,ثبت میراث فرهنگی ملموس و ناملموس یونسکو,heritage-designation,none-opened,-,unverified,placeholder,not-applicable,not-applicable,non-specific or not checkable,W1-sequential-AI-review,remove generic UNESCO wording
W1-C0520,minakari-craft-c4,spectral.peakWavelengthNm,522 nm (dominant 522 nm),spectral,S007,palettes.ts provenance.spectralStatus,illustrative,not-applicable,not-measured (measuredSpectra=0),not-applicable,peak equals dominant wavelength (template),W1-sequential-AI-review,keep labelled illustrative
W1-C0521,minakari-craft-c4,historicalContextFa,لعاب فیروزه‌ای مات و پرطراوت در میان نقوش لاجوردی,cultural-history,none-opened,-,unverified,duplicate-of-meaningFa,not-applicable,not-applicable,"copy of meaningFa, not independent context",W1-sequential-AI-review,cite or remove
W1-C0522,minakari-craft-c4,artMovement,هنر میناکاری و قلم‌زنی,art-history,none-opened,-,unverified,duplicate-of-palette-name,not-applicable,not-applicable,"copy of palette nameFa, not a movement",W1-sequential-AI-review,remove or replace
W1-C0523,minakari-craft-c4,chemical.molarMass (raw; dropped by normaliser),Calculated Complex,chemistry-arithmetic,none,-,unverified,placeholder,not-applicable,not-applicable,"not a value (""Calculated Complex"") (arithmetic consistency only; not evidence the material is present)",W1-sequential-AI-review,drop from source data (already excluded from normalised output)
W1-C0524,minakari-craft-c5,hex,#FDFBF7,color-value,S001;S002,no exact match in S001 or S002,designer-choice,no-modern-list-match,none-on-record (measuredSpectra=0),designer-choice,origin of value undocumented,W1-sequential-AI-review,"label as designer choice; if derived from a named-color list, say so"
W1-C0525,minakari-craft-c5,nameEn,Porcelain Enamel White,naming,none,-,illustrative,evocative-label,not-applicable,designer-choice,label only,W1-sequential-AI-review,keep as label; avoid implying historical name
W1-C0526,minakari-craft-c5,nameFa,سفید لعاب چینی,naming,none,-,illustrative,evocative-label,not-applicable,designer-choice,label only,W1-sequential-AI-review,none
W1-C0527,minakari-craft-c5,meaningFa,لعاب سفید پایه با اکسید قلع و سیلیکات خالص,cultural-history,none-opened,-,unverified,not-checked,not-applicable,not-applicable,cultural/material assertion with no citation,W1-sequential-AI-review,hedge or cite
W1-C0528,minakari-craft-c5,mineralogical.mineralName,Persian Historical Pigment (Porcelain Enamel White),material,none-opened,heritage-data.ts minakari-craft-c5.evidence.mineralogical,unverified,placeholder,no-analysis-on-record,not-applicable,"template ""Persian Historical Pigment (<name>)"": no pigment identification",W1-sequential-AI-review,"replace template with ""unknown"" or remove"
W1-C0529,minakari-craft-c5,mineralogical.chemicalFormula,Natural Organic / Mineral Complex (Matrix #FDFBF7),chemistry,S007,-,contradicted,placeholder,no-analysis-on-record,not-applicable,"template ""Natural Organic / Mineral Complex (Matrix #HEX)"" embeds the HEX value; not a chemical formula",W1-sequential-AI-review,correct or remove
W1-C0530,minakari-craft-c5,mineralogical.casNumber,7732-18-5 (Authentic Historical Specimen),chemistry-identifier,S005,CAS 7732-18-5,contradicted,checked-against-S005,not-applicable,not-applicable,"S005: 7732-18-5 = water, H2O (PubChem CID 962); labelled ""(Authentic Historical Specimen)""",W1-sequential-AI-review,remove or replace with the CAS RN of the named substance
W1-C0531,minakari-craft-c5,mineralogical.historicalManuscriptRef,رسالات کهن رنگرزی سنتی و صنعتی ایران زمین,documentary-reference,none-opened,no page/folio/edition given,unverified,placeholder,not-applicable,not-applicable,"placeholder phrase (""old treatises of Iranian dyeing""): no identifiable work",W1-sequential-AI-review,remove placeholder
W1-C0532,minakari-craft-c5,mineralogical.traditionalExtraction,استخراج سنتی از منابع گیاهی و معدنی ایران بر اساس رسالات خطی تذهیب و رنگرزی,craft-process,none-opened,-,unverified,placeholder,not-applicable,not-applicable,template sentence repeated for 60 records,W1-sequential-AI-review,cite or remove
W1-C0533,minakari-craft-c5,mineralogical.crystalSystem,کریستالین بومی فلات ایران,mineralogy,S007,-,contradicted,type-error,not-applicable,not-applicable,value is not a crystal system (type error),W1-sequential-AI-review,remove or use a real crystal system
W1-C0534,minakari-craft-c5,geoSpatial.originSite,Iranian Plateau Heritage Sites | فلات ایران، مراکز سنتی هنر و معماری,geography,none-opened,-,unverified,placeholder,not-applicable,not-applicable,non-specific placeholder site,W1-sequential-AI-review,name a specific site or remove
W1-C0535,minakari-craft-c5,geoSpatial.coordinates,"34.4279,54.888000000000005,1400",geography,S007,analyze-data.out.json syntheticPlateauPattern,contradicted,synthetic-value,not-applicable,not-applicable,"synthetic: lat = 32.4279 + 0.5*i, lng = 53.688 + 0.3*i, alt 1400; the same six points are reused by 10 palettes regardless of region (Gulf, Caspian, Khorasan, Shiraz)",W1-sequential-AI-review,remove or replace with sourced coordinates
W1-C0536,minakari-craft-c5,geoSpatial.unescoHeritageRef,ثبت میراث فرهنگی ملموس و ناملموس یونسکو,heritage-designation,none-opened,-,unverified,placeholder,not-applicable,not-applicable,non-specific or not checkable,W1-sequential-AI-review,remove generic UNESCO wording
W1-C0537,minakari-craft-c5,spectral.peakWavelengthNm,610 nm (dominant 610 nm),spectral,S007,palettes.ts provenance.spectralStatus,illustrative,not-applicable,not-measured (measuredSpectra=0),not-applicable,peak equals dominant wavelength (template),W1-sequential-AI-review,keep labelled illustrative
W1-C0538,minakari-craft-c5,historicalContextFa,لعاب سفید پایه با اکسید قلع و سیلیکات خالص,cultural-history,none-opened,-,unverified,duplicate-of-meaningFa,not-applicable,not-applicable,"copy of meaningFa, not independent context",W1-sequential-AI-review,cite or remove
W1-C0539,minakari-craft-c5,artMovement,هنر میناکاری و قلم‌زنی,art-history,none-opened,-,unverified,duplicate-of-palette-name,not-applicable,not-applicable,"copy of palette nameFa, not a movement",W1-sequential-AI-review,remove or replace
W1-C0540,minakari-craft-c5,chemical.molarMass (raw; dropped by normaliser),Calculated Complex,chemistry-arithmetic,none,-,unverified,placeholder,not-applicable,not-applicable,"not a value (""Calculated Complex"") (arithmetic consistency only; not evidence the material is present)",W1-sequential-AI-review,drop from source data (already excluded from normalised output)
W1-C0541,minakari-craft-c6,hex,#0A192F,color-value,S001;S002,no exact match in S001 or S002,designer-choice,no-modern-list-match,none-on-record (measuredSpectra=0),designer-choice,origin of value undocumented,W1-sequential-AI-review,"label as designer choice; if derived from a named-color list, say so"
W1-C0542,minakari-craft-c6,nameEn,Kiln Shadow Navy,naming,none,-,illustrative,evocative-label,not-applicable,designer-choice,label only,W1-sequential-AI-review,keep as label; avoid implying historical name
W1-C0543,minakari-craft-c6,nameFa,سرمه‌ای کوره مینا,naming,none,-,illustrative,evocative-label,not-applicable,designer-choice,label only,W1-sequential-AI-review,none
W1-C0544,minakari-craft-c6,meaningFa,تیرگی اکسید کبالت پس از حرارت ۸۰۰ درجه کوره,cultural-history,none-opened,-,unverified,not-checked,not-applicable,not-applicable,cultural/material assertion with no citation,W1-sequential-AI-review,hedge or cite
W1-C0545,minakari-craft-c6,mineralogical.mineralName,Persian Historical Pigment (Kiln Shadow Navy),material,none-opened,heritage-data.ts minakari-craft-c6.evidence.mineralogical,unverified,placeholder,no-analysis-on-record,not-applicable,"template ""Persian Historical Pigment (<name>)"": no pigment identification",W1-sequential-AI-review,"replace template with ""unknown"" or remove"
W1-C0546,minakari-craft-c6,mineralogical.chemicalFormula,Natural Organic / Mineral Complex (Matrix #0A192F),chemistry,S007,-,contradicted,placeholder,no-analysis-on-record,not-applicable,"template ""Natural Organic / Mineral Complex (Matrix #HEX)"" embeds the HEX value; not a chemical formula",W1-sequential-AI-review,correct or remove
W1-C0547,minakari-craft-c6,mineralogical.casNumber,7732-18-5 (Authentic Historical Specimen),chemistry-identifier,S005,CAS 7732-18-5,contradicted,checked-against-S005,not-applicable,not-applicable,"S005: 7732-18-5 = water, H2O (PubChem CID 962); labelled ""(Authentic Historical Specimen)""",W1-sequential-AI-review,remove or replace with the CAS RN of the named substance
W1-C0548,minakari-craft-c6,mineralogical.historicalManuscriptRef,رسالات کهن رنگرزی سنتی و صنعتی ایران زمین,documentary-reference,none-opened,no page/folio/edition given,unverified,placeholder,not-applicable,not-applicable,"placeholder phrase (""old treatises of Iranian dyeing""): no identifiable work",W1-sequential-AI-review,remove placeholder
W1-C0549,minakari-craft-c6,mineralogical.traditionalExtraction,استخراج سنتی از منابع گیاهی و معدنی ایران بر اساس رسالات خطی تذهیب و رنگرزی,craft-process,none-opened,-,unverified,placeholder,not-applicable,not-applicable,template sentence repeated for 60 records,W1-sequential-AI-review,cite or remove
W1-C0550,minakari-craft-c6,mineralogical.crystalSystem,کریستالین بومی فلات ایران,mineralogy,S007,-,contradicted,type-error,not-applicable,not-applicable,value is not a crystal system (type error),W1-sequential-AI-review,remove or use a real crystal system
W1-C0551,minakari-craft-c6,geoSpatial.originSite,Iranian Plateau Heritage Sites | فلات ایران، مراکز سنتی هنر و معماری,geography,none-opened,-,unverified,placeholder,not-applicable,not-applicable,non-specific placeholder site,W1-sequential-AI-review,name a specific site or remove
W1-C0552,minakari-craft-c6,geoSpatial.coordinates,"34.9279,55.188,1400",geography,S007,analyze-data.out.json syntheticPlateauPattern,contradicted,synthetic-value,not-applicable,not-applicable,"synthetic: lat = 32.4279 + 0.5*i, lng = 53.688 + 0.3*i, alt 1400; the same six points are reused by 10 palettes regardless of region (Gulf, Caspian, Khorasan, Shiraz)",W1-sequential-AI-review,remove or replace with sourced coordinates
W1-C0553,minakari-craft-c6,geoSpatial.unescoHeritageRef,ثبت میراث فرهنگی ملموس و ناملموس یونسکو,heritage-designation,none-opened,-,unverified,placeholder,not-applicable,not-applicable,non-specific or not checkable,W1-sequential-AI-review,remove generic UNESCO wording
W1-C0554,minakari-craft-c6,spectral.peakWavelengthNm,450 nm (dominant 450 nm),spectral,S007,palettes.ts provenance.spectralStatus,illustrative,not-applicable,not-measured (measuredSpectra=0),not-applicable,peak equals dominant wavelength (template),W1-sequential-AI-review,keep labelled illustrative
W1-C0555,minakari-craft-c6,historicalContextFa,تیرگی اکسید کبالت پس از حرارت ۸۰۰ درجه کوره,cultural-history,none-opened,-,unverified,duplicate-of-meaningFa,not-applicable,not-applicable,"copy of meaningFa, not independent context",W1-sequential-AI-review,cite or remove
W1-C0556,minakari-craft-c6,artMovement,هنر میناکاری و قلم‌زنی,art-history,none-opened,-,unverified,duplicate-of-palette-name,not-applicable,not-applicable,"copy of palette nameFa, not a movement",W1-sequential-AI-review,remove or replace
W1-C0557,minakari-craft-c6,chemical.molarMass (raw; dropped by normaliser),Calculated Complex,chemistry-arithmetic,none,-,unverified,placeholder,not-applicable,not-applicable,"not a value (""Calculated Complex"") (arithmetic consistency only; not evidence the material is present)",W1-sequential-AI-review,drop from source data (already excluded from normalised output)
W1-C0558,toranj-illumination-c1,hex,#780000,color-value,S001;S002,no exact match in S001 or S002,designer-choice,no-modern-list-match,none-on-record (measuredSpectra=0),designer-choice,origin of value undocumented,W1-sequential-AI-review,"label as designer choice; if derived from a named-color list, say so"
W1-C0559,toranj-illumination-c1,nameEn,Timurid Crimson Carmine,naming,none,-,illustrative,evocative-label,not-applicable,designer-choice,label only,W1-sequential-AI-review,keep as label; avoid implying historical name
W1-C0560,toranj-illumination-c1,nameFa,زرشکی تذهیب تیموری,naming,none,-,illustrative,evocative-label,not-applicable,designer-choice,label only,W1-sequential-AI-review,none
W1-C0561,toranj-illumination-c1,meaningFa,رنگدانه‌های سلطنتی کارگاه‌های بایسنقری هرات,cultural-history,none-opened,-,unverified,not-checked,not-applicable,not-applicable,cultural/material assertion with no citation,W1-sequential-AI-review,hedge or cite
W1-C0562,toranj-illumination-c1,mineralogical.mineralName,Persian Historical Pigment (Timurid Crimson Carmine),material,none-opened,heritage-data.ts toranj-illumination-c1.evidence.mineralogical,unverified,placeholder,no-analysis-on-record,not-applicable,"template ""Persian Historical Pigment (<name>)"": no pigment identification",W1-sequential-AI-review,"replace template with ""unknown"" or remove"
W1-C0563,toranj-illumination-c1,mineralogical.chemicalFormula,Natural Organic / Mineral Complex (Matrix #780000),chemistry,S007,-,contradicted,placeholder,no-analysis-on-record,not-applicable,"template ""Natural Organic / Mineral Complex (Matrix #HEX)"" embeds the HEX value; not a chemical formula",W1-sequential-AI-review,correct or remove
W1-C0564,toranj-illumination-c1,mineralogical.casNumber,7732-18-5 (Authentic Historical Specimen),chemistry-identifier,S005,CAS 7732-18-5,contradicted,checked-against-S005,not-applicable,not-applicable,"S005: 7732-18-5 = water, H2O (PubChem CID 962); labelled ""(Authentic Historical Specimen)""",W1-sequential-AI-review,remove or replace with the CAS RN of the named substance
W1-C0565,toranj-illumination-c1,mineralogical.historicalManuscriptRef,رسالات کهن رنگرزی سنتی و صنعتی ایران زمین,documentary-reference,none-opened,no page/folio/edition given,unverified,placeholder,not-applicable,not-applicable,"placeholder phrase (""old treatises of Iranian dyeing""): no identifiable work",W1-sequential-AI-review,remove placeholder
W1-C0566,toranj-illumination-c1,mineralogical.traditionalExtraction,استخراج سنتی از منابع گیاهی و معدنی ایران بر اساس رسالات خطی تذهیب و رنگرزی,craft-process,none-opened,-,unverified,placeholder,not-applicable,not-applicable,template sentence repeated for 60 records,W1-sequential-AI-review,cite or remove
W1-C0567,toranj-illumination-c1,mineralogical.crystalSystem,کریستالین بومی فلات ایران,mineralogy,S007,-,contradicted,type-error,not-applicable,not-applicable,value is not a crystal system (type error),W1-sequential-AI-review,remove or use a real crystal system
W1-C0568,toranj-illumination-c1,geoSpatial.originSite,Iranian Plateau Heritage Sites | فلات ایران، مراکز سنتی هنر و معماری,geography,none-opened,-,unverified,placeholder,not-applicable,not-applicable,non-specific placeholder site,W1-sequential-AI-review,name a specific site or remove
W1-C0569,toranj-illumination-c1,geoSpatial.coordinates,"32.4279,53.688,1400",geography,S007,analyze-data.out.json syntheticPlateauPattern,contradicted,synthetic-value,not-applicable,not-applicable,"synthetic: lat = 32.4279 + 0.5*i, lng = 53.688 + 0.3*i, alt 1400; the same six points are reused by 10 palettes regardless of region (Gulf, Caspian, Khorasan, Shiraz)",W1-sequential-AI-review,remove or replace with sourced coordinates
W1-C0570,toranj-illumination-c1,geoSpatial.unescoHeritageRef,ثبت میراث فرهنگی ملموس و ناملموس یونسکو,heritage-designation,none-opened,-,unverified,placeholder,not-applicable,not-applicable,non-specific or not checkable,W1-sequential-AI-review,remove generic UNESCO wording
W1-C0571,toranj-illumination-c1,spectral.peakWavelengthNm,634 nm (dominant 634 nm),spectral,S007,palettes.ts provenance.spectralStatus,illustrative,not-applicable,not-measured (measuredSpectra=0),not-applicable,peak equals dominant wavelength (template),W1-sequential-AI-review,keep labelled illustrative
W1-C0572,toranj-illumination-c1,historicalContextFa,رنگدانه‌های سلطنتی کارگاه‌های بایسنقری هرات,cultural-history,none-opened,-,unverified,duplicate-of-meaningFa,not-applicable,not-applicable,"copy of meaningFa, not independent context",W1-sequential-AI-review,cite or remove
W1-C0573,toranj-illumination-c1,artMovement,ترنج و اسلیمی کتاب‌آرایی,art-history,none-opened,-,unverified,duplicate-of-palette-name,not-applicable,not-applicable,"copy of palette nameFa, not a movement",W1-sequential-AI-review,remove or replace
W1-C0574,toranj-illumination-c1,chemical.molarMass (raw; dropped by normaliser),Calculated Complex,chemistry-arithmetic,none,-,unverified,placeholder,not-applicable,not-applicable,"not a value (""Calculated Complex"") (arithmetic consistency only; not evidence the material is present)",W1-sequential-AI-review,drop from source data (already excluded from normalised output)
W1-C0575,toranj-illumination-c2,hex,#283655,color-value,S001;S002,no exact match in S001 or S002,designer-choice,no-modern-list-match,none-on-record (measuredSpectra=0),designer-choice,origin of value undocumented,W1-sequential-AI-review,"label as designer choice; if derived from a named-color list, say so"
W1-C0576,toranj-illumination-c2,nameEn,Indigo Shamseh Navy,naming,none,-,illustrative,evocative-label,not-applicable,designer-choice,label only,W1-sequential-AI-review,keep as label; avoid implying historical name
W1-C0577,toranj-illumination-c2,nameFa,نیلی لاجوردی شمسه (Indigo),naming,none,-,illustrative,evocative-label,not-applicable,designer-choice,label only,W1-sequential-AI-review,none
W1-C0578,toranj-illumination-c2,meaningFa,سرمه‌ای نیلی پرمایه کتیبه‌های قرآن‌های نفیس صفوی,cultural-history,none-opened,-,unverified,not-checked,not-applicable,not-applicable,cultural/material assertion with no citation,W1-sequential-AI-review,hedge or cite
W1-C0579,toranj-illumination-c2,mineralogical.mineralName,Persian Historical Pigment (Indigo Shamseh Navy),material,none-opened,heritage-data.ts toranj-illumination-c2.evidence.mineralogical,unverified,placeholder,no-analysis-on-record,not-applicable,"template ""Persian Historical Pigment (<name>)"": no pigment identification",W1-sequential-AI-review,"replace template with ""unknown"" or remove"
W1-C0580,toranj-illumination-c2,mineralogical.chemicalFormula,Natural Organic / Mineral Complex (Matrix #283655),chemistry,S007,-,contradicted,placeholder,no-analysis-on-record,not-applicable,"template ""Natural Organic / Mineral Complex (Matrix #HEX)"" embeds the HEX value; not a chemical formula",W1-sequential-AI-review,correct or remove
W1-C0581,toranj-illumination-c2,mineralogical.casNumber,7732-18-5 (Authentic Historical Specimen),chemistry-identifier,S005,CAS 7732-18-5,contradicted,checked-against-S005,not-applicable,not-applicable,"S005: 7732-18-5 = water, H2O (PubChem CID 962); labelled ""(Authentic Historical Specimen)""",W1-sequential-AI-review,remove or replace with the CAS RN of the named substance
W1-C0582,toranj-illumination-c2,mineralogical.historicalManuscriptRef,رسالات کهن رنگرزی سنتی و صنعتی ایران زمین,documentary-reference,none-opened,no page/folio/edition given,unverified,placeholder,not-applicable,not-applicable,"placeholder phrase (""old treatises of Iranian dyeing""): no identifiable work",W1-sequential-AI-review,remove placeholder
W1-C0583,toranj-illumination-c2,mineralogical.traditionalExtraction,استخراج سنتی از منابع گیاهی و معدنی ایران بر اساس رسالات خطی تذهیب و رنگرزی,craft-process,none-opened,-,unverified,placeholder,not-applicable,not-applicable,template sentence repeated for 60 records,W1-sequential-AI-review,cite or remove
W1-C0584,toranj-illumination-c2,mineralogical.crystalSystem,کریستالین بومی فلات ایران,mineralogy,S007,-,contradicted,type-error,not-applicable,not-applicable,value is not a crystal system (type error),W1-sequential-AI-review,remove or use a real crystal system
W1-C0585,toranj-illumination-c2,geoSpatial.originSite,Iranian Plateau Heritage Sites | فلات ایران، مراکز سنتی هنر و معماری,geography,none-opened,-,unverified,placeholder,not-applicable,not-applicable,non-specific placeholder site,W1-sequential-AI-review,name a specific site or remove
W1-C0586,toranj-illumination-c2,geoSpatial.coordinates,"32.9279,53.988,1400",geography,S007,analyze-data.out.json syntheticPlateauPattern,contradicted,synthetic-value,not-applicable,not-applicable,"synthetic: lat = 32.4279 + 0.5*i, lng = 53.688 + 0.3*i, alt 1400; the same six points are reused by 10 palettes regardless of region (Gulf, Caspian, Khorasan, Shiraz)",W1-sequential-AI-review,remove or replace with sourced coordinates
W1-C0587,toranj-illumination-c2,geoSpatial.unescoHeritageRef,ثبت میراث فرهنگی ملموس و ناملموس یونسکو,heritage-designation,none-opened,-,unverified,placeholder,not-applicable,not-applicable,non-specific or not checkable,W1-sequential-AI-review,remove generic UNESCO wording
W1-C0588,toranj-illumination-c2,spectral.peakWavelengthNm,451 nm (dominant 451 nm),spectral,S007,palettes.ts provenance.spectralStatus,illustrative,not-applicable,not-measured (measuredSpectra=0),not-applicable,peak equals dominant wavelength (template),W1-sequential-AI-review,keep labelled illustrative
W1-C0589,toranj-illumination-c2,historicalContextFa,سرمه‌ای نیلی پرمایه کتیبه‌های قرآن‌های نفیس صفوی,cultural-history,none-opened,-,unverified,duplicate-of-meaningFa,not-applicable,not-applicable,"copy of meaningFa, not independent context",W1-sequential-AI-review,cite or remove
W1-C0590,toranj-illumination-c2,artMovement,ترنج و اسلیمی کتاب‌آرایی,art-history,none-opened,-,unverified,duplicate-of-palette-name,not-applicable,not-applicable,"copy of palette nameFa, not a movement",W1-sequential-AI-review,remove or replace
W1-C0591,toranj-illumination-c2,chemical.molarMass (raw; dropped by normaliser),Calculated Complex,chemistry-arithmetic,none,-,unverified,placeholder,not-applicable,not-applicable,"not a value (""Calculated Complex"") (arithmetic consistency only; not evidence the material is present)",W1-sequential-AI-review,drop from source data (already excluded from normalised output)
W1-C0592,toranj-illumination-c3,hex,#DAA520,color-value,S001;S002,"S001 css:goldenrod; S002 ""Goldenrod""",designer-choice,exact-match-in-modern-color-list,none-on-record (measuredSpectra=0),designer-choice,HEX identical to a modern named-color list entry; suggests digital-list origin rather than material measurement,W1-sequential-AI-review,"label as designer choice; if derived from a named-color list, say so"
W1-C0593,toranj-illumination-c3,nameEn,Goldenrod Gold,naming,S001,"S001 css:goldenrod; S002 ""Goldenrod""",illustrative,pair-found-in-modern-list,not-applicable,designer-choice,modern list entry is not evidence of historical use,W1-sequential-AI-review,keep as label; avoid implying historical name
W1-C0594,toranj-illumination-c3,nameFa,طلای ناب شمسه (Goldenrod),naming,none,-,unverified,authenticity-adjective-unsupported,not-applicable,designer-choice,"name asserts authenticity/purity (""اصیل""/""ناب"")",W1-sequential-AI-review,drop authenticity adjective
W1-C0595,toranj-illumination-c3,meaningFa,درخشش زرین طلای عیار بالا در طلااندازی اوراق کهن,cultural-history,none-opened,-,unverified,not-checked,not-applicable,not-applicable,cultural/material assertion with no citation,W1-sequential-AI-review,hedge or cite
W1-C0596,toranj-illumination-c3,mineralogical.mineralName,Persian Historical Pigment (Goldenrod Gold),material,none-opened,heritage-data.ts toranj-illumination-c3.evidence.mineralogical,unverified,placeholder,no-analysis-on-record,not-applicable,"template ""Persian Historical Pigment (<name>)"": no pigment identification",W1-sequential-AI-review,"replace template with ""unknown"" or remove"
W1-C0597,toranj-illumination-c3,mineralogical.chemicalFormula,Natural Organic / Mineral Complex (Matrix #DAA520),chemistry,S007,-,contradicted,placeholder,no-analysis-on-record,not-applicable,"template ""Natural Organic / Mineral Complex (Matrix #HEX)"" embeds the HEX value; not a chemical formula",W1-sequential-AI-review,correct or remove
W1-C0598,toranj-illumination-c3,mineralogical.casNumber,7732-18-5 (Authentic Historical Specimen),chemistry-identifier,S005,CAS 7732-18-5,contradicted,checked-against-S005,not-applicable,not-applicable,"S005: 7732-18-5 = water, H2O (PubChem CID 962); labelled ""(Authentic Historical Specimen)""",W1-sequential-AI-review,remove or replace with the CAS RN of the named substance
W1-C0599,toranj-illumination-c3,mineralogical.historicalManuscriptRef,رسالات کهن رنگرزی سنتی و صنعتی ایران زمین,documentary-reference,none-opened,no page/folio/edition given,unverified,placeholder,not-applicable,not-applicable,"placeholder phrase (""old treatises of Iranian dyeing""): no identifiable work",W1-sequential-AI-review,remove placeholder
W1-C0600,toranj-illumination-c3,mineralogical.traditionalExtraction,استخراج سنتی از منابع گیاهی و معدنی ایران بر اساس رسالات خطی تذهیب و رنگرزی,craft-process,none-opened,-,unverified,placeholder,not-applicable,not-applicable,template sentence repeated for 60 records,W1-sequential-AI-review,cite or remove
W1-C0601,toranj-illumination-c3,mineralogical.crystalSystem,کریستالین بومی فلات ایران,mineralogy,S007,-,contradicted,type-error,not-applicable,not-applicable,value is not a crystal system (type error),W1-sequential-AI-review,remove or use a real crystal system
W1-C0602,toranj-illumination-c3,geoSpatial.originSite,Iranian Plateau Heritage Sites | فلات ایران، مراکز سنتی هنر و معماری,geography,none-opened,-,unverified,placeholder,not-applicable,not-applicable,non-specific placeholder site,W1-sequential-AI-review,name a specific site or remove
W1-C0603,toranj-illumination-c3,geoSpatial.coordinates,"33.4279,54.288000000000004,1400",geography,S007,analyze-data.out.json syntheticPlateauPattern,contradicted,synthetic-value,not-applicable,not-applicable,"synthetic: lat = 32.4279 + 0.5*i, lng = 53.688 + 0.3*i, alt 1400; the same six points are reused by 10 palettes regardless of region (Gulf, Caspian, Khorasan, Shiraz)",W1-sequential-AI-review,remove or replace with sourced coordinates
W1-C0604,toranj-illumination-c3,geoSpatial.unescoHeritageRef,ثبت میراث فرهنگی ملموس و ناملموس یونسکو,heritage-designation,none-opened,-,unverified,placeholder,not-applicable,not-applicable,non-specific or not checkable,W1-sequential-AI-review,remove generic UNESCO wording
W1-C0605,toranj-illumination-c3,spectral.peakWavelengthNm,584 nm (dominant 584 nm),spectral,S007,palettes.ts provenance.spectralStatus,illustrative,not-applicable,not-measured (measuredSpectra=0),not-applicable,peak equals dominant wavelength (template),W1-sequential-AI-review,keep labelled illustrative
W1-C0606,toranj-illumination-c3,historicalContextFa,درخشش زرین طلای عیار بالا در طلااندازی اوراق کهن,cultural-history,none-opened,-,unverified,duplicate-of-meaningFa,not-applicable,not-applicable,"copy of meaningFa, not independent context",W1-sequential-AI-review,cite or remove
W1-C0607,toranj-illumination-c3,artMovement,ترنج و اسلیمی کتاب‌آرایی,art-history,none-opened,-,unverified,duplicate-of-palette-name,not-applicable,not-applicable,"copy of palette nameFa, not a movement",W1-sequential-AI-review,remove or replace
W1-C0608,toranj-illumination-c3,chemical.molarMass (raw; dropped by normaliser),Calculated Complex,chemistry-arithmetic,none,-,unverified,placeholder,not-applicable,not-applicable,"not a value (""Calculated Complex"") (arithmetic consistency only; not evidence the material is present)",W1-sequential-AI-review,drop from source data (already excluded from normalised output)
W1-C0609,toranj-illumination-c4,hex,#386641,color-value,S001;S002,no exact match in S001 or S002,designer-choice,no-modern-list-match,none-on-record (measuredSpectra=0),designer-choice,origin of value undocumented,W1-sequential-AI-review,"label as designer choice; if derived from a named-color list, say so"
W1-C0610,toranj-illumination-c4,nameEn,Malachite Resin Green,naming,none,-,illustrative,evocative-label,not-applicable,designer-choice,label only,W1-sequential-AI-review,keep as label; avoid implying historical name
W1-C0611,toranj-illumination-c4,nameFa,سبز صمغی کهن,naming,none,-,illustrative,evocative-label,not-applicable,designer-choice,label only,W1-sequential-AI-review,none
W1-C0612,toranj-illumination-c4,meaningFa,اکسید مس آمیخته با صمغ عربی و آب لیمو,cultural-history,none-opened,-,unverified,not-checked,not-applicable,not-applicable,cultural/material assertion with no citation,W1-sequential-AI-review,hedge or cite
W1-C0613,toranj-illumination-c4,mineralogical.mineralName,Persian Historical Pigment (Malachite Resin Green),material,none-opened,heritage-data.ts toranj-illumination-c4.evidence.mineralogical,unverified,placeholder,no-analysis-on-record,not-applicable,"template ""Persian Historical Pigment (<name>)"": no pigment identification",W1-sequential-AI-review,"replace template with ""unknown"" or remove"
W1-C0614,toranj-illumination-c4,mineralogical.chemicalFormula,Natural Organic / Mineral Complex (Matrix #386641),chemistry,S007,-,contradicted,placeholder,no-analysis-on-record,not-applicable,"template ""Natural Organic / Mineral Complex (Matrix #HEX)"" embeds the HEX value; not a chemical formula",W1-sequential-AI-review,correct or remove
W1-C0615,toranj-illumination-c4,mineralogical.casNumber,7732-18-5 (Authentic Historical Specimen),chemistry-identifier,S005,CAS 7732-18-5,contradicted,checked-against-S005,not-applicable,not-applicable,"S005: 7732-18-5 = water, H2O (PubChem CID 962); labelled ""(Authentic Historical Specimen)""",W1-sequential-AI-review,remove or replace with the CAS RN of the named substance
W1-C0616,toranj-illumination-c4,mineralogical.historicalManuscriptRef,رسالات کهن رنگرزی سنتی و صنعتی ایران زمین,documentary-reference,none-opened,no page/folio/edition given,unverified,placeholder,not-applicable,not-applicable,"placeholder phrase (""old treatises of Iranian dyeing""): no identifiable work",W1-sequential-AI-review,remove placeholder
W1-C0617,toranj-illumination-c4,mineralogical.traditionalExtraction,استخراج سنتی از منابع گیاهی و معدنی ایران بر اساس رسالات خطی تذهیب و رنگرزی,craft-process,none-opened,-,unverified,placeholder,not-applicable,not-applicable,template sentence repeated for 60 records,W1-sequential-AI-review,cite or remove
W1-C0618,toranj-illumination-c4,mineralogical.crystalSystem,کریستالین بومی فلات ایران,mineralogy,S007,-,contradicted,type-error,not-applicable,not-applicable,value is not a crystal system (type error),W1-sequential-AI-review,remove or use a real crystal system
W1-C0619,toranj-illumination-c4,geoSpatial.originSite,Iranian Plateau Heritage Sites | فلات ایران، مراکز سنتی هنر و معماری,geography,none-opened,-,unverified,placeholder,not-applicable,not-applicable,non-specific placeholder site,W1-sequential-AI-review,name a specific site or remove
W1-C0620,toranj-illumination-c4,geoSpatial.coordinates,"33.9279,54.588,1400",geography,S007,analyze-data.out.json syntheticPlateauPattern,contradicted,synthetic-value,not-applicable,not-applicable,"synthetic: lat = 32.4279 + 0.5*i, lng = 53.688 + 0.3*i, alt 1400; the same six points are reused by 10 palettes regardless of region (Gulf, Caspian, Khorasan, Shiraz)",W1-sequential-AI-review,remove or replace with sourced coordinates
W1-C0621,toranj-illumination-c4,geoSpatial.unescoHeritageRef,ثبت میراث فرهنگی ملموس و ناملموس یونسکو,heritage-designation,none-opened,-,unverified,placeholder,not-applicable,not-applicable,non-specific or not checkable,W1-sequential-AI-review,remove generic UNESCO wording
W1-C0622,toranj-illumination-c4,spectral.peakWavelengthNm,519 nm (dominant 519 nm),spectral,S007,palettes.ts provenance.spectralStatus,illustrative,not-applicable,not-measured (measuredSpectra=0),not-applicable,peak equals dominant wavelength (template),W1-sequential-AI-review,keep labelled illustrative
W1-C0623,toranj-illumination-c4,historicalContextFa,اکسید مس آمیخته با صمغ عربی و آب لیمو,cultural-history,none-opened,-,unverified,duplicate-of-meaningFa,not-applicable,not-applicable,"copy of meaningFa, not independent context",W1-sequential-AI-review,cite or remove
W1-C0624,toranj-illumination-c4,artMovement,ترنج و اسلیمی کتاب‌آرایی,art-history,none-opened,-,unverified,duplicate-of-palette-name,not-applicable,not-applicable,"copy of palette nameFa, not a movement",W1-sequential-AI-review,remove or replace
W1-C0625,toranj-illumination-c4,chemical.molarMass (raw; dropped by normaliser),Calculated Complex,chemistry-arithmetic,none,-,unverified,placeholder,not-applicable,not-applicable,"not a value (""Calculated Complex"") (arithmetic consistency only; not evidence the material is present)",W1-sequential-AI-review,drop from source data (already excluded from normalised output)
W1-C0626,toranj-illumination-c5,hex,#FDFBF4,color-value,S001;S002,no exact match in S001 or S002,designer-choice,no-modern-list-match,none-on-record (measuredSpectra=0),designer-choice,origin of value undocumented,W1-sequential-AI-review,"label as designer choice; if derived from a named-color list, say so"
W1-C0627,toranj-illumination-c5,nameEn,Parchment Vellum White,naming,none,-,illustrative,evocative-label,not-applicable,designer-choice,label only,W1-sequential-AI-review,keep as label; avoid implying historical name
W1-C0628,toranj-illumination-c5,nameFa,پوست آهوی خطاطی,naming,none,-,illustrative,evocative-label,not-applicable,designer-choice,label only,W1-sequential-AI-review,none
W1-C0629,toranj-illumination-c5,meaningFa,کاغذ آهاری دست‌ساز مهره‌خورده برای کتابت نستعلیق,cultural-history,none-opened,-,unverified,not-checked,not-applicable,not-applicable,cultural/material assertion with no citation,W1-sequential-AI-review,hedge or cite
W1-C0630,toranj-illumination-c5,mineralogical.mineralName,Persian Historical Pigment (Parchment Vellum White),material,S007,heritage-data.ts toranj-illumination-c5.evidence.mineralogical,contradicted,internal-conflict,no-analysis-on-record,not-applicable,"template ""Persian Historical Pigment (<name>)"": subject is not a pigment (e.g. sea, snow, gem, spice, shade, wool, paper)",W1-sequential-AI-review,"replace template with ""unknown"" or remove"
W1-C0631,toranj-illumination-c5,mineralogical.chemicalFormula,Natural Organic / Mineral Complex (Matrix #FDFBF4),chemistry,S007,-,contradicted,placeholder,no-analysis-on-record,not-applicable,"template ""Natural Organic / Mineral Complex (Matrix #HEX)"" embeds the HEX value; not a chemical formula",W1-sequential-AI-review,correct or remove
W1-C0632,toranj-illumination-c5,mineralogical.casNumber,7732-18-5 (Authentic Historical Specimen),chemistry-identifier,S005,CAS 7732-18-5,contradicted,checked-against-S005,not-applicable,not-applicable,"S005: 7732-18-5 = water, H2O (PubChem CID 962); labelled ""(Authentic Historical Specimen)""",W1-sequential-AI-review,remove or replace with the CAS RN of the named substance
W1-C0633,toranj-illumination-c5,mineralogical.historicalManuscriptRef,رسالات کهن رنگرزی سنتی و صنعتی ایران زمین,documentary-reference,none-opened,no page/folio/edition given,unverified,placeholder,not-applicable,not-applicable,"placeholder phrase (""old treatises of Iranian dyeing""): no identifiable work",W1-sequential-AI-review,remove placeholder
W1-C0634,toranj-illumination-c5,mineralogical.traditionalExtraction,استخراج سنتی از منابع گیاهی و معدنی ایران بر اساس رسالات خطی تذهیب و رنگرزی,craft-process,none-opened,-,unverified,placeholder,not-applicable,not-applicable,template sentence repeated for 60 records,W1-sequential-AI-review,cite or remove
W1-C0635,toranj-illumination-c5,mineralogical.crystalSystem,کریستالین بومی فلات ایران,mineralogy,S007,-,contradicted,type-error,not-applicable,not-applicable,value is not a crystal system (type error),W1-sequential-AI-review,remove or use a real crystal system
W1-C0636,toranj-illumination-c5,geoSpatial.originSite,Iranian Plateau Heritage Sites | فلات ایران، مراکز سنتی هنر و معماری,geography,none-opened,-,unverified,placeholder,not-applicable,not-applicable,non-specific placeholder site,W1-sequential-AI-review,name a specific site or remove
W1-C0637,toranj-illumination-c5,geoSpatial.coordinates,"34.4279,54.888000000000005,1400",geography,S007,analyze-data.out.json syntheticPlateauPattern,contradicted,synthetic-value,not-applicable,not-applicable,"synthetic: lat = 32.4279 + 0.5*i, lng = 53.688 + 0.3*i, alt 1400; the same six points are reused by 10 palettes regardless of region (Gulf, Caspian, Khorasan, Shiraz)",W1-sequential-AI-review,remove or replace with sourced coordinates
W1-C0638,toranj-illumination-c5,geoSpatial.unescoHeritageRef,ثبت میراث فرهنگی ملموس و ناملموس یونسکو,heritage-designation,none-opened,-,unverified,placeholder,not-applicable,not-applicable,non-specific or not checkable,W1-sequential-AI-review,remove generic UNESCO wording
W1-C0639,toranj-illumination-c5,spectral.peakWavelengthNm,610 nm (dominant 610 nm),spectral,S007,palettes.ts provenance.spectralStatus,illustrative,not-applicable,not-measured (measuredSpectra=0),not-applicable,peak equals dominant wavelength (template),W1-sequential-AI-review,keep labelled illustrative
W1-C0640,toranj-illumination-c5,historicalContextFa,کاغذ آهاری دست‌ساز مهره‌خورده برای کتابت نستعلیق,cultural-history,none-opened,-,unverified,duplicate-of-meaningFa,not-applicable,not-applicable,"copy of meaningFa, not independent context",W1-sequential-AI-review,cite or remove
W1-C0641,toranj-illumination-c5,artMovement,ترنج و اسلیمی کتاب‌آرایی,art-history,none-opened,-,unverified,duplicate-of-palette-name,not-applicable,not-applicable,"copy of palette nameFa, not a movement",W1-sequential-AI-review,remove or replace
W1-C0642,toranj-illumination-c5,chemical.molarMass (raw; dropped by normaliser),Calculated Complex,chemistry-arithmetic,none,-,unverified,placeholder,not-applicable,not-applicable,"not a value (""Calculated Complex"") (arithmetic consistency only; not evidence the material is present)",W1-sequential-AI-review,drop from source data (already excluded from normalised output)
W1-C0643,toranj-illumination-c6,hex,#000000,color-value,S001;S002,"S001 css:black; S002 ""Black""",designer-choice,exact-match-in-modern-color-list,none-on-record (measuredSpectra=0),designer-choice,HEX identical to a modern named-color list entry; suggests digital-list origin rather than material measurement,W1-sequential-AI-review,"label as designer choice; if derived from a named-color list, say so"
W1-C0644,toranj-illumination-c6,nameEn,India Ink Black,naming,S001,"S001 css:black; S002 ""Black""",illustrative,pair-found-in-modern-list,not-applicable,designer-choice,modern list entry is not evidence of historical use,W1-sequential-AI-review,keep as label; avoid implying historical name
W1-C0645,toranj-illumination-c6,nameFa,مرکب سیاه کتابت (India Ink),naming,none,-,illustrative,evocative-label,not-applicable,designer-choice,label only,W1-sequential-AI-review,none
W1-C0646,toranj-illumination-c6,meaningFa,خلوص کامل دوده سنتی و مرکب ضدآب خوشنویسی میرعماد,cultural-history,none-opened,-,unverified,not-checked,not-applicable,not-applicable,cultural/material assertion with no citation,W1-sequential-AI-review,hedge or cite
W1-C0647,toranj-illumination-c6,mineralogical.mineralName,Persian Historical Pigment (India Ink Black),material,none-opened,heritage-data.ts toranj-illumination-c6.evidence.mineralogical,unverified,placeholder,no-analysis-on-record,not-applicable,"template ""Persian Historical Pigment (<name>)"": no pigment identification",W1-sequential-AI-review,"replace template with ""unknown"" or remove"
W1-C0648,toranj-illumination-c6,mineralogical.chemicalFormula,Natural Organic / Mineral Complex (Matrix #000000),chemistry,S007,-,contradicted,placeholder,no-analysis-on-record,not-applicable,"template ""Natural Organic / Mineral Complex (Matrix #HEX)"" embeds the HEX value; not a chemical formula",W1-sequential-AI-review,correct or remove
W1-C0649,toranj-illumination-c6,mineralogical.casNumber,7732-18-5 (Authentic Historical Specimen),chemistry-identifier,S005,CAS 7732-18-5,contradicted,checked-against-S005,not-applicable,not-applicable,"S005: 7732-18-5 = water, H2O (PubChem CID 962); labelled ""(Authentic Historical Specimen)""",W1-sequential-AI-review,remove or replace with the CAS RN of the named substance
W1-C0650,toranj-illumination-c6,mineralogical.historicalManuscriptRef,رسالات کهن رنگرزی سنتی و صنعتی ایران زمین,documentary-reference,none-opened,no page/folio/edition given,unverified,placeholder,not-applicable,not-applicable,"placeholder phrase (""old treatises of Iranian dyeing""): no identifiable work",W1-sequential-AI-review,remove placeholder
W1-C0651,toranj-illumination-c6,mineralogical.traditionalExtraction,استخراج سنتی از منابع گیاهی و معدنی ایران بر اساس رسالات خطی تذهیب و رنگرزی,craft-process,none-opened,-,unverified,placeholder,not-applicable,not-applicable,template sentence repeated for 60 records,W1-sequential-AI-review,cite or remove
W1-C0652,toranj-illumination-c6,mineralogical.crystalSystem,کریستالین بومی فلات ایران,mineralogy,S007,-,contradicted,type-error,not-applicable,not-applicable,value is not a crystal system (type error),W1-sequential-AI-review,remove or use a real crystal system
W1-C0653,toranj-illumination-c6,geoSpatial.originSite,Iranian Plateau Heritage Sites | فلات ایران، مراکز سنتی هنر و معماری,geography,none-opened,-,unverified,placeholder,not-applicable,not-applicable,non-specific placeholder site,W1-sequential-AI-review,name a specific site or remove
W1-C0654,toranj-illumination-c6,geoSpatial.coordinates,"34.9279,55.188,1400",geography,S007,analyze-data.out.json syntheticPlateauPattern,contradicted,synthetic-value,not-applicable,not-applicable,"synthetic: lat = 32.4279 + 0.5*i, lng = 53.688 + 0.3*i, alt 1400; the same six points are reused by 10 palettes regardless of region (Gulf, Caspian, Khorasan, Shiraz)",W1-sequential-AI-review,remove or replace with sourced coordinates
W1-C0655,toranj-illumination-c6,geoSpatial.unescoHeritageRef,ثبت میراث فرهنگی ملموس و ناملموس یونسکو,heritage-designation,none-opened,-,unverified,placeholder,not-applicable,not-applicable,non-specific or not checkable,W1-sequential-AI-review,remove generic UNESCO wording
W1-C0656,toranj-illumination-c6,spectral.peakWavelengthNm,610 nm (dominant 610 nm),spectral,S007,palettes.ts provenance.spectralStatus,contradicted,not-applicable,not-measured (measuredSpectra=0),not-applicable,"peak equals dominant wavelength (template) | A15/A02: this colour has no dominant wavelength (black has no chromaticity; purple-sector colours have only a complementary wavelength). The value is physically impossible, not merely illustrative.",W1-sequential-AI-review;A15-reconciled,Remove dominantWavelengthNm/peak for this record; see MSR-SCI-001.
W1-C0657,toranj-illumination-c6,historicalContextFa,خلوص کامل دوده سنتی و مرکب ضدآب خوشنویسی میرعماد,cultural-history,none-opened,-,unverified,duplicate-of-meaningFa,not-applicable,not-applicable,"copy of meaningFa, not independent context",W1-sequential-AI-review,cite or remove
W1-C0658,toranj-illumination-c6,artMovement,ترنج و اسلیمی کتاب‌آرایی,art-history,none-opened,-,unverified,duplicate-of-palette-name,not-applicable,not-applicable,"copy of palette nameFa, not a movement",W1-sequential-AI-review,remove or replace
W1-C0659,toranj-illumination-c6,chemical.molarMass (raw; dropped by normaliser),Calculated Complex,chemistry-arithmetic,none,-,unverified,placeholder,not-applicable,not-applicable,"not a value (""Calculated Complex"") (arithmetic consistency only; not evidence the material is present)",W1-sequential-AI-review,drop from source data (already excluded from normalised output)
W1-C0660,persian-gulf-pearls-c1,hex,#0067A5,color-value,S002,"S002 ""Medium Persian Blue"" / ""Sapphire Blue""",designer-choice,exact-match-in-modern-color-list,none-on-record (measuredSpectra=0),designer-choice,HEX identical to a modern named-color list entry; suggests digital-list origin rather than material measurement,W1-sequential-AI-review,"label as designer choice; if derived from a named-color list, say so"
W1-C0661,persian-gulf-pearls-c1,nameEn,Medium Persian Blue,naming,S002,"S002 ""Medium Persian Blue"" / ""Sapphire Blue""",partially-supported,pair-found-in-modern-list,not-applicable,designer-choice,modern list entry is not evidence of historical use,W1-sequential-AI-review,keep as label; avoid implying historical name
W1-C0662,persian-gulf-pearls-c1,nameFa,آبی پارسی اصیل (Medium Persian Blue),naming,none,-,unverified,authenticity-adjective-unsupported,not-applicable,designer-choice,"name asserts authenticity/purity (""اصیل""/""ناب"")",W1-sequential-AI-review,drop authenticity adjective
W1-C0663,persian-gulf-pearls-c1,meaningFa,آبی روشن‌تر دریایی ثبت‌شده جهانی خلیج فارس,cultural-history,S002,HEX lookup,unverified,checked-against-S002,not-applicable,not-applicable,"""globally registered"": #0067A5 equals ""Medium Persian Blue"" in S002 (modern list)",W1-sequential-AI-review,hedge or cite
W1-C0664,persian-gulf-pearls-c1,mineralogical.mineralName,Persian Historical Pigment (Medium Persian Blue),material,S007,heritage-data.ts persian-gulf-pearls-c1.evidence.mineralogical,unverified,internal-conflict,no-analysis-on-record,not-applicable,"template ""Persian Historical Pigment (<name>)"": subject is not a pigment (e.g. sea, snow, gem, spice, shade, wool, paper) | A15: a colour or dye-source name is not refuted as a ""pigment"" subject; applied the same rule as Walnut Husk/Turmeric/Persian Blue/Persian Orange.",W1-sequential-AI-review;A15-reconciled,"replace template with ""unknown"" or remove"
W1-C0665,persian-gulf-pearls-c1,mineralogical.chemicalFormula,Natural Organic / Mineral Complex (Matrix #0067A5),chemistry,S007,-,contradicted,placeholder,no-analysis-on-record,not-applicable,"template ""Natural Organic / Mineral Complex (Matrix #HEX)"" embeds the HEX value; not a chemical formula",W1-sequential-AI-review,correct or remove
W1-C0666,persian-gulf-pearls-c1,mineralogical.casNumber,7732-18-5 (Authentic Historical Specimen),chemistry-identifier,S005,CAS 7732-18-5,contradicted,checked-against-S005,not-applicable,not-applicable,"S005: 7732-18-5 = water, H2O (PubChem CID 962); labelled ""(Authentic Historical Specimen)""",W1-sequential-AI-review,remove or replace with the CAS RN of the named substance
W1-C0667,persian-gulf-pearls-c1,mineralogical.historicalManuscriptRef,رسالات کهن رنگرزی سنتی و صنعتی ایران زمین,documentary-reference,none-opened,no page/folio/edition given,unverified,placeholder,not-applicable,not-applicable,"placeholder phrase (""old treatises of Iranian dyeing""): no identifiable work",W1-sequential-AI-review,remove placeholder
W1-C0668,persian-gulf-pearls-c1,mineralogical.traditionalExtraction,استخراج سنتی از منابع گیاهی و معدنی ایران بر اساس رسالات خطی تذهیب و رنگرزی,craft-process,none-opened,-,unverified,placeholder,not-applicable,not-applicable,template sentence repeated for 60 records,W1-sequential-AI-review,cite or remove
W1-C0669,persian-gulf-pearls-c1,mineralogical.crystalSystem,کریستالین بومی فلات ایران,mineralogy,S007,-,contradicted,type-error,not-applicable,not-applicable,value is not a crystal system (type error),W1-sequential-AI-review,remove or use a real crystal system
W1-C0670,persian-gulf-pearls-c1,geoSpatial.originSite,Iranian Plateau Heritage Sites | فلات ایران، مراکز سنتی هنر و معماری,geography,none-opened,-,unverified,placeholder,not-applicable,not-applicable,non-specific placeholder site,W1-sequential-AI-review,name a specific site or remove
W1-C0671,persian-gulf-pearls-c1,geoSpatial.coordinates,"32.4279,53.688,1400",geography,S007,analyze-data.out.json syntheticPlateauPattern,contradicted,synthetic-value,not-applicable,not-applicable,"synthetic: lat = 32.4279 + 0.5*i, lng = 53.688 + 0.3*i, alt 1400; the same six points are reused by 10 palettes regardless of region (Gulf, Caspian, Khorasan, Shiraz)",W1-sequential-AI-review,remove or replace with sourced coordinates
W1-C0672,persian-gulf-pearls-c1,geoSpatial.unescoHeritageRef,ثبت میراث فرهنگی ملموس و ناملموس یونسکو,heritage-designation,none-opened,-,unverified,placeholder,not-applicable,not-applicable,non-specific or not checkable,W1-sequential-AI-review,remove generic UNESCO wording
W1-C0673,persian-gulf-pearls-c1,spectral.peakWavelengthNm,490 nm (dominant 490 nm),spectral,S007,palettes.ts provenance.spectralStatus,illustrative,not-applicable,not-measured (measuredSpectra=0),not-applicable,peak equals dominant wavelength (template),W1-sequential-AI-review,keep labelled illustrative
W1-C0674,persian-gulf-pearls-c1,historicalContextFa,آبی روشن‌تر دریایی ثبت‌شده جهانی خلیج فارس,cultural-history,none-opened,-,unverified,duplicate-of-meaningFa,not-applicable,not-applicable,"copy of meaningFa, not independent context",W1-sequential-AI-review,cite or remove
W1-C0675,persian-gulf-pearls-c1,artMovement,راز خلیج فارس و مروارید قشم,art-history,none-opened,-,unverified,duplicate-of-palette-name,not-applicable,not-applicable,"copy of palette nameFa, not a movement",W1-sequential-AI-review,remove or replace
W1-C0676,persian-gulf-pearls-c1,chemical.molarMass (raw; dropped by normaliser),Calculated Complex,chemistry-arithmetic,none,-,unverified,placeholder,not-applicable,not-applicable,"not a value (""Calculated Complex"") (arithmetic consistency only; not evidence the material is present)",W1-sequential-AI-review,drop from source data (already excluded from normalised output)
W1-C0677,persian-gulf-pearls-c2,hex,#00B4D8,color-value,S001;S002,no exact match in S001 or S002,designer-choice,no-modern-list-match,none-on-record (measuredSpectra=0),designer-choice,origin of value undocumented,W1-sequential-AI-review,"label as designer choice; if derived from a named-color list, say so"
W1-C0678,persian-gulf-pearls-c2,nameEn,Qeshm Turquoise Shore,naming,none,-,illustrative,evocative-label,not-applicable,designer-choice,label only,W1-sequential-AI-review,keep as label; avoid implying historical name
W1-C0679,persian-gulf-pearls-c2,nameFa,آبی فیروزه‌ای قشم,naming,none,-,illustrative,evocative-label,not-applicable,designer-choice,label only,W1-sequential-AI-review,none
W1-C0680,persian-gulf-pearls-c2,meaningFa,شفافیت خلیج فارس در ساحل ناز و جزیره هنگام,cultural-history,none-opened,-,unverified,not-checked,not-applicable,not-applicable,cultural/material assertion with no citation,W1-sequential-AI-review,hedge or cite
W1-C0681,persian-gulf-pearls-c2,mineralogical.mineralName,Persian Historical Pigment (Qeshm Turquoise Shore),material,S007,heritage-data.ts persian-gulf-pearls-c2.evidence.mineralogical,contradicted,internal-conflict,no-analysis-on-record,not-applicable,"template ""Persian Historical Pigment (<name>)"": subject is not a pigment (e.g. sea, snow, gem, spice, shade, wool, paper)",W1-sequential-AI-review,"replace template with ""unknown"" or remove"
W1-C0682,persian-gulf-pearls-c2,mineralogical.chemicalFormula,Natural Organic / Mineral Complex (Matrix #00B4D8),chemistry,S007,-,contradicted,placeholder,no-analysis-on-record,not-applicable,"template ""Natural Organic / Mineral Complex (Matrix #HEX)"" embeds the HEX value; not a chemical formula",W1-sequential-AI-review,correct or remove
W1-C0683,persian-gulf-pearls-c2,mineralogical.casNumber,7732-18-5 (Authentic Historical Specimen),chemistry-identifier,S005,CAS 7732-18-5,contradicted,checked-against-S005,not-applicable,not-applicable,"S005: 7732-18-5 = water, H2O (PubChem CID 962); labelled ""(Authentic Historical Specimen)""",W1-sequential-AI-review,remove or replace with the CAS RN of the named substance
W1-C0684,persian-gulf-pearls-c2,mineralogical.historicalManuscriptRef,رسالات کهن رنگرزی سنتی و صنعتی ایران زمین,documentary-reference,none-opened,no page/folio/edition given,unverified,placeholder,not-applicable,not-applicable,"placeholder phrase (""old treatises of Iranian dyeing""): no identifiable work",W1-sequential-AI-review,remove placeholder
W1-C0685,persian-gulf-pearls-c2,mineralogical.traditionalExtraction,استخراج سنتی از منابع گیاهی و معدنی ایران بر اساس رسالات خطی تذهیب و رنگرزی,craft-process,none-opened,-,unverified,placeholder,not-applicable,not-applicable,template sentence repeated for 60 records,W1-sequential-AI-review,cite or remove
W1-C0686,persian-gulf-pearls-c2,mineralogical.crystalSystem,کریستالین بومی فلات ایران,mineralogy,S007,-,contradicted,type-error,not-applicable,not-applicable,value is not a crystal system (type error),W1-sequential-AI-review,remove or use a real crystal system
W1-C0687,persian-gulf-pearls-c2,geoSpatial.originSite,Iranian Plateau Heritage Sites | فلات ایران، مراکز سنتی هنر و معماری,geography,none-opened,-,unverified,placeholder,not-applicable,not-applicable,non-specific placeholder site,W1-sequential-AI-review,name a specific site or remove
W1-C0688,persian-gulf-pearls-c2,geoSpatial.coordinates,"32.9279,53.988,1400",geography,S007,analyze-data.out.json syntheticPlateauPattern,contradicted,synthetic-value,not-applicable,not-applicable,"synthetic: lat = 32.4279 + 0.5*i, lng = 53.688 + 0.3*i, alt 1400; the same six points are reused by 10 palettes regardless of region (Gulf, Caspian, Khorasan, Shiraz)",W1-sequential-AI-review,remove or replace with sourced coordinates
W1-C0689,persian-gulf-pearls-c2,geoSpatial.unescoHeritageRef,ثبت میراث فرهنگی ملموس و ناملموس یونسکو,heritage-designation,none-opened,-,unverified,placeholder,not-applicable,not-applicable,non-specific or not checkable,W1-sequential-AI-review,remove generic UNESCO wording
W1-C0690,persian-gulf-pearls-c2,spectral.peakWavelengthNm,502 nm (dominant 502 nm),spectral,S007,palettes.ts provenance.spectralStatus,illustrative,not-applicable,not-measured (measuredSpectra=0),not-applicable,peak equals dominant wavelength (template),W1-sequential-AI-review,keep labelled illustrative
W1-C0691,persian-gulf-pearls-c2,historicalContextFa,شفافیت خلیج فارس در ساحل ناز و جزیره هنگام,cultural-history,none-opened,-,unverified,duplicate-of-meaningFa,not-applicable,not-applicable,"copy of meaningFa, not independent context",W1-sequential-AI-review,cite or remove
W1-C0692,persian-gulf-pearls-c2,artMovement,راز خلیج فارس و مروارید قشم,art-history,none-opened,-,unverified,duplicate-of-palette-name,not-applicable,not-applicable,"copy of palette nameFa, not a movement",W1-sequential-AI-review,remove or replace
W1-C0693,persian-gulf-pearls-c2,chemical.molarMass (raw; dropped by normaliser),Calculated Complex,chemistry-arithmetic,none,-,unverified,placeholder,not-applicable,not-applicable,"not a value (""Calculated Complex"") (arithmetic consistency only; not evidence the material is present)",W1-sequential-AI-review,drop from source data (already excluded from normalised output)
W1-C0694,persian-gulf-pearls-c3,hex,#901C1C,color-value,S001;S002,no exact match in S001 or S002,designer-choice,no-modern-list-match,none-on-record (measuredSpectra=0),designer-choice,origin of value undocumented,W1-sequential-AI-review,"label as designer choice; if derived from a named-color list, say so"
W1-C0695,persian-gulf-pearls-c3,nameEn,Hormuz Red Ochre,naming,none,-,illustrative,evocative-label,not-applicable,designer-choice,label only,W1-sequential-AI-review,keep as label; avoid implying historical name
W1-C0696,persian-gulf-pearls-c3,nameFa,خاک سرخ هرمز (Red Ochre),naming,none,-,illustrative,evocative-label,not-applicable,designer-choice,label only,W1-sequential-AI-review,none
W1-C0697,persian-gulf-pearls-c3,meaningFa,اصلاح شده بر اساس اکسید آهن خوراکی معدن خاک هرمز,cultural-history,S007,README.fa.md:21; tokens/data-quality.json,contradicted,internal-conflict,no-measurement-on-record,not-applicable,claims HEX was corrected against Hormuz iron oxide; README.fa.md:21 says HEX is a design choice and 0 spectra measured,W1-sequential-AI-review,remove or correct
W1-C0698,persian-gulf-pearls-c3,mineralogical.mineralName,Persian Historical Pigment (Hormuz Red Ochre),material,none-opened,heritage-data.ts persian-gulf-pearls-c3.evidence.mineralogical,unverified,placeholder,no-analysis-on-record,not-applicable,"template ""Persian Historical Pigment (<name>)"": no pigment identification",W1-sequential-AI-review,"replace template with ""unknown"" or remove"
W1-C0699,persian-gulf-pearls-c3,mineralogical.chemicalFormula,Natural Organic / Mineral Complex (Matrix #901C1C),chemistry,S007,-,contradicted,placeholder,no-analysis-on-record,not-applicable,"template ""Natural Organic / Mineral Complex (Matrix #HEX)"" embeds the HEX value; not a chemical formula",W1-sequential-AI-review,correct or remove
W1-C0700,persian-gulf-pearls-c3,mineralogical.casNumber,7732-18-5 (Authentic Historical Specimen),chemistry-identifier,S005,CAS 7732-18-5,contradicted,checked-against-S005,not-applicable,not-applicable,"S005: 7732-18-5 = water, H2O (PubChem CID 962); labelled ""(Authentic Historical Specimen)""",W1-sequential-AI-review,remove or replace with the CAS RN of the named substance
W1-C0701,persian-gulf-pearls-c3,mineralogical.historicalManuscriptRef,رسالات کهن رنگرزی سنتی و صنعتی ایران زمین,documentary-reference,none-opened,no page/folio/edition given,unverified,placeholder,not-applicable,not-applicable,"placeholder phrase (""old treatises of Iranian dyeing""): no identifiable work",W1-sequential-AI-review,remove placeholder
W1-C0702,persian-gulf-pearls-c3,mineralogical.traditionalExtraction,استخراج سنتی از منابع گیاهی و معدنی ایران بر اساس رسالات خطی تذهیب و رنگرزی,craft-process,none-opened,-,unverified,placeholder,not-applicable,not-applicable,template sentence repeated for 60 records,W1-sequential-AI-review,cite or remove
W1-C0703,persian-gulf-pearls-c3,mineralogical.crystalSystem,کریستالین بومی فلات ایران,mineralogy,S007,-,contradicted,type-error,not-applicable,not-applicable,value is not a crystal system (type error),W1-sequential-AI-review,remove or use a real crystal system
W1-C0704,persian-gulf-pearls-c3,geoSpatial.originSite,Iranian Plateau Heritage Sites | فلات ایران، مراکز سنتی هنر و معماری,geography,none-opened,-,unverified,placeholder,not-applicable,not-applicable,non-specific placeholder site,W1-sequential-AI-review,name a specific site or remove
W1-C0705,persian-gulf-pearls-c3,geoSpatial.coordinates,"33.4279,54.288000000000004,1400",geography,S007,analyze-data.out.json syntheticPlateauPattern,contradicted,synthetic-value,not-applicable,not-applicable,"synthetic: lat = 32.4279 + 0.5*i, lng = 53.688 + 0.3*i, alt 1400; the same six points are reused by 10 palettes regardless of region (Gulf, Caspian, Khorasan, Shiraz)",W1-sequential-AI-review,remove or replace with sourced coordinates
W1-C0706,persian-gulf-pearls-c3,geoSpatial.unescoHeritageRef,ثبت میراث فرهنگی ملموس و ناملموس یونسکو,heritage-designation,none-opened,-,unverified,placeholder,not-applicable,not-applicable,non-specific or not checkable,W1-sequential-AI-review,remove generic UNESCO wording
W1-C0707,persian-gulf-pearls-c3,spectral.peakWavelengthNm,633 nm (dominant 633 nm),spectral,S007,palettes.ts provenance.spectralStatus,illustrative,not-applicable,not-measured (measuredSpectra=0),not-applicable,peak equals dominant wavelength (template),W1-sequential-AI-review,keep labelled illustrative
W1-C0708,persian-gulf-pearls-c3,historicalContextFa,اصلاح شده بر اساس اکسید آهن خوراکی معدن خاک هرمز,cultural-history,none-opened,-,unverified,duplicate-of-meaningFa,not-applicable,not-applicable,"copy of meaningFa, not independent context",W1-sequential-AI-review,cite or remove
W1-C0709,persian-gulf-pearls-c3,artMovement,راز خلیج فارس و مروارید قشم,art-history,none-opened,-,unverified,duplicate-of-palette-name,not-applicable,not-applicable,"copy of palette nameFa, not a movement",W1-sequential-AI-review,remove or replace
W1-C0710,persian-gulf-pearls-c3,chemical.molarMass (raw; dropped by normaliser),Calculated Complex,chemistry-arithmetic,none,-,unverified,placeholder,not-applicable,not-applicable,"not a value (""Calculated Complex"") (arithmetic consistency only; not evidence the material is present)",W1-sequential-AI-review,drop from source data (already excluded from normalised output)
W1-C0711,persian-gulf-pearls-c4,hex,#F2ECE4,color-value,S001;S002,no exact match in S001 or S002,designer-choice,no-modern-list-match,none-on-record (measuredSpectra=0),designer-choice,origin of value undocumented,W1-sequential-AI-review,"label as designer choice; if derived from a named-color list, say so"
W1-C0712,persian-gulf-pearls-c4,nameEn,Persian Gulf Pearl,naming,none,-,illustrative,evocative-label,not-applicable,designer-choice,label only,W1-sequential-AI-review,keep as label; avoid implying historical name
W1-C0713,persian-gulf-pearls-c4,nameFa,مروارید صید لنگه,naming,none,-,illustrative,evocative-label,not-applicable,designer-choice,label only,W1-sequential-AI-review,none
W1-C0714,persian-gulf-pearls-c4,meaningFa,درخشش مرواریدهای طبیعی غواصان بندر لنگه و خارک,cultural-history,none-opened,-,unverified,not-checked,not-applicable,not-applicable,cultural/material assertion with no citation,W1-sequential-AI-review,hedge or cite
W1-C0715,persian-gulf-pearls-c4,mineralogical.mineralName,Persian Historical Pigment (Persian Gulf Pearl),material,S007,heritage-data.ts persian-gulf-pearls-c4.evidence.mineralogical,contradicted,internal-conflict,no-analysis-on-record,not-applicable,"template ""Persian Historical Pigment (<name>)"": subject is not a pigment (e.g. sea, snow, gem, spice, shade, wool, paper)",W1-sequential-AI-review,"replace template with ""unknown"" or remove"
W1-C0716,persian-gulf-pearls-c4,mineralogical.chemicalFormula,Natural Organic / Mineral Complex (Matrix #F2ECE4),chemistry,S007,-,contradicted,placeholder,no-analysis-on-record,not-applicable,"template ""Natural Organic / Mineral Complex (Matrix #HEX)"" embeds the HEX value; not a chemical formula",W1-sequential-AI-review,correct or remove
W1-C0717,persian-gulf-pearls-c4,mineralogical.casNumber,7732-18-5 (Authentic Historical Specimen),chemistry-identifier,S005,CAS 7732-18-5,contradicted,checked-against-S005,not-applicable,not-applicable,"S005: 7732-18-5 = water, H2O (PubChem CID 962); labelled ""(Authentic Historical Specimen)""",W1-sequential-AI-review,remove or replace with the CAS RN of the named substance
W1-C0718,persian-gulf-pearls-c4,mineralogical.historicalManuscriptRef,رسالات کهن رنگرزی سنتی و صنعتی ایران زمین,documentary-reference,none-opened,no page/folio/edition given,unverified,placeholder,not-applicable,not-applicable,"placeholder phrase (""old treatises of Iranian dyeing""): no identifiable work",W1-sequential-AI-review,remove placeholder
W1-C0719,persian-gulf-pearls-c4,mineralogical.traditionalExtraction,استخراج سنتی از منابع گیاهی و معدنی ایران بر اساس رسالات خطی تذهیب و رنگرزی,craft-process,none-opened,-,unverified,placeholder,not-applicable,not-applicable,template sentence repeated for 60 records,W1-sequential-AI-review,cite or remove
W1-C0720,persian-gulf-pearls-c4,mineralogical.crystalSystem,کریستالین بومی فلات ایران,mineralogy,S007,-,contradicted,type-error,not-applicable,not-applicable,value is not a crystal system (type error),W1-sequential-AI-review,remove or use a real crystal system
W1-C0721,persian-gulf-pearls-c4,geoSpatial.originSite,Iranian Plateau Heritage Sites | فلات ایران، مراکز سنتی هنر و معماری,geography,none-opened,-,unverified,placeholder,not-applicable,not-applicable,non-specific placeholder site,W1-sequential-AI-review,name a specific site or remove
W1-C0722,persian-gulf-pearls-c4,geoSpatial.coordinates,"33.9279,54.588,1400",geography,S007,analyze-data.out.json syntheticPlateauPattern,contradicted,synthetic-value,not-applicable,not-applicable,"synthetic: lat = 32.4279 + 0.5*i, lng = 53.688 + 0.3*i, alt 1400; the same six points are reused by 10 palettes regardless of region (Gulf, Caspian, Khorasan, Shiraz)",W1-sequential-AI-review,remove or replace with sourced coordinates
W1-C0723,persian-gulf-pearls-c4,geoSpatial.unescoHeritageRef,ثبت میراث فرهنگی ملموس و ناملموس یونسکو,heritage-designation,none-opened,-,unverified,placeholder,not-applicable,not-applicable,non-specific or not checkable,W1-sequential-AI-review,remove generic UNESCO wording
W1-C0724,persian-gulf-pearls-c4,spectral.peakWavelengthNm,605 nm (dominant 605 nm),spectral,S007,palettes.ts provenance.spectralStatus,illustrative,not-applicable,not-measured (measuredSpectra=0),not-applicable,peak equals dominant wavelength (template),W1-sequential-AI-review,keep labelled illustrative
W1-C0725,persian-gulf-pearls-c4,historicalContextFa,درخشش مرواریدهای طبیعی غواصان بندر لنگه و خارک,cultural-history,none-opened,-,unverified,duplicate-of-meaningFa,not-applicable,not-applicable,"copy of meaningFa, not independent context",W1-sequential-AI-review,cite or remove
W1-C0726,persian-gulf-pearls-c4,artMovement,راز خلیج فارس و مروارید قشم,art-history,none-opened,-,unverified,duplicate-of-palette-name,not-applicable,not-applicable,"copy of palette nameFa, not a movement",W1-sequential-AI-review,remove or replace
W1-C0727,persian-gulf-pearls-c4,chemical.molarMass (raw; dropped by normaliser),Calculated Complex,chemistry-arithmetic,none,-,unverified,placeholder,not-applicable,not-applicable,"not a value (""Calculated Complex"") (arithmetic consistency only; not evidence the material is present)",W1-sequential-AI-review,drop from source data (already excluded from normalised output)
W1-C0728,persian-gulf-pearls-c5,hex,#DDA15E,color-value,S001;S002,no exact match in S001 or S002,designer-choice,no-modern-list-match,none-on-record (measuredSpectra=0),designer-choice,origin of value undocumented,W1-sequential-AI-review,"label as designer choice; if derived from a named-color list, say so"
W1-C0729,persian-gulf-pearls-c5,nameEn,Sun-warmed Coastal Sand,naming,none,-,illustrative,evocative-label,not-applicable,designer-choice,label only,W1-sequential-AI-review,keep as label; avoid implying historical name
W1-C0730,persian-gulf-pearls-c5,nameFa,ماسه گرم ساحلی,naming,none,-,illustrative,evocative-label,not-applicable,designer-choice,label only,W1-sequential-AI-review,none
W1-C0731,persian-gulf-pearls-c5,meaningFa,ماسه طلایی تفتیده زیر تابش آفتاب جنوب,cultural-history,none-opened,-,unverified,not-checked,not-applicable,not-applicable,cultural/material assertion with no citation,W1-sequential-AI-review,hedge or cite
W1-C0732,persian-gulf-pearls-c5,mineralogical.mineralName,Persian Historical Pigment (Sun-warmed Coastal Sand),material,S007,heritage-data.ts persian-gulf-pearls-c5.evidence.mineralogical,contradicted,internal-conflict,no-analysis-on-record,not-applicable,"template ""Persian Historical Pigment (<name>)"": subject is not a pigment (e.g. sea, snow, gem, spice, shade, wool, paper)",W1-sequential-AI-review,"replace template with ""unknown"" or remove"
W1-C0733,persian-gulf-pearls-c5,mineralogical.chemicalFormula,Natural Organic / Mineral Complex (Matrix #DDA15E),chemistry,S007,-,contradicted,placeholder,no-analysis-on-record,not-applicable,"template ""Natural Organic / Mineral Complex (Matrix #HEX)"" embeds the HEX value; not a chemical formula",W1-sequential-AI-review,correct or remove
W1-C0734,persian-gulf-pearls-c5,mineralogical.casNumber,7732-18-5 (Authentic Historical Specimen),chemistry-identifier,S005,CAS 7732-18-5,contradicted,checked-against-S005,not-applicable,not-applicable,"S005: 7732-18-5 = water, H2O (PubChem CID 962); labelled ""(Authentic Historical Specimen)""",W1-sequential-AI-review,remove or replace with the CAS RN of the named substance
W1-C0735,persian-gulf-pearls-c5,mineralogical.historicalManuscriptRef,رسالات کهن رنگرزی سنتی و صنعتی ایران زمین,documentary-reference,none-opened,no page/folio/edition given,unverified,placeholder,not-applicable,not-applicable,"placeholder phrase (""old treatises of Iranian dyeing""): no identifiable work",W1-sequential-AI-review,remove placeholder
W1-C0736,persian-gulf-pearls-c5,mineralogical.traditionalExtraction,استخراج سنتی از منابع گیاهی و معدنی ایران بر اساس رسالات خطی تذهیب و رنگرزی,craft-process,none-opened,-,unverified,placeholder,not-applicable,not-applicable,template sentence repeated for 60 records,W1-sequential-AI-review,cite or remove
W1-C0737,persian-gulf-pearls-c5,mineralogical.crystalSystem,کریستالین بومی فلات ایران,mineralogy,S007,-,contradicted,type-error,not-applicable,not-applicable,value is not a crystal system (type error),W1-sequential-AI-review,remove or use a real crystal system
W1-C0738,persian-gulf-pearls-c5,geoSpatial.originSite,Iranian Plateau Heritage Sites | فلات ایران، مراکز سنتی هنر و معماری,geography,none-opened,-,unverified,placeholder,not-applicable,not-applicable,non-specific placeholder site,W1-sequential-AI-review,name a specific site or remove
W1-C0739,persian-gulf-pearls-c5,geoSpatial.coordinates,"34.4279,54.888000000000005,1400",geography,S007,analyze-data.out.json syntheticPlateauPattern,contradicted,synthetic-value,not-applicable,not-applicable,"synthetic: lat = 32.4279 + 0.5*i, lng = 53.688 + 0.3*i, alt 1400; the same six points are reused by 10 palettes regardless of region (Gulf, Caspian, Khorasan, Shiraz)",W1-sequential-AI-review,remove or replace with sourced coordinates
W1-C0740,persian-gulf-pearls-c5,geoSpatial.unescoHeritageRef,ثبت میراث فرهنگی ملموس و ناملموس یونسکو,heritage-designation,none-opened,-,unverified,placeholder,not-applicable,not-applicable,non-specific or not checkable,W1-sequential-AI-review,remove generic UNESCO wording
W1-C0741,persian-gulf-pearls-c5,spectral.peakWavelengthNm,583 nm (dominant 583 nm),spectral,S007,palettes.ts provenance.spectralStatus,illustrative,not-applicable,not-measured (measuredSpectra=0),not-applicable,peak equals dominant wavelength (template),W1-sequential-AI-review,keep labelled illustrative
W1-C0742,persian-gulf-pearls-c5,historicalContextFa,ماسه طلایی تفتیده زیر تابش آفتاب جنوب,cultural-history,none-opened,-,unverified,duplicate-of-meaningFa,not-applicable,not-applicable,"copy of meaningFa, not independent context",W1-sequential-AI-review,cite or remove
W1-C0743,persian-gulf-pearls-c5,artMovement,راز خلیج فارس و مروارید قشم,art-history,none-opened,-,unverified,duplicate-of-palette-name,not-applicable,not-applicable,"copy of palette nameFa, not a movement",W1-sequential-AI-review,remove or replace
W1-C0744,persian-gulf-pearls-c5,chemical.molarMass (raw; dropped by normaliser),Calculated Complex,chemistry-arithmetic,none,-,unverified,placeholder,not-applicable,not-applicable,"not a value (""Calculated Complex"") (arithmetic consistency only; not evidence the material is present)",W1-sequential-AI-review,drop from source data (already excluded from normalised output)
W1-C0745,persian-gulf-pearls-c6,hex,#03071E,color-value,S001;S002,no exact match in S001 or S002,designer-choice,no-modern-list-match,none-on-record (measuredSpectra=0),designer-choice,origin of value undocumented,W1-sequential-AI-review,"label as designer choice; if derived from a named-color list, say so"
W1-C0746,persian-gulf-pearls-c6,nameEn,Abyssal Persian Deep Blue,naming,none,-,illustrative,evocative-label,not-applicable,designer-choice,label only,W1-sequential-AI-review,keep as label; avoid implying historical name
W1-C0747,persian-gulf-pearls-c6,nameFa,آبی ژرفای خلیج,naming,none,-,illustrative,evocative-label,not-applicable,designer-choice,label only,W1-sequential-AI-review,none
W1-C0748,persian-gulf-pearls-c6,meaningFa,آبی بی‌کران تنگه هرمز در ژرف‌ترین نقاط دریایی,cultural-history,none-opened,-,unverified,not-checked,not-applicable,not-applicable,cultural/material assertion with no citation,W1-sequential-AI-review,hedge or cite
W1-C0749,persian-gulf-pearls-c6,mineralogical.mineralName,Persian Historical Pigment (Abyssal Persian Deep Blue),material,S007,heritage-data.ts persian-gulf-pearls-c6.evidence.mineralogical,contradicted,internal-conflict,no-analysis-on-record,not-applicable,"template ""Persian Historical Pigment (<name>)"": subject is not a pigment (e.g. sea, snow, gem, spice, shade, wool, paper)",W1-sequential-AI-review,"replace template with ""unknown"" or remove"
W1-C0750,persian-gulf-pearls-c6,mineralogical.chemicalFormula,Natural Organic / Mineral Complex (Matrix #03071E),chemistry,S007,-,contradicted,placeholder,no-analysis-on-record,not-applicable,"template ""Natural Organic / Mineral Complex (Matrix #HEX)"" embeds the HEX value; not a chemical formula",W1-sequential-AI-review,correct or remove
W1-C0751,persian-gulf-pearls-c6,mineralogical.casNumber,7732-18-5 (Authentic Historical Specimen),chemistry-identifier,S005,CAS 7732-18-5,contradicted,checked-against-S005,not-applicable,not-applicable,"S005: 7732-18-5 = water, H2O (PubChem CID 962); labelled ""(Authentic Historical Specimen)""",W1-sequential-AI-review,remove or replace with the CAS RN of the named substance
W1-C0752,persian-gulf-pearls-c6,mineralogical.historicalManuscriptRef,رسالات کهن رنگرزی سنتی و صنعتی ایران زمین,documentary-reference,none-opened,no page/folio/edition given,unverified,placeholder,not-applicable,not-applicable,"placeholder phrase (""old treatises of Iranian dyeing""): no identifiable work",W1-sequential-AI-review,remove placeholder
W1-C0753,persian-gulf-pearls-c6,mineralogical.traditionalExtraction,استخراج سنتی از منابع گیاهی و معدنی ایران بر اساس رسالات خطی تذهیب و رنگرزی,craft-process,none-opened,-,unverified,placeholder,not-applicable,not-applicable,template sentence repeated for 60 records,W1-sequential-AI-review,cite or remove
W1-C0754,persian-gulf-pearls-c6,mineralogical.crystalSystem,کریستالین بومی فلات ایران,mineralogy,S007,-,contradicted,type-error,not-applicable,not-applicable,value is not a crystal system (type error),W1-sequential-AI-review,remove or use a real crystal system
W1-C0755,persian-gulf-pearls-c6,geoSpatial.originSite,Iranian Plateau Heritage Sites | فلات ایران، مراکز سنتی هنر و معماری,geography,none-opened,-,unverified,placeholder,not-applicable,not-applicable,non-specific placeholder site,W1-sequential-AI-review,name a specific site or remove
W1-C0756,persian-gulf-pearls-c6,geoSpatial.coordinates,"34.9279,55.188,1400",geography,S007,analyze-data.out.json syntheticPlateauPattern,contradicted,synthetic-value,not-applicable,not-applicable,"synthetic: lat = 32.4279 + 0.5*i, lng = 53.688 + 0.3*i, alt 1400; the same six points are reused by 10 palettes regardless of region (Gulf, Caspian, Khorasan, Shiraz)",W1-sequential-AI-review,remove or replace with sourced coordinates
W1-C0757,persian-gulf-pearls-c6,geoSpatial.unescoHeritageRef,ثبت میراث فرهنگی ملموس و ناملموس یونسکو,heritage-designation,none-opened,-,unverified,placeholder,not-applicable,not-applicable,non-specific or not checkable,W1-sequential-AI-review,remove generic UNESCO wording
W1-C0758,persian-gulf-pearls-c6,spectral.peakWavelengthNm,449 nm (dominant 449 nm),spectral,S007,palettes.ts provenance.spectralStatus,illustrative,not-applicable,not-measured (measuredSpectra=0),not-applicable,peak equals dominant wavelength (template),W1-sequential-AI-review,keep labelled illustrative
W1-C0759,persian-gulf-pearls-c6,historicalContextFa,آبی بی‌کران تنگه هرمز در ژرف‌ترین نقاط دریایی,cultural-history,none-opened,-,unverified,duplicate-of-meaningFa,not-applicable,not-applicable,"copy of meaningFa, not independent context",W1-sequential-AI-review,cite or remove
W1-C0760,persian-gulf-pearls-c6,artMovement,راز خلیج فارس و مروارید قشم,art-history,none-opened,-,unverified,duplicate-of-palette-name,not-applicable,not-applicable,"copy of palette nameFa, not a movement",W1-sequential-AI-review,remove or replace
W1-C0761,persian-gulf-pearls-c6,chemical.molarMass (raw; dropped by normaliser),Calculated Complex,chemistry-arithmetic,none,-,unverified,placeholder,not-applicable,not-applicable,"not a value (""Calculated Complex"") (arithmetic consistency only; not evidence the material is present)",W1-sequential-AI-review,drop from source data (already excluded from normalised output)
W1-C0762,gardens-of-shiraz-c1,hex,#FE28A2,color-value,S002,"S002 ""Persian Rose""",designer-choice,exact-match-in-modern-color-list,none-on-record (measuredSpectra=0),designer-choice,HEX identical to a modern named-color list entry; suggests digital-list origin rather than material measurement,W1-sequential-AI-review,"label as designer choice; if derived from a named-color list, say so"
W1-C0763,gardens-of-shiraz-c1,nameEn,Persian Rose,naming,S002,"S002 ""Persian Rose""",partially-supported,pair-found-in-modern-list,not-applicable,designer-choice,modern list entry is not evidence of historical use,W1-sequential-AI-review,keep as label; avoid implying historical name
W1-C0764,gardens-of-shiraz-c1,nameFa,گل سرخ محمدی (Persian Rose),naming,none,-,illustrative,evocative-label,not-applicable,designer-choice,label only,W1-sequential-AI-review,none
W1-C0765,gardens-of-shiraz-c1,meaningFa,استاندارد جهانی صورتی پررنگ و درخشان گل محمدی,cultural-history,S002,HEX lookup,unverified,checked-against-S002,not-applicable,not-applicable,"""world standard""; #FE28A2 equals ""Persian Rose"" in S002 (modern list)",W1-sequential-AI-review,hedge or cite
W1-C0766,gardens-of-shiraz-c1,mineralogical.mineralName,Persian Historical Pigment (Persian Rose),material,S007,heritage-data.ts gardens-of-shiraz-c1.evidence.mineralogical,unverified,internal-conflict,no-analysis-on-record,not-applicable,"template ""Persian Historical Pigment (<name>)"": subject is not a pigment (e.g. sea, snow, gem, spice, shade, wool, paper) | A15: a colour or dye-source name is not refuted as a ""pigment"" subject; applied the same rule as Walnut Husk/Turmeric/Persian Blue/Persian Orange.",W1-sequential-AI-review;A15-reconciled,"replace template with ""unknown"" or remove"
W1-C0767,gardens-of-shiraz-c1,mineralogical.chemicalFormula,Natural Organic / Mineral Complex (Matrix #FE28A2),chemistry,S007,-,contradicted,placeholder,no-analysis-on-record,not-applicable,"template ""Natural Organic / Mineral Complex (Matrix #HEX)"" embeds the HEX value; not a chemical formula",W1-sequential-AI-review,correct or remove
W1-C0768,gardens-of-shiraz-c1,mineralogical.casNumber,7732-18-5 (Authentic Historical Specimen),chemistry-identifier,S005,CAS 7732-18-5,contradicted,checked-against-S005,not-applicable,not-applicable,"S005: 7732-18-5 = water, H2O (PubChem CID 962); labelled ""(Authentic Historical Specimen)""",W1-sequential-AI-review,remove or replace with the CAS RN of the named substance
W1-C0769,gardens-of-shiraz-c1,mineralogical.historicalManuscriptRef,رسالات کهن رنگرزی سنتی و صنعتی ایران زمین,documentary-reference,none-opened,no page/folio/edition given,unverified,placeholder,not-applicable,not-applicable,"placeholder phrase (""old treatises of Iranian dyeing""): no identifiable work",W1-sequential-AI-review,remove placeholder
W1-C0770,gardens-of-shiraz-c1,mineralogical.traditionalExtraction,استخراج سنتی از منابع گیاهی و معدنی ایران بر اساس رسالات خطی تذهیب و رنگرزی,craft-process,none-opened,-,unverified,placeholder,not-applicable,not-applicable,template sentence repeated for 60 records,W1-sequential-AI-review,cite or remove
W1-C0771,gardens-of-shiraz-c1,mineralogical.crystalSystem,کریستالین بومی فلات ایران,mineralogy,S007,-,contradicted,type-error,not-applicable,not-applicable,value is not a crystal system (type error),W1-sequential-AI-review,remove or use a real crystal system
W1-C0772,gardens-of-shiraz-c1,geoSpatial.originSite,Iranian Plateau Heritage Sites | فلات ایران، مراکز سنتی هنر و معماری,geography,none-opened,-,unverified,placeholder,not-applicable,not-applicable,non-specific placeholder site,W1-sequential-AI-review,name a specific site or remove
W1-C0773,gardens-of-shiraz-c1,geoSpatial.coordinates,"32.4279,53.688,1400",geography,S007,analyze-data.out.json syntheticPlateauPattern,contradicted,synthetic-value,not-applicable,not-applicable,"synthetic: lat = 32.4279 + 0.5*i, lng = 53.688 + 0.3*i, alt 1400; the same six points are reused by 10 palettes regardless of region (Gulf, Caspian, Khorasan, Shiraz)",W1-sequential-AI-review,remove or replace with sourced coordinates
W1-C0774,gardens-of-shiraz-c1,geoSpatial.unescoHeritageRef,ثبت میراث فرهنگی ملموس و ناملموس یونسکو,heritage-designation,none-opened,-,unverified,placeholder,not-applicable,not-applicable,non-specific or not checkable,W1-sequential-AI-review,remove generic UNESCO wording
W1-C0775,gardens-of-shiraz-c1,spectral.peakWavelengthNm,652 nm (dominant 652 nm),spectral,S007,palettes.ts provenance.spectralStatus,contradicted,not-applicable,not-measured (measuredSpectra=0),not-applicable,"peak equals dominant wavelength (template) | A15/A02: this colour has no dominant wavelength (black has no chromaticity; purple-sector colours have only a complementary wavelength). The value is physically impossible, not merely illustrative.",W1-sequential-AI-review;A15-reconciled,Remove dominantWavelengthNm/peak for this record; see MSR-SCI-001.
W1-C0776,gardens-of-shiraz-c1,historicalContextFa,استاندارد جهانی صورتی پررنگ و درخشان گل محمدی,cultural-history,none-opened,-,unverified,duplicate-of-meaningFa,not-applicable,not-applicable,"copy of meaningFa, not independent context",W1-sequential-AI-review,cite or remove
W1-C0777,gardens-of-shiraz-c1,artMovement,باغ‌های اردیبهشت شیراز,art-history,none-opened,-,unverified,duplicate-of-palette-name,not-applicable,not-applicable,"copy of palette nameFa, not a movement",W1-sequential-AI-review,remove or replace
W1-C0778,gardens-of-shiraz-c1,chemical.molarMass (raw; dropped by normaliser),Calculated Complex,chemistry-arithmetic,none,-,unverified,placeholder,not-applicable,not-applicable,"not a value (""Calculated Complex"") (arithmetic consistency only; not evidence the material is present)",W1-sequential-AI-review,drop from source data (already excluded from normalised output)
W1-C0779,gardens-of-shiraz-c2,hex,#8B1E3F,color-value,S001;S002,no exact match in S001 or S002,designer-choice,no-modern-list-match,none-on-record (measuredSpectra=0),designer-choice,origin of value undocumented,W1-sequential-AI-review,"label as designer choice; if derived from a named-color list, say so"
W1-C0780,gardens-of-shiraz-c2,nameEn,Ghasrodasht Ruby Pomegranate,naming,none,-,illustrative,evocative-label,not-applicable,designer-choice,label only,W1-sequential-AI-review,keep as label; avoid implying historical name
W1-C0781,gardens-of-shiraz-c2,nameFa,انار قصرالدشت,naming,none,-,illustrative,evocative-label,not-applicable,designer-choice,label only,W1-sequential-AI-review,none
W1-C0782,gardens-of-shiraz-c2,meaningFa,سرخی عمیق دانه‌های انار یاقوتی شیراز,cultural-history,none-opened,-,unverified,not-checked,not-applicable,not-applicable,cultural/material assertion with no citation,W1-sequential-AI-review,hedge or cite
W1-C0783,gardens-of-shiraz-c2,mineralogical.mineralName,Persian Historical Pigment (Ghasrodasht Ruby Pomegranate),material,S007,heritage-data.ts gardens-of-shiraz-c2.evidence.mineralogical,unverified,internal-conflict,no-analysis-on-record,not-applicable,"template ""Persian Historical Pigment (<name>)"": subject is not a pigment (e.g. sea, snow, gem, spice, shade, wool, paper) | A15: a colour or dye-source name is not refuted as a ""pigment"" subject; applied the same rule as Walnut Husk/Turmeric/Persian Blue/Persian Orange.",W1-sequential-AI-review;A15-reconciled,"replace template with ""unknown"" or remove"
W1-C0784,gardens-of-shiraz-c2,mineralogical.chemicalFormula,Natural Organic / Mineral Complex (Matrix #8B1E3F),chemistry,S007,-,contradicted,placeholder,no-analysis-on-record,not-applicable,"template ""Natural Organic / Mineral Complex (Matrix #HEX)"" embeds the HEX value; not a chemical formula",W1-sequential-AI-review,correct or remove
W1-C0785,gardens-of-shiraz-c2,mineralogical.casNumber,7732-18-5 (Authentic Historical Specimen),chemistry-identifier,S005,CAS 7732-18-5,contradicted,checked-against-S005,not-applicable,not-applicable,"S005: 7732-18-5 = water, H2O (PubChem CID 962); labelled ""(Authentic Historical Specimen)""",W1-sequential-AI-review,remove or replace with the CAS RN of the named substance
W1-C0786,gardens-of-shiraz-c2,mineralogical.historicalManuscriptRef,رسالات کهن رنگرزی سنتی و صنعتی ایران زمین,documentary-reference,none-opened,no page/folio/edition given,unverified,placeholder,not-applicable,not-applicable,"placeholder phrase (""old treatises of Iranian dyeing""): no identifiable work",W1-sequential-AI-review,remove placeholder
W1-C0787,gardens-of-shiraz-c2,mineralogical.traditionalExtraction,استخراج سنتی از منابع گیاهی و معدنی ایران بر اساس رسالات خطی تذهیب و رنگرزی,craft-process,none-opened,-,unverified,placeholder,not-applicable,not-applicable,template sentence repeated for 60 records,W1-sequential-AI-review,cite or remove
W1-C0788,gardens-of-shiraz-c2,mineralogical.crystalSystem,کریستالین بومی فلات ایران,mineralogy,S007,-,contradicted,type-error,not-applicable,not-applicable,value is not a crystal system (type error),W1-sequential-AI-review,remove or use a real crystal system
W1-C0789,gardens-of-shiraz-c2,geoSpatial.originSite,Iranian Plateau Heritage Sites | فلات ایران، مراکز سنتی هنر و معماری,geography,none-opened,-,unverified,placeholder,not-applicable,not-applicable,non-specific placeholder site,W1-sequential-AI-review,name a specific site or remove
W1-C0790,gardens-of-shiraz-c2,geoSpatial.coordinates,"32.9279,53.988,1400",geography,S007,analyze-data.out.json syntheticPlateauPattern,contradicted,synthetic-value,not-applicable,not-applicable,"synthetic: lat = 32.4279 + 0.5*i, lng = 53.688 + 0.3*i, alt 1400; the same six points are reused by 10 palettes regardless of region (Gulf, Caspian, Khorasan, Shiraz)",W1-sequential-AI-review,remove or replace with sourced coordinates
W1-C0791,gardens-of-shiraz-c2,geoSpatial.unescoHeritageRef,ثبت میراث فرهنگی ملموس و ناملموس یونسکو,heritage-designation,none-opened,-,unverified,placeholder,not-applicable,not-applicable,non-specific or not checkable,W1-sequential-AI-review,remove generic UNESCO wording
W1-C0792,gardens-of-shiraz-c2,spectral.peakWavelengthNm,631 nm (dominant 631 nm),spectral,S007,palettes.ts provenance.spectralStatus,contradicted,not-applicable,not-measured (measuredSpectra=0),not-applicable,"peak equals dominant wavelength (template) | A15/A02: this colour has no dominant wavelength (black has no chromaticity; purple-sector colours have only a complementary wavelength). The value is physically impossible, not merely illustrative.",W1-sequential-AI-review;A15-reconciled,Remove dominantWavelengthNm/peak for this record; see MSR-SCI-001.
W1-C0793,gardens-of-shiraz-c2,historicalContextFa,سرخی عمیق دانه‌های انار یاقوتی شیراز,cultural-history,none-opened,-,unverified,duplicate-of-meaningFa,not-applicable,not-applicable,"copy of meaningFa, not independent context",W1-sequential-AI-review,cite or remove
W1-C0794,gardens-of-shiraz-c2,artMovement,باغ‌های اردیبهشت شیراز,art-history,none-opened,-,unverified,duplicate-of-palette-name,not-applicable,not-applicable,"copy of palette nameFa, not a movement",W1-sequential-AI-review,remove or replace
W1-C0795,gardens-of-shiraz-c2,chemical.molarMass (raw; dropped by normaliser),Calculated Complex,chemistry-arithmetic,none,-,unverified,placeholder,not-applicable,not-applicable,"not a value (""Calculated Complex"") (arithmetic consistency only; not evidence the material is present)",W1-sequential-AI-review,drop from source data (already excluded from normalised output)
W1-C0796,gardens-of-shiraz-c3,hex,#228B22,color-value,S001;S002,"S001 css:forestgreen; S002 ""Forest Green (Web)""",designer-choice,exact-match-in-modern-color-list,none-on-record (measuredSpectra=0),designer-choice,HEX identical to a modern named-color list entry; suggests digital-list origin rather than material measurement,W1-sequential-AI-review,"label as designer choice; if derived from a named-color list, say so"
W1-C0797,gardens-of-shiraz-c3,nameEn,Cypress Green,naming,S001,"S001 css:forestgreen; S002 ""Forest Green (Web)""",illustrative,pair-found-in-modern-list,not-applicable,designer-choice,modern list entry is not evidence of historical use,W1-sequential-AI-review,keep as label; avoid implying historical name
W1-C0798,gardens-of-shiraz-c3,nameFa,سبز سرو ناز (Cypress Green),naming,none,-,illustrative,evocative-label,not-applicable,designer-choice,label only,W1-sequential-AI-review,none
W1-C0799,gardens-of-shiraz-c3,meaningFa,سبز جنگلی قامت استوار سروهای ناز باغ دلگشا و ارم,cultural-history,none-opened,-,unverified,not-checked,not-applicable,not-applicable,cultural/material assertion with no citation,W1-sequential-AI-review,hedge or cite
W1-C0800,gardens-of-shiraz-c3,mineralogical.mineralName,Persian Historical Pigment (Cypress Green),material,S007,heritage-data.ts gardens-of-shiraz-c3.evidence.mineralogical,contradicted,internal-conflict,no-analysis-on-record,not-applicable,"template ""Persian Historical Pigment (<name>)"": subject is not a pigment (e.g. sea, snow, gem, spice, shade, wool, paper)",W1-sequential-AI-review,"replace template with ""unknown"" or remove"
W1-C0801,gardens-of-shiraz-c3,mineralogical.chemicalFormula,Natural Organic / Mineral Complex (Matrix #228B22),chemistry,S007,-,contradicted,placeholder,no-analysis-on-record,not-applicable,"template ""Natural Organic / Mineral Complex (Matrix #HEX)"" embeds the HEX value; not a chemical formula",W1-sequential-AI-review,correct or remove
W1-C0802,gardens-of-shiraz-c3,mineralogical.casNumber,7732-18-5 (Authentic Historical Specimen),chemistry-identifier,S005,CAS 7732-18-5,contradicted,checked-against-S005,not-applicable,not-applicable,"S005: 7732-18-5 = water, H2O (PubChem CID 962); labelled ""(Authentic Historical Specimen)""",W1-sequential-AI-review,remove or replace with the CAS RN of the named substance
W1-C0803,gardens-of-shiraz-c3,mineralogical.historicalManuscriptRef,رسالات کهن رنگرزی سنتی و صنعتی ایران زمین,documentary-reference,none-opened,no page/folio/edition given,unverified,placeholder,not-applicable,not-applicable,"placeholder phrase (""old treatises of Iranian dyeing""): no identifiable work",W1-sequential-AI-review,remove placeholder
W1-C0804,gardens-of-shiraz-c3,mineralogical.traditionalExtraction,استخراج سنتی از منابع گیاهی و معدنی ایران بر اساس رسالات خطی تذهیب و رنگرزی,craft-process,none-opened,-,unverified,placeholder,not-applicable,not-applicable,template sentence repeated for 60 records,W1-sequential-AI-review,cite or remove
W1-C0805,gardens-of-shiraz-c3,mineralogical.crystalSystem,کریستالین بومی فلات ایران,mineralogy,S007,-,contradicted,type-error,not-applicable,not-applicable,value is not a crystal system (type error),W1-sequential-AI-review,remove or use a real crystal system
W1-C0806,gardens-of-shiraz-c3,geoSpatial.originSite,Iranian Plateau Heritage Sites | فلات ایران، مراکز سنتی هنر و معماری,geography,none-opened,-,unverified,placeholder,not-applicable,not-applicable,non-specific placeholder site,W1-sequential-AI-review,name a specific site or remove
W1-C0807,gardens-of-shiraz-c3,geoSpatial.coordinates,"33.4279,54.288000000000004,1400",geography,S007,analyze-data.out.json syntheticPlateauPattern,contradicted,synthetic-value,not-applicable,not-applicable,"synthetic: lat = 32.4279 + 0.5*i, lng = 53.688 + 0.3*i, alt 1400; the same six points are reused by 10 palettes regardless of region (Gulf, Caspian, Khorasan, Shiraz)",W1-sequential-AI-review,remove or replace with sourced coordinates
W1-C0808,gardens-of-shiraz-c3,geoSpatial.unescoHeritageRef,ثبت میراث فرهنگی ملموس و ناملموس یونسکو,heritage-designation,none-opened,-,unverified,placeholder,not-applicable,not-applicable,non-specific or not checkable,W1-sequential-AI-review,remove generic UNESCO wording
W1-C0809,gardens-of-shiraz-c3,spectral.peakWavelengthNm,531 nm (dominant 531 nm),spectral,S007,palettes.ts provenance.spectralStatus,illustrative,not-applicable,not-measured (measuredSpectra=0),not-applicable,peak equals dominant wavelength (template),W1-sequential-AI-review,keep labelled illustrative
W1-C0810,gardens-of-shiraz-c3,historicalContextFa,سبز جنگلی قامت استوار سروهای ناز باغ دلگشا و ارم,cultural-history,none-opened,-,unverified,duplicate-of-meaningFa,not-applicable,not-applicable,"copy of meaningFa, not independent context",W1-sequential-AI-review,cite or remove
W1-C0811,gardens-of-shiraz-c3,artMovement,باغ‌های اردیبهشت شیراز,art-history,none-opened,-,unverified,duplicate-of-palette-name,not-applicable,not-applicable,"copy of palette nameFa, not a movement",W1-sequential-AI-review,remove or replace
W1-C0812,gardens-of-shiraz-c3,chemical.molarMass (raw; dropped by normaliser),Calculated Complex,chemistry-arithmetic,none,-,unverified,placeholder,not-applicable,not-applicable,"not a value (""Calculated Complex"") (arithmetic consistency only; not evidence the material is present)",W1-sequential-AI-review,drop from source data (already excluded from normalised output)
W1-C0813,gardens-of-shiraz-c4,hex,#FDE68A,color-value,S001;S002,no exact match in S001 or S002,designer-choice,no-modern-list-match,none-on-record (measuredSpectra=0),designer-choice,origin of value undocumented,W1-sequential-AI-review,"label as designer choice; if derived from a named-color list, say so"
W1-C0814,gardens-of-shiraz-c4,nameEn,Orange Blossom Yellow,naming,none,-,illustrative,evocative-label,not-applicable,designer-choice,label only,W1-sequential-AI-review,keep as label; avoid implying historical name
W1-C0815,gardens-of-shiraz-c4,nameFa,شکوفه بهارنارنج,naming,none,-,illustrative,evocative-label,not-applicable,designer-choice,label only,W1-sequential-AI-review,none
W1-C0816,gardens-of-shiraz-c4,meaningFa,زرد لیمویی ملایم گلبرگ‌های بهارنارنج نارنجستان قوام,cultural-history,none-opened,-,unverified,not-checked,not-applicable,not-applicable,cultural/material assertion with no citation,W1-sequential-AI-review,hedge or cite
W1-C0817,gardens-of-shiraz-c4,mineralogical.mineralName,Persian Historical Pigment (Orange Blossom Yellow),material,S007,heritage-data.ts gardens-of-shiraz-c4.evidence.mineralogical,contradicted,internal-conflict,no-analysis-on-record,not-applicable,"template ""Persian Historical Pigment (<name>)"": subject is not a pigment (e.g. sea, snow, gem, spice, shade, wool, paper)",W1-sequential-AI-review,"replace template with ""unknown"" or remove"
W1-C0818,gardens-of-shiraz-c4,mineralogical.chemicalFormula,Natural Organic / Mineral Complex (Matrix #FDE68A),chemistry,S007,-,contradicted,placeholder,no-analysis-on-record,not-applicable,"template ""Natural Organic / Mineral Complex (Matrix #HEX)"" embeds the HEX value; not a chemical formula",W1-sequential-AI-review,correct or remove
W1-C0819,gardens-of-shiraz-c4,mineralogical.casNumber,7732-18-5 (Authentic Historical Specimen),chemistry-identifier,S005,CAS 7732-18-5,contradicted,checked-against-S005,not-applicable,not-applicable,"S005: 7732-18-5 = water, H2O (PubChem CID 962); labelled ""(Authentic Historical Specimen)""",W1-sequential-AI-review,remove or replace with the CAS RN of the named substance
W1-C0820,gardens-of-shiraz-c4,mineralogical.historicalManuscriptRef,رسالات کهن رنگرزی سنتی و صنعتی ایران زمین,documentary-reference,none-opened,no page/folio/edition given,unverified,placeholder,not-applicable,not-applicable,"placeholder phrase (""old treatises of Iranian dyeing""): no identifiable work",W1-sequential-AI-review,remove placeholder
W1-C0821,gardens-of-shiraz-c4,mineralogical.traditionalExtraction,استخراج سنتی از منابع گیاهی و معدنی ایران بر اساس رسالات خطی تذهیب و رنگرزی,craft-process,none-opened,-,unverified,placeholder,not-applicable,not-applicable,template sentence repeated for 60 records,W1-sequential-AI-review,cite or remove
W1-C0822,gardens-of-shiraz-c4,mineralogical.crystalSystem,کریستالین بومی فلات ایران,mineralogy,S007,-,contradicted,type-error,not-applicable,not-applicable,value is not a crystal system (type error),W1-sequential-AI-review,remove or use a real crystal system
W1-C0823,gardens-of-shiraz-c4,geoSpatial.originSite,Iranian Plateau Heritage Sites | فلات ایران، مراکز سنتی هنر و معماری,geography,none-opened,-,unverified,placeholder,not-applicable,not-applicable,non-specific placeholder site,W1-sequential-AI-review,name a specific site or remove
W1-C0824,gardens-of-shiraz-c4,geoSpatial.coordinates,"33.9279,54.588,1400",geography,S007,analyze-data.out.json syntheticPlateauPattern,contradicted,synthetic-value,not-applicable,not-applicable,"synthetic: lat = 32.4279 + 0.5*i, lng = 53.688 + 0.3*i, alt 1400; the same six points are reused by 10 palettes regardless of region (Gulf, Caspian, Khorasan, Shiraz)",W1-sequential-AI-review,remove or replace with sourced coordinates
W1-C0825,gardens-of-shiraz-c4,geoSpatial.unescoHeritageRef,ثبت میراث فرهنگی ملموس و ناملموس یونسکو,heritage-designation,none-opened,-,unverified,placeholder,not-applicable,not-applicable,non-specific or not checkable,W1-sequential-AI-review,remove generic UNESCO wording
W1-C0826,gardens-of-shiraz-c4,spectral.peakWavelengthNm,604 nm (dominant 604 nm),spectral,S007,palettes.ts provenance.spectralStatus,illustrative,not-applicable,not-measured (measuredSpectra=0),not-applicable,peak equals dominant wavelength (template),W1-sequential-AI-review,keep labelled illustrative
W1-C0827,gardens-of-shiraz-c4,historicalContextFa,زرد لیمویی ملایم گلبرگ‌های بهارنارنج نارنجستان قوام,cultural-history,none-opened,-,unverified,duplicate-of-meaningFa,not-applicable,not-applicable,"copy of meaningFa, not independent context",W1-sequential-AI-review,cite or remove
W1-C0828,gardens-of-shiraz-c4,artMovement,باغ‌های اردیبهشت شیراز,art-history,none-opened,-,unverified,duplicate-of-palette-name,not-applicable,not-applicable,"copy of palette nameFa, not a movement",W1-sequential-AI-review,remove or replace
W1-C0829,gardens-of-shiraz-c4,chemical.molarMass (raw; dropped by normaliser),Calculated Complex,chemistry-arithmetic,none,-,unverified,placeholder,not-applicable,not-applicable,"not a value (""Calculated Complex"") (arithmetic consistency only; not evidence the material is present)",W1-sequential-AI-review,drop from source data (already excluded from normalised output)
W1-C0830,gardens-of-shiraz-c5,hex,#F9F6F0,color-value,S001;S002,no exact match in S001 or S002,designer-choice,no-modern-list-match,none-on-record (measuredSpectra=0),designer-choice,origin of value undocumented,W1-sequential-AI-review,"label as designer choice; if derived from a named-color list, say so"
W1-C0831,gardens-of-shiraz-c5,nameEn,Shirazi Jasmine White,naming,none,-,illustrative,evocative-label,not-applicable,designer-choice,label only,W1-sequential-AI-review,keep as label; avoid implying historical name
W1-C0832,gardens-of-shiraz-c5,nameFa,سفید یاسمن شیرازی,naming,none,-,illustrative,evocative-label,not-applicable,designer-choice,label only,W1-sequential-AI-review,none
W1-C0833,gardens-of-shiraz-c5,meaningFa,سپیدی گل‌های یاس و ستون‌های گچ‌بری هفت‌تنان,cultural-history,none-opened,-,unverified,not-checked,not-applicable,not-applicable,cultural/material assertion with no citation,W1-sequential-AI-review,hedge or cite
W1-C0834,gardens-of-shiraz-c5,mineralogical.mineralName,Persian Historical Pigment (Shirazi Jasmine White),material,S007,heritage-data.ts gardens-of-shiraz-c5.evidence.mineralogical,contradicted,internal-conflict,no-analysis-on-record,not-applicable,"template ""Persian Historical Pigment (<name>)"": subject is not a pigment (e.g. sea, snow, gem, spice, shade, wool, paper)",W1-sequential-AI-review,"replace template with ""unknown"" or remove"
W1-C0835,gardens-of-shiraz-c5,mineralogical.chemicalFormula,Natural Organic / Mineral Complex (Matrix #F9F6F0),chemistry,S007,-,contradicted,placeholder,no-analysis-on-record,not-applicable,"template ""Natural Organic / Mineral Complex (Matrix #HEX)"" embeds the HEX value; not a chemical formula",W1-sequential-AI-review,correct or remove
W1-C0836,gardens-of-shiraz-c5,mineralogical.casNumber,7732-18-5 (Authentic Historical Specimen),chemistry-identifier,S005,CAS 7732-18-5,contradicted,checked-against-S005,not-applicable,not-applicable,"S005: 7732-18-5 = water, H2O (PubChem CID 962); labelled ""(Authentic Historical Specimen)""",W1-sequential-AI-review,remove or replace with the CAS RN of the named substance
W1-C0837,gardens-of-shiraz-c5,mineralogical.historicalManuscriptRef,رسالات کهن رنگرزی سنتی و صنعتی ایران زمین,documentary-reference,none-opened,no page/folio/edition given,unverified,placeholder,not-applicable,not-applicable,"placeholder phrase (""old treatises of Iranian dyeing""): no identifiable work",W1-sequential-AI-review,remove placeholder
W1-C0838,gardens-of-shiraz-c5,mineralogical.traditionalExtraction,استخراج سنتی از منابع گیاهی و معدنی ایران بر اساس رسالات خطی تذهیب و رنگرزی,craft-process,none-opened,-,unverified,placeholder,not-applicable,not-applicable,template sentence repeated for 60 records,W1-sequential-AI-review,cite or remove
W1-C0839,gardens-of-shiraz-c5,mineralogical.crystalSystem,کریستالین بومی فلات ایران,mineralogy,S007,-,contradicted,type-error,not-applicable,not-applicable,value is not a crystal system (type error),W1-sequential-AI-review,remove or use a real crystal system
W1-C0840,gardens-of-shiraz-c5,geoSpatial.originSite,Iranian Plateau Heritage Sites | فلات ایران، مراکز سنتی هنر و معماری,geography,none-opened,-,unverified,placeholder,not-applicable,not-applicable,non-specific placeholder site,W1-sequential-AI-review,name a specific site or remove
W1-C0841,gardens-of-shiraz-c5,geoSpatial.coordinates,"34.4279,54.888000000000005,1400",geography,S007,analyze-data.out.json syntheticPlateauPattern,contradicted,synthetic-value,not-applicable,not-applicable,"synthetic: lat = 32.4279 + 0.5*i, lng = 53.688 + 0.3*i, alt 1400; the same six points are reused by 10 palettes regardless of region (Gulf, Caspian, Khorasan, Shiraz)",W1-sequential-AI-review,remove or replace with sourced coordinates
W1-C0842,gardens-of-shiraz-c5,geoSpatial.unescoHeritageRef,ثبت میراث فرهنگی ملموس و ناملموس یونسکو,heritage-designation,none-opened,-,unverified,placeholder,not-applicable,not-applicable,non-specific or not checkable,W1-sequential-AI-review,remove generic UNESCO wording
W1-C0843,gardens-of-shiraz-c5,spectral.peakWavelengthNm,608 nm (dominant 608 nm),spectral,S007,palettes.ts provenance.spectralStatus,illustrative,not-applicable,not-measured (measuredSpectra=0),not-applicable,peak equals dominant wavelength (template),W1-sequential-AI-review,keep labelled illustrative
W1-C0844,gardens-of-shiraz-c5,historicalContextFa,سپیدی گل‌های یاس و ستون‌های گچ‌بری هفت‌تنان,cultural-history,none-opened,-,unverified,duplicate-of-meaningFa,not-applicable,not-applicable,"copy of meaningFa, not independent context",W1-sequential-AI-review,cite or remove
W1-C0845,gardens-of-shiraz-c5,artMovement,باغ‌های اردیبهشت شیراز,art-history,none-opened,-,unverified,duplicate-of-palette-name,not-applicable,not-applicable,"copy of palette nameFa, not a movement",W1-sequential-AI-review,remove or replace
W1-C0846,gardens-of-shiraz-c5,chemical.molarMass (raw; dropped by normaliser),Calculated Complex,chemistry-arithmetic,none,-,unverified,placeholder,not-applicable,not-applicable,"not a value (""Calculated Complex"") (arithmetic consistency only; not evidence the material is present)",W1-sequential-AI-review,drop from source data (already excluded from normalised output)
W1-C0847,gardens-of-shiraz-c6,hex,#182C18,color-value,S001;S002,no exact match in S001 or S002,designer-choice,no-modern-list-match,none-on-record (measuredSpectra=0),designer-choice,origin of value undocumented,W1-sequential-AI-review,"label as designer choice; if derived from a named-color list, say so"
W1-C0848,gardens-of-shiraz-c6,nameEn,Deep Eram Garden Shade,naming,none,-,illustrative,evocative-label,not-applicable,designer-choice,label only,W1-sequential-AI-review,keep as label; avoid implying historical name
W1-C0849,gardens-of-shiraz-c6,nameFa,سایه‌سار باغ ارم,naming,none,-,illustrative,evocative-label,not-applicable,designer-choice,label only,W1-sequential-AI-review,none
W1-C0850,gardens-of-shiraz-c6,meaningFa,تیرگی خنک سایه‌انداز جویبارهای حوض مرمر,cultural-history,none-opened,-,unverified,not-checked,not-applicable,not-applicable,cultural/material assertion with no citation,W1-sequential-AI-review,hedge or cite
W1-C0851,gardens-of-shiraz-c6,mineralogical.mineralName,Persian Historical Pigment (Deep Eram Garden Shade),material,S007,heritage-data.ts gardens-of-shiraz-c6.evidence.mineralogical,contradicted,internal-conflict,no-analysis-on-record,not-applicable,"template ""Persian Historical Pigment (<name>)"": subject is not a pigment (e.g. sea, snow, gem, spice, shade, wool, paper)",W1-sequential-AI-review,"replace template with ""unknown"" or remove"
W1-C0852,gardens-of-shiraz-c6,mineralogical.chemicalFormula,Natural Organic / Mineral Complex (Matrix #182C18),chemistry,S007,-,contradicted,placeholder,no-analysis-on-record,not-applicable,"template ""Natural Organic / Mineral Complex (Matrix #HEX)"" embeds the HEX value; not a chemical formula",W1-sequential-AI-review,correct or remove
W1-C0853,gardens-of-shiraz-c6,mineralogical.casNumber,7732-18-5 (Authentic Historical Specimen),chemistry-identifier,S005,CAS 7732-18-5,contradicted,checked-against-S005,not-applicable,not-applicable,"S005: 7732-18-5 = water, H2O (PubChem CID 962); labelled ""(Authentic Historical Specimen)""",W1-sequential-AI-review,remove or replace with the CAS RN of the named substance
W1-C0854,gardens-of-shiraz-c6,mineralogical.historicalManuscriptRef,رسالات کهن رنگرزی سنتی و صنعتی ایران زمین,documentary-reference,none-opened,no page/folio/edition given,unverified,placeholder,not-applicable,not-applicable,"placeholder phrase (""old treatises of Iranian dyeing""): no identifiable work",W1-sequential-AI-review,remove placeholder
W1-C0855,gardens-of-shiraz-c6,mineralogical.traditionalExtraction,استخراج سنتی از منابع گیاهی و معدنی ایران بر اساس رسالات خطی تذهیب و رنگرزی,craft-process,none-opened,-,unverified,placeholder,not-applicable,not-applicable,template sentence repeated for 60 records,W1-sequential-AI-review,cite or remove
W1-C0856,gardens-of-shiraz-c6,mineralogical.crystalSystem,کریستالین بومی فلات ایران,mineralogy,S007,-,contradicted,type-error,not-applicable,not-applicable,value is not a crystal system (type error),W1-sequential-AI-review,remove or use a real crystal system
W1-C0857,gardens-of-shiraz-c6,geoSpatial.originSite,Iranian Plateau Heritage Sites | فلات ایران، مراکز سنتی هنر و معماری,geography,none-opened,-,unverified,placeholder,not-applicable,not-applicable,non-specific placeholder site,W1-sequential-AI-review,name a specific site or remove
W1-C0858,gardens-of-shiraz-c6,geoSpatial.coordinates,"34.9279,55.188,1400",geography,S007,analyze-data.out.json syntheticPlateauPattern,contradicted,synthetic-value,not-applicable,not-applicable,"synthetic: lat = 32.4279 + 0.5*i, lng = 53.688 + 0.3*i, alt 1400; the same six points are reused by 10 palettes regardless of region (Gulf, Caspian, Khorasan, Shiraz)",W1-sequential-AI-review,remove or replace with sourced coordinates
W1-C0859,gardens-of-shiraz-c6,geoSpatial.unescoHeritageRef,ثبت میراث فرهنگی ملموس و ناملموس یونسکو,heritage-designation,none-opened,-,unverified,placeholder,not-applicable,not-applicable,non-specific or not checkable,W1-sequential-AI-review,remove generic UNESCO wording
W1-C0860,gardens-of-shiraz-c6,spectral.peakWavelengthNm,514 nm (dominant 514 nm),spectral,S007,palettes.ts provenance.spectralStatus,illustrative,not-applicable,not-measured (measuredSpectra=0),not-applicable,peak equals dominant wavelength (template),W1-sequential-AI-review,keep labelled illustrative
W1-C0861,gardens-of-shiraz-c6,historicalContextFa,تیرگی خنک سایه‌انداز جویبارهای حوض مرمر,cultural-history,none-opened,-,unverified,duplicate-of-meaningFa,not-applicable,not-applicable,"copy of meaningFa, not independent context",W1-sequential-AI-review,cite or remove
W1-C0862,gardens-of-shiraz-c6,artMovement,باغ‌های اردیبهشت شیراز,art-history,none-opened,-,unverified,duplicate-of-palette-name,not-applicable,not-applicable,"copy of palette nameFa, not a movement",W1-sequential-AI-review,remove or replace
W1-C0863,gardens-of-shiraz-c6,chemical.molarMass (raw; dropped by normaliser),Calculated Complex,chemistry-arithmetic,none,-,unverified,placeholder,not-applicable,not-applicable,"not a value (""Calculated Complex"") (arithmetic consistency only; not evidence the material is present)",W1-sequential-AI-review,drop from source data (already excluded from normalised output)
W1-C0864,khorasan-gems-c1,hex,#40E0D0,color-value,S001;S002,S001 css:turquoise,designer-choice,exact-match-in-modern-color-list,none-on-record (measuredSpectra=0),designer-choice,HEX identical to a modern named-color list entry; suggests digital-list origin rather than material measurement,W1-sequential-AI-review,"label as designer choice; if derived from a named-color list, say so"
W1-C0865,khorasan-gems-c1,nameEn,Turquoise,naming,S001,S001 css:turquoise,partially-supported,pair-found-in-modern-list,not-applicable,designer-choice,label only,W1-sequential-AI-review,keep as label; avoid implying historical name
W1-C0866,khorasan-gems-c1,nameFa,فیروزه شجری نیشابور (Turquoise),naming,none,-,illustrative,evocative-label,not-applicable,designer-choice,label only,W1-sequential-AI-review,none
W1-C0867,khorasan-gems-c1,meaningFa,کد رسمی فیروزه با رگه‌های کهن‌ترین معدن جهان,cultural-history,S001,HEX lookup,partially-supported,checked-against-S001,not-applicable,not-applicable,"""official code of turquoise"": S001 defines CSS keyword turquoise = #40E0D0 (X11-derived web color, not a gemstone standard)",W1-sequential-AI-review,hedge or cite
W1-C0868,khorasan-gems-c1,mineralogical.mineralName,Persian Historical Pigment (Turquoise),material,S007,heritage-data.ts khorasan-gems-c1.evidence.mineralogical,contradicted,internal-conflict,no-analysis-on-record,not-applicable,"template ""Persian Historical Pigment (<name>)"": subject is not a pigment (e.g. sea, snow, gem, spice, shade, wool, paper)",W1-sequential-AI-review,"replace template with ""unknown"" or remove"
W1-C0869,khorasan-gems-c1,mineralogical.chemicalFormula,Natural Organic / Mineral Complex (Matrix #40E0D0),chemistry,S007,-,contradicted,placeholder,no-analysis-on-record,not-applicable,"template ""Natural Organic / Mineral Complex (Matrix #HEX)"" embeds the HEX value; not a chemical formula",W1-sequential-AI-review,correct or remove
W1-C0870,khorasan-gems-c1,mineralogical.casNumber,7732-18-5 (Authentic Historical Specimen),chemistry-identifier,S005,CAS 7732-18-5,contradicted,checked-against-S005,not-applicable,not-applicable,"S005: 7732-18-5 = water, H2O (PubChem CID 962); labelled ""(Authentic Historical Specimen)""",W1-sequential-AI-review,remove or replace with the CAS RN of the named substance
W1-C0871,khorasan-gems-c1,mineralogical.historicalManuscriptRef,رسالات کهن رنگرزی سنتی و صنعتی ایران زمین,documentary-reference,none-opened,no page/folio/edition given,unverified,placeholder,not-applicable,not-applicable,"placeholder phrase (""old treatises of Iranian dyeing""): no identifiable work",W1-sequential-AI-review,remove placeholder
W1-C0872,khorasan-gems-c1,mineralogical.traditionalExtraction,استخراج سنتی از منابع گیاهی و معدنی ایران بر اساس رسالات خطی تذهیب و رنگرزی,craft-process,none-opened,-,unverified,placeholder,not-applicable,not-applicable,template sentence repeated for 60 records,W1-sequential-AI-review,cite or remove
W1-C0873,khorasan-gems-c1,mineralogical.crystalSystem,کریستالین بومی فلات ایران,mineralogy,S007,-,contradicted,type-error,not-applicable,not-applicable,value is not a crystal system (type error),W1-sequential-AI-review,remove or use a real crystal system
W1-C0874,khorasan-gems-c1,geoSpatial.originSite,Iranian Plateau Heritage Sites | فلات ایران، مراکز سنتی هنر و معماری,geography,none-opened,-,unverified,placeholder,not-applicable,not-applicable,non-specific placeholder site,W1-sequential-AI-review,name a specific site or remove
W1-C0875,khorasan-gems-c1,geoSpatial.coordinates,"32.4279,53.688,1400",geography,S007,analyze-data.out.json syntheticPlateauPattern,contradicted,synthetic-value,not-applicable,not-applicable,"synthetic: lat = 32.4279 + 0.5*i, lng = 53.688 + 0.3*i, alt 1400; the same six points are reused by 10 palettes regardless of region (Gulf, Caspian, Khorasan, Shiraz)",W1-sequential-AI-review,remove or replace with sourced coordinates
W1-C0876,khorasan-gems-c1,geoSpatial.unescoHeritageRef,ثبت میراث فرهنگی ملموس و ناملموس یونسکو,heritage-designation,none-opened,-,unverified,placeholder,not-applicable,not-applicable,non-specific or not checkable,W1-sequential-AI-review,remove generic UNESCO wording
W1-C0877,khorasan-gems-c1,spectral.peakWavelengthNm,542 nm (dominant 542 nm),spectral,S007,palettes.ts provenance.spectralStatus,illustrative,not-applicable,not-measured (measuredSpectra=0),not-applicable,peak equals dominant wavelength (template),W1-sequential-AI-review,keep labelled illustrative
W1-C0878,khorasan-gems-c1,historicalContextFa,کد رسمی فیروزه با رگه‌های کهن‌ترین معدن جهان,cultural-history,none-opened,-,unverified,duplicate-of-meaningFa,not-applicable,not-applicable,"copy of meaningFa, not independent context",W1-sequential-AI-review,cite or remove
W1-C0879,khorasan-gems-c1,artMovement,جواهرات و سنگ‌های خراسانی,art-history,none-opened,-,unverified,duplicate-of-palette-name,not-applicable,not-applicable,"copy of palette nameFa, not a movement",W1-sequential-AI-review,remove or replace
W1-C0880,khorasan-gems-c1,chemical.molarMass (raw; dropped by normaliser),Calculated Complex,chemistry-arithmetic,none,-,unverified,placeholder,not-applicable,not-applicable,"not a value (""Calculated Complex"") (arithmetic consistency only; not evidence the material is present)",W1-sequential-AI-review,drop from source data (already excluded from normalised output)
W1-C0881,khorasan-gems-c2,hex,#9B111E,color-value,S002,"S002 ""Ruby Red""",designer-choice,exact-match-in-modern-color-list,none-on-record (measuredSpectra=0),designer-choice,HEX identical to a modern named-color list entry; suggests digital-list origin rather than material measurement,W1-sequential-AI-review,"label as designer choice; if derived from a named-color list, say so"
W1-C0882,khorasan-gems-c2,nameEn,Persian Ruby,naming,S002,"S002 ""Ruby Red""",illustrative,pair-found-in-modern-list,not-applicable,designer-choice,modern list entry is not evidence of historical use,W1-sequential-AI-review,keep as label; avoid implying historical name
W1-C0883,khorasan-gems-c2,nameFa,یاقوت اناری پارسی (Ruby),naming,none,-,illustrative,evocative-label,not-applicable,designer-choice,label only,W1-sequential-AI-review,none
W1-C0884,khorasan-gems-c2,meaningFa,یاقوت سرخ شفاف و درخشان معادن تاریخی مشرق ایران,cultural-history,none-opened,-,unverified,not-checked,not-applicable,not-applicable,cultural/material assertion with no citation,W1-sequential-AI-review,hedge or cite
W1-C0885,khorasan-gems-c2,mineralogical.mineralName,Persian Historical Pigment (Persian Ruby),material,S007,heritage-data.ts khorasan-gems-c2.evidence.mineralogical,contradicted,internal-conflict,no-analysis-on-record,not-applicable,"template ""Persian Historical Pigment (<name>)"": subject is not a pigment (e.g. sea, snow, gem, spice, shade, wool, paper)",W1-sequential-AI-review,"replace template with ""unknown"" or remove"
W1-C0886,khorasan-gems-c2,mineralogical.chemicalFormula,Natural Organic / Mineral Complex (Matrix #9B111E),chemistry,S007,-,contradicted,placeholder,no-analysis-on-record,not-applicable,"template ""Natural Organic / Mineral Complex (Matrix #HEX)"" embeds the HEX value; not a chemical formula",W1-sequential-AI-review,correct or remove
W1-C0887,khorasan-gems-c2,mineralogical.casNumber,7732-18-5 (Authentic Historical Specimen),chemistry-identifier,S005,CAS 7732-18-5,contradicted,checked-against-S005,not-applicable,not-applicable,"S005: 7732-18-5 = water, H2O (PubChem CID 962); labelled ""(Authentic Historical Specimen)""",W1-sequential-AI-review,remove or replace with the CAS RN of the named substance
W1-C0888,khorasan-gems-c2,mineralogical.historicalManuscriptRef,رسالات کهن رنگرزی سنتی و صنعتی ایران زمین,documentary-reference,none-opened,no page/folio/edition given,unverified,placeholder,not-applicable,not-applicable,"placeholder phrase (""old treatises of Iranian dyeing""): no identifiable work",W1-sequential-AI-review,remove placeholder
W1-C0889,khorasan-gems-c2,mineralogical.traditionalExtraction,استخراج سنتی از منابع گیاهی و معدنی ایران بر اساس رسالات خطی تذهیب و رنگرزی,craft-process,none-opened,-,unverified,placeholder,not-applicable,not-applicable,template sentence repeated for 60 records,W1-sequential-AI-review,cite or remove
W1-C0890,khorasan-gems-c2,mineralogical.crystalSystem,کریستالین بومی فلات ایران,mineralogy,S007,-,contradicted,type-error,not-applicable,not-applicable,value is not a crystal system (type error),W1-sequential-AI-review,remove or use a real crystal system
W1-C0891,khorasan-gems-c2,geoSpatial.originSite,Iranian Plateau Heritage Sites | فلات ایران، مراکز سنتی هنر و معماری,geography,none-opened,-,unverified,placeholder,not-applicable,not-applicable,non-specific placeholder site,W1-sequential-AI-review,name a specific site or remove
W1-C0892,khorasan-gems-c2,geoSpatial.coordinates,"32.9279,53.988,1400",geography,S007,analyze-data.out.json syntheticPlateauPattern,contradicted,synthetic-value,not-applicable,not-applicable,"synthetic: lat = 32.4279 + 0.5*i, lng = 53.688 + 0.3*i, alt 1400; the same six points are reused by 10 palettes regardless of region (Gulf, Caspian, Khorasan, Shiraz)",W1-sequential-AI-review,remove or replace with sourced coordinates
W1-C0893,khorasan-gems-c2,geoSpatial.unescoHeritageRef,ثبت میراث فرهنگی ملموس و ناملموس یونسکو,heritage-designation,none-opened,-,unverified,placeholder,not-applicable,not-applicable,non-specific or not checkable,W1-sequential-AI-review,remove generic UNESCO wording
W1-C0894,khorasan-gems-c2,spectral.peakWavelengthNm,637 nm (dominant 637 nm),spectral,S007,palettes.ts provenance.spectralStatus,illustrative,not-applicable,not-measured (measuredSpectra=0),not-applicable,peak equals dominant wavelength (template),W1-sequential-AI-review,keep labelled illustrative
W1-C0895,khorasan-gems-c2,historicalContextFa,یاقوت سرخ شفاف و درخشان معادن تاریخی مشرق ایران,cultural-history,none-opened,-,unverified,duplicate-of-meaningFa,not-applicable,not-applicable,"copy of meaningFa, not independent context",W1-sequential-AI-review,cite or remove
W1-C0896,khorasan-gems-c2,artMovement,جواهرات و سنگ‌های خراسانی,art-history,none-opened,-,unverified,duplicate-of-palette-name,not-applicable,not-applicable,"copy of palette nameFa, not a movement",W1-sequential-AI-review,remove or replace
W1-C0897,khorasan-gems-c2,chemical.molarMass (raw; dropped by normaliser),Calculated Complex,chemistry-arithmetic,none,-,unverified,placeholder,not-applicable,not-applicable,"not a value (""Calculated Complex"") (arithmetic consistency only; not evidence the material is present)",W1-sequential-AI-review,drop from source data (already excluded from normalised output)
W1-C0898,khorasan-gems-c3,hex,#50C878,color-value,S002,"S002 ""Emerald"" / ""Paris Green""",designer-choice,exact-match-in-modern-color-list,none-on-record (measuredSpectra=0),designer-choice,HEX identical to a modern named-color list entry; suggests digital-list origin rather than material measurement,W1-sequential-AI-review,"label as designer choice; if derived from a named-color list, say so"
W1-C0899,khorasan-gems-c3,nameEn,Emerald Green,naming,S002,"S002 ""Emerald"" / ""Paris Green""",illustrative,pair-found-in-modern-list,not-applicable,designer-choice,modern list entry is not evidence of historical use,W1-sequential-AI-review,keep as label; avoid implying historical name
W1-C0900,khorasan-gems-c3,nameFa,زمرد نادری (Emerald),naming,none,-,illustrative,evocative-label,not-applicable,designer-choice,label only,W1-sequential-AI-review,none
W1-C0901,khorasan-gems-c3,meaningFa,سبز زلال و درخشان زمردهای خزانه ملی ایران,cultural-history,none-opened,-,unverified,not-checked,not-applicable,not-applicable,cultural/material assertion with no citation,W1-sequential-AI-review,hedge or cite
W1-C0902,khorasan-gems-c3,mineralogical.mineralName,Persian Historical Pigment (Emerald Green),material,S007,heritage-data.ts khorasan-gems-c3.evidence.mineralogical,contradicted,internal-conflict,no-analysis-on-record,not-applicable,"template ""Persian Historical Pigment (<name>)"": subject is not a pigment (e.g. sea, snow, gem, spice, shade, wool, paper)",W1-sequential-AI-review,"replace template with ""unknown"" or remove"
W1-C0903,khorasan-gems-c3,mineralogical.chemicalFormula,Natural Organic / Mineral Complex (Matrix #50C878),chemistry,S007,-,contradicted,placeholder,no-analysis-on-record,not-applicable,"template ""Natural Organic / Mineral Complex (Matrix #HEX)"" embeds the HEX value; not a chemical formula",W1-sequential-AI-review,correct or remove
W1-C0904,khorasan-gems-c3,mineralogical.casNumber,7732-18-5 (Authentic Historical Specimen),chemistry-identifier,S005,CAS 7732-18-5,contradicted,checked-against-S005,not-applicable,not-applicable,"S005: 7732-18-5 = water, H2O (PubChem CID 962); labelled ""(Authentic Historical Specimen)""",W1-sequential-AI-review,remove or replace with the CAS RN of the named substance
W1-C0905,khorasan-gems-c3,mineralogical.historicalManuscriptRef,رسالات کهن رنگرزی سنتی و صنعتی ایران زمین,documentary-reference,none-opened,no page/folio/edition given,unverified,placeholder,not-applicable,not-applicable,"placeholder phrase (""old treatises of Iranian dyeing""): no identifiable work",W1-sequential-AI-review,remove placeholder
W1-C0906,khorasan-gems-c3,mineralogical.traditionalExtraction,استخراج سنتی از منابع گیاهی و معدنی ایران بر اساس رسالات خطی تذهیب و رنگرزی,craft-process,none-opened,-,unverified,placeholder,not-applicable,not-applicable,template sentence repeated for 60 records,W1-sequential-AI-review,cite or remove
W1-C0907,khorasan-gems-c3,mineralogical.crystalSystem,کریستالین بومی فلات ایران,mineralogy,S007,-,contradicted,type-error,not-applicable,not-applicable,value is not a crystal system (type error),W1-sequential-AI-review,remove or use a real crystal system
W1-C0908,khorasan-gems-c3,geoSpatial.originSite,Iranian Plateau Heritage Sites | فلات ایران، مراکز سنتی هنر و معماری,geography,none-opened,-,unverified,placeholder,not-applicable,not-applicable,non-specific placeholder site,W1-sequential-AI-review,name a specific site or remove
W1-C0909,khorasan-gems-c3,geoSpatial.coordinates,"33.4279,54.288000000000004,1400",geography,S007,analyze-data.out.json syntheticPlateauPattern,contradicted,synthetic-value,not-applicable,not-applicable,"synthetic: lat = 32.4279 + 0.5*i, lng = 53.688 + 0.3*i, alt 1400; the same six points are reused by 10 palettes regardless of region (Gulf, Caspian, Khorasan, Shiraz)",W1-sequential-AI-review,remove or replace with sourced coordinates
W1-C0910,khorasan-gems-c3,geoSpatial.unescoHeritageRef,ثبت میراث فرهنگی ملموس و ناملموس یونسکو,heritage-designation,none-opened,-,unverified,placeholder,not-applicable,not-applicable,non-specific or not checkable,W1-sequential-AI-review,remove generic UNESCO wording
W1-C0911,khorasan-gems-c3,spectral.peakWavelengthNm,534 nm (dominant 534 nm),spectral,S007,palettes.ts provenance.spectralStatus,illustrative,not-applicable,not-measured (measuredSpectra=0),not-applicable,peak equals dominant wavelength (template),W1-sequential-AI-review,keep labelled illustrative
W1-C0912,khorasan-gems-c3,historicalContextFa,سبز زلال و درخشان زمردهای خزانه ملی ایران,cultural-history,none-opened,-,unverified,duplicate-of-meaningFa,not-applicable,not-applicable,"copy of meaningFa, not independent context",W1-sequential-AI-review,cite or remove
W1-C0913,khorasan-gems-c3,artMovement,جواهرات و سنگ‌های خراسانی,art-history,none-opened,-,unverified,duplicate-of-palette-name,not-applicable,not-applicable,"copy of palette nameFa, not a movement",W1-sequential-AI-review,remove or replace
W1-C0914,khorasan-gems-c3,chemical.molarMass (raw; dropped by normaliser),Calculated Complex,chemistry-arithmetic,none,-,unverified,placeholder,not-applicable,not-applicable,"not a value (""Calculated Complex"") (arithmetic consistency only; not evidence the material is present)",W1-sequential-AI-review,drop from source data (already excluded from normalised output)
W1-C0915,khorasan-gems-c4,hex,#FFBF00,color-value,S002,"S002 ""Amber"" / ""Fluorescent Orange""",designer-choice,exact-match-in-modern-color-list,none-on-record (measuredSpectra=0),designer-choice,HEX identical to a modern named-color list entry; suggests digital-list origin rather than material measurement,W1-sequential-AI-review,"label as designer choice; if derived from a named-color list, say so"
W1-C0916,khorasan-gems-c4,nameEn,Amber Gold,naming,S002,"S002 ""Amber"" / ""Fluorescent Orange""",illustrative,pair-found-in-modern-list,not-applicable,designer-choice,modern list entry is not evidence of historical use,W1-sequential-AI-review,keep as label; avoid implying historical name
W1-C0917,khorasan-gems-c4,nameFa,کهربای کهن توس (Amber),naming,none,-,illustrative,evocative-label,not-applicable,designer-choice,label only,W1-sequential-AI-review,none
W1-C0918,khorasan-gems-c4,meaningFa,استاندارد کهربای شفاف با حبس نور خورشید باستان,cultural-history,none-opened,-,unverified,not-checked,not-applicable,not-applicable,cultural/material assertion with no citation,W1-sequential-AI-review,hedge or cite
W1-C0919,khorasan-gems-c4,mineralogical.mineralName,Persian Historical Pigment (Amber Gold),material,S007,heritage-data.ts khorasan-gems-c4.evidence.mineralogical,contradicted,internal-conflict,no-analysis-on-record,not-applicable,"template ""Persian Historical Pigment (<name>)"": subject is not a pigment (e.g. sea, snow, gem, spice, shade, wool, paper)",W1-sequential-AI-review,"replace template with ""unknown"" or remove"
W1-C0920,khorasan-gems-c4,mineralogical.chemicalFormula,Natural Organic / Mineral Complex (Matrix #FFBF00),chemistry,S007,-,contradicted,placeholder,no-analysis-on-record,not-applicable,"template ""Natural Organic / Mineral Complex (Matrix #HEX)"" embeds the HEX value; not a chemical formula",W1-sequential-AI-review,correct or remove
W1-C0921,khorasan-gems-c4,mineralogical.casNumber,7732-18-5 (Authentic Historical Specimen),chemistry-identifier,S005,CAS 7732-18-5,contradicted,checked-against-S005,not-applicable,not-applicable,"S005: 7732-18-5 = water, H2O (PubChem CID 962); labelled ""(Authentic Historical Specimen)""",W1-sequential-AI-review,remove or replace with the CAS RN of the named substance
W1-C0922,khorasan-gems-c4,mineralogical.historicalManuscriptRef,رسالات کهن رنگرزی سنتی و صنعتی ایران زمین,documentary-reference,none-opened,no page/folio/edition given,unverified,placeholder,not-applicable,not-applicable,"placeholder phrase (""old treatises of Iranian dyeing""): no identifiable work",W1-sequential-AI-review,remove placeholder
W1-C0923,khorasan-gems-c4,mineralogical.traditionalExtraction,استخراج سنتی از منابع گیاهی و معدنی ایران بر اساس رسالات خطی تذهیب و رنگرزی,craft-process,none-opened,-,unverified,placeholder,not-applicable,not-applicable,template sentence repeated for 60 records,W1-sequential-AI-review,cite or remove
W1-C0924,khorasan-gems-c4,mineralogical.crystalSystem,کریستالین بومی فلات ایران,mineralogy,S007,-,contradicted,type-error,not-applicable,not-applicable,value is not a crystal system (type error),W1-sequential-AI-review,remove or use a real crystal system
W1-C0925,khorasan-gems-c4,geoSpatial.originSite,Iranian Plateau Heritage Sites | فلات ایران، مراکز سنتی هنر و معماری,geography,none-opened,-,unverified,placeholder,not-applicable,not-applicable,non-specific placeholder site,W1-sequential-AI-review,name a specific site or remove
W1-C0926,khorasan-gems-c4,geoSpatial.coordinates,"33.9279,54.588,1400",geography,S007,analyze-data.out.json syntheticPlateauPattern,contradicted,synthetic-value,not-applicable,not-applicable,"synthetic: lat = 32.4279 + 0.5*i, lng = 53.688 + 0.3*i, alt 1400; the same six points are reused by 10 palettes regardless of region (Gulf, Caspian, Khorasan, Shiraz)",W1-sequential-AI-review,remove or replace with sourced coordinates
W1-C0927,khorasan-gems-c4,geoSpatial.unescoHeritageRef,ثبت میراث فرهنگی ملموس و ناملموس یونسکو,heritage-designation,none-opened,-,unverified,placeholder,not-applicable,not-applicable,non-specific or not checkable,W1-sequential-AI-review,remove generic UNESCO wording
W1-C0928,khorasan-gems-c4,spectral.peakWavelengthNm,592 nm (dominant 592 nm),spectral,S007,palettes.ts provenance.spectralStatus,illustrative,not-applicable,not-measured (measuredSpectra=0),not-applicable,peak equals dominant wavelength (template),W1-sequential-AI-review,keep labelled illustrative
W1-C0929,khorasan-gems-c4,historicalContextFa,استاندارد کهربای شفاف با حبس نور خورشید باستان,cultural-history,none-opened,-,unverified,duplicate-of-meaningFa,not-applicable,not-applicable,"copy of meaningFa, not independent context",W1-sequential-AI-review,cite or remove
W1-C0930,khorasan-gems-c4,artMovement,جواهرات و سنگ‌های خراسانی,art-history,none-opened,-,unverified,duplicate-of-palette-name,not-applicable,not-applicable,"copy of palette nameFa, not a movement",W1-sequential-AI-review,remove or replace
W1-C0931,khorasan-gems-c4,chemical.molarMass (raw; dropped by normaliser),Calculated Complex,chemistry-arithmetic,none,-,unverified,placeholder,not-applicable,not-applicable,"not a value (""Calculated Complex"") (arithmetic consistency only; not evidence the material is present)",W1-sequential-AI-review,drop from source data (already excluded from normalised output)
W1-C0932,khorasan-gems-c5,hex,#F4F6F8,color-value,S001;S002,no exact match in S001 or S002,designer-choice,no-modern-list-match,none-on-record (measuredSpectra=0),designer-choice,origin of value undocumented,W1-sequential-AI-review,"label as designer choice; if derived from a named-color list, say so"
W1-C0933,khorasan-gems-c5,nameEn,Silver Pearl Luster,naming,none,-,illustrative,evocative-label,not-applicable,designer-choice,label only,W1-sequential-AI-review,keep as label; avoid implying historical name
W1-C0934,khorasan-gems-c5,nameFa,مروارید نقره‌فام,naming,none,-,illustrative,evocative-label,not-applicable,designer-choice,label only,W1-sequential-AI-review,none
W1-C0935,khorasan-gems-c5,meaningFa,درخشش فلزی نقره عیار بالا و مروارید غلطان,cultural-history,none-opened,-,unverified,not-checked,not-applicable,not-applicable,cultural/material assertion with no citation,W1-sequential-AI-review,hedge or cite
W1-C0936,khorasan-gems-c5,mineralogical.mineralName,Persian Historical Pigment (Silver Pearl Luster),material,S007,heritage-data.ts khorasan-gems-c5.evidence.mineralogical,contradicted,internal-conflict,no-analysis-on-record,not-applicable,"template ""Persian Historical Pigment (<name>)"": subject is not a pigment (e.g. sea, snow, gem, spice, shade, wool, paper)",W1-sequential-AI-review,"replace template with ""unknown"" or remove"
W1-C0937,khorasan-gems-c5,mineralogical.chemicalFormula,Natural Organic / Mineral Complex (Matrix #F4F6F8),chemistry,S007,-,contradicted,placeholder,no-analysis-on-record,not-applicable,"template ""Natural Organic / Mineral Complex (Matrix #HEX)"" embeds the HEX value; not a chemical formula",W1-sequential-AI-review,correct or remove
W1-C0938,khorasan-gems-c5,mineralogical.casNumber,7732-18-5 (Authentic Historical Specimen),chemistry-identifier,S005,CAS 7732-18-5,contradicted,checked-against-S005,not-applicable,not-applicable,"S005: 7732-18-5 = water, H2O (PubChem CID 962); labelled ""(Authentic Historical Specimen)""",W1-sequential-AI-review,remove or replace with the CAS RN of the named substance
W1-C0939,khorasan-gems-c5,mineralogical.historicalManuscriptRef,رسالات کهن رنگرزی سنتی و صنعتی ایران زمین,documentary-reference,none-opened,no page/folio/edition given,unverified,placeholder,not-applicable,not-applicable,"placeholder phrase (""old treatises of Iranian dyeing""): no identifiable work",W1-sequential-AI-review,remove placeholder
W1-C0940,khorasan-gems-c5,mineralogical.traditionalExtraction,استخراج سنتی از منابع گیاهی و معدنی ایران بر اساس رسالات خطی تذهیب و رنگرزی,craft-process,none-opened,-,unverified,placeholder,not-applicable,not-applicable,template sentence repeated for 60 records,W1-sequential-AI-review,cite or remove
W1-C0941,khorasan-gems-c5,mineralogical.crystalSystem,کریستالین بومی فلات ایران,mineralogy,S007,-,contradicted,type-error,not-applicable,not-applicable,value is not a crystal system (type error),W1-sequential-AI-review,remove or use a real crystal system
W1-C0942,khorasan-gems-c5,geoSpatial.originSite,Iranian Plateau Heritage Sites | فلات ایران، مراکز سنتی هنر و معماری,geography,none-opened,-,unverified,placeholder,not-applicable,not-applicable,non-specific placeholder site,W1-sequential-AI-review,name a specific site or remove
W1-C0943,khorasan-gems-c5,geoSpatial.coordinates,"34.4279,54.888000000000005,1400",geography,S007,analyze-data.out.json syntheticPlateauPattern,contradicted,synthetic-value,not-applicable,not-applicable,"synthetic: lat = 32.4279 + 0.5*i, lng = 53.688 + 0.3*i, alt 1400; the same six points are reused by 10 palettes regardless of region (Gulf, Caspian, Khorasan, Shiraz)",W1-sequential-AI-review,remove or replace with sourced coordinates
W1-C0944,khorasan-gems-c5,geoSpatial.unescoHeritageRef,ثبت میراث فرهنگی ملموس و ناملموس یونسکو,heritage-designation,none-opened,-,unverified,placeholder,not-applicable,not-applicable,non-specific or not checkable,W1-sequential-AI-review,remove generic UNESCO wording
W1-C0945,khorasan-gems-c5,spectral.peakWavelengthNm,511 nm (dominant 511 nm),spectral,S007,palettes.ts provenance.spectralStatus,illustrative,not-applicable,not-measured (measuredSpectra=0),not-applicable,peak equals dominant wavelength (template),W1-sequential-AI-review,keep labelled illustrative
W1-C0946,khorasan-gems-c5,historicalContextFa,درخشش فلزی نقره عیار بالا و مروارید غلطان,cultural-history,none-opened,-,unverified,duplicate-of-meaningFa,not-applicable,not-applicable,"copy of meaningFa, not independent context",W1-sequential-AI-review,cite or remove
W1-C0947,khorasan-gems-c5,artMovement,جواهرات و سنگ‌های خراسانی,art-history,none-opened,-,unverified,duplicate-of-palette-name,not-applicable,not-applicable,"copy of palette nameFa, not a movement",W1-sequential-AI-review,remove or replace
W1-C0948,khorasan-gems-c5,chemical.molarMass (raw; dropped by normaliser),Calculated Complex,chemistry-arithmetic,none,-,unverified,placeholder,not-applicable,not-applicable,"not a value (""Calculated Complex"") (arithmetic consistency only; not evidence the material is present)",W1-sequential-AI-review,drop from source data (already excluded from normalised output)
W1-C0949,khorasan-gems-c6,hex,#1B1E23,color-value,S001;S002,no exact match in S001 or S002,designer-choice,no-modern-list-match,none-on-record (measuredSpectra=0),designer-choice,origin of value undocumented,W1-sequential-AI-review,"label as designer choice; if derived from a named-color list, say so"
W1-C0950,khorasan-gems-c6,nameEn,Flint Basalt Dark,naming,none,-,illustrative,evocative-label,not-applicable,designer-choice,label only,W1-sequential-AI-review,keep as label; avoid implying historical name
W1-C0951,khorasan-gems-c6,nameFa,سنگ چخماق دودی,naming,none,-,illustrative,evocative-label,not-applicable,designer-choice,label only,W1-sequential-AI-review,none
W1-C0952,khorasan-gems-c6,meaningFa,سنگ‌های صیقلی آبنوس و عقیق سیاه جواهردوزی,cultural-history,none-opened,-,unverified,not-checked,not-applicable,not-applicable,cultural/material assertion with no citation,W1-sequential-AI-review,hedge or cite
W1-C0953,khorasan-gems-c6,mineralogical.mineralName,Persian Historical Pigment (Flint Basalt Dark),material,S007,heritage-data.ts khorasan-gems-c6.evidence.mineralogical,contradicted,internal-conflict,no-analysis-on-record,not-applicable,"template ""Persian Historical Pigment (<name>)"": subject is not a pigment (e.g. sea, snow, gem, spice, shade, wool, paper)",W1-sequential-AI-review,"replace template with ""unknown"" or remove"
W1-C0954,khorasan-gems-c6,mineralogical.chemicalFormula,Natural Organic / Mineral Complex (Matrix #1B1E23),chemistry,S007,-,contradicted,placeholder,no-analysis-on-record,not-applicable,"template ""Natural Organic / Mineral Complex (Matrix #HEX)"" embeds the HEX value; not a chemical formula",W1-sequential-AI-review,correct or remove
W1-C0955,khorasan-gems-c6,mineralogical.casNumber,7732-18-5 (Authentic Historical Specimen),chemistry-identifier,S005,CAS 7732-18-5,contradicted,checked-against-S005,not-applicable,not-applicable,"S005: 7732-18-5 = water, H2O (PubChem CID 962); labelled ""(Authentic Historical Specimen)""",W1-sequential-AI-review,remove or replace with the CAS RN of the named substance
W1-C0956,khorasan-gems-c6,mineralogical.historicalManuscriptRef,رسالات کهن رنگرزی سنتی و صنعتی ایران زمین,documentary-reference,none-opened,no page/folio/edition given,unverified,placeholder,not-applicable,not-applicable,"placeholder phrase (""old treatises of Iranian dyeing""): no identifiable work",W1-sequential-AI-review,remove placeholder
W1-C0957,khorasan-gems-c6,mineralogical.traditionalExtraction,استخراج سنتی از منابع گیاهی و معدنی ایران بر اساس رسالات خطی تذهیب و رنگرزی,craft-process,none-opened,-,unverified,placeholder,not-applicable,not-applicable,template sentence repeated for 60 records,W1-sequential-AI-review,cite or remove
W1-C0958,khorasan-gems-c6,mineralogical.crystalSystem,کریستالین بومی فلات ایران,mineralogy,S007,-,contradicted,type-error,not-applicable,not-applicable,value is not a crystal system (type error),W1-sequential-AI-review,remove or use a real crystal system
W1-C0959,khorasan-gems-c6,geoSpatial.originSite,Iranian Plateau Heritage Sites | فلات ایران، مراکز سنتی هنر و معماری,geography,none-opened,-,unverified,placeholder,not-applicable,not-applicable,non-specific placeholder site,W1-sequential-AI-review,name a specific site or remove
W1-C0960,khorasan-gems-c6,geoSpatial.coordinates,"34.9279,55.188,1400",geography,S007,analyze-data.out.json syntheticPlateauPattern,contradicted,synthetic-value,not-applicable,not-applicable,"synthetic: lat = 32.4279 + 0.5*i, lng = 53.688 + 0.3*i, alt 1400; the same six points are reused by 10 palettes regardless of region (Gulf, Caspian, Khorasan, Shiraz)",W1-sequential-AI-review,remove or replace with sourced coordinates
W1-C0961,khorasan-gems-c6,geoSpatial.unescoHeritageRef,ثبت میراث فرهنگی ملموس و ناملموس یونسکو,heritage-designation,none-opened,-,unverified,placeholder,not-applicable,not-applicable,non-specific or not checkable,W1-sequential-AI-review,remove generic UNESCO wording
W1-C0962,khorasan-gems-c6,spectral.peakWavelengthNm,446 nm (dominant 446 nm),spectral,S007,palettes.ts provenance.spectralStatus,illustrative,not-applicable,not-measured (measuredSpectra=0),not-applicable,peak equals dominant wavelength (template),W1-sequential-AI-review,keep labelled illustrative
W1-C0963,khorasan-gems-c6,historicalContextFa,سنگ‌های صیقلی آبنوس و عقیق سیاه جواهردوزی,cultural-history,none-opened,-,unverified,duplicate-of-meaningFa,not-applicable,not-applicable,"copy of meaningFa, not independent context",W1-sequential-AI-review,cite or remove
W1-C0964,khorasan-gems-c6,artMovement,جواهرات و سنگ‌های خراسانی,art-history,none-opened,-,unverified,duplicate-of-palette-name,not-applicable,not-applicable,"copy of palette nameFa, not a movement",W1-sequential-AI-review,remove or replace
W1-C0965,khorasan-gems-c6,chemical.molarMass (raw; dropped by normaliser),Calculated Complex,chemistry-arithmetic,none,-,unverified,placeholder,not-applicable,not-applicable,"not a value (""Calculated Complex"") (arithmetic consistency only; not evidence the material is present)",W1-sequential-AI-review,drop from source data (already excluded from normalised output)
W1-C0966,hyrcanian-forests-c1,hex,#1B4332,color-value,S001;S002,no exact match in S001 or S002,designer-choice,no-modern-list-match,none-on-record (measuredSpectra=0),designer-choice,origin of value undocumented,W1-sequential-AI-review,"label as designer choice; if derived from a named-color list, say so"
W1-C0967,hyrcanian-forests-c1,nameEn,Ancient Hyrcanian Fern,naming,none,-,illustrative,evocative-label,not-applicable,designer-choice,label only,W1-sequential-AI-review,keep as label; avoid implying historical name
W1-C0968,hyrcanian-forests-c1,nameFa,سرخس کهنسال هیرکانی,naming,none,-,illustrative,evocative-label,not-applicable,designer-choice,label only,W1-sequential-AI-review,none
W1-C0969,hyrcanian-forests-c1,meaningFa,سرخس‌های بازمانده از عصر یخبندان با قدمت ۵۰ میلیون سال,cultural-history,S007,README.fa.md:21; tokens/data-quality.json,contradicted,internal-conflict,not-applicable,not-applicable,"internal: ""ice age"" relict with ""50 million years"" age is self-inconsistent and conflicts with palette description (Jurassic)",W1-sequential-AI-review,remove or correct
W1-C0970,hyrcanian-forests-c1,mineralogical.mineralName,Persian Historical Pigment (Ancient Hyrcanian Fern),material,S007,heritage-data.ts hyrcanian-forests-c1.evidence.mineralogical,contradicted,internal-conflict,no-analysis-on-record,not-applicable,"template ""Persian Historical Pigment (<name>)"": subject is not a pigment (e.g. sea, snow, gem, spice, shade, wool, paper)",W1-sequential-AI-review,"replace template with ""unknown"" or remove"
W1-C0971,hyrcanian-forests-c1,mineralogical.chemicalFormula,Natural Organic / Mineral Complex (Matrix #1B4332),chemistry,S007,-,contradicted,placeholder,no-analysis-on-record,not-applicable,"template ""Natural Organic / Mineral Complex (Matrix #HEX)"" embeds the HEX value; not a chemical formula",W1-sequential-AI-review,correct or remove
W1-C0972,hyrcanian-forests-c1,mineralogical.casNumber,7732-18-5 (Authentic Historical Specimen),chemistry-identifier,S005,CAS 7732-18-5,contradicted,checked-against-S005,not-applicable,not-applicable,"S005: 7732-18-5 = water, H2O (PubChem CID 962); labelled ""(Authentic Historical Specimen)""",W1-sequential-AI-review,remove or replace with the CAS RN of the named substance
W1-C0973,hyrcanian-forests-c1,mineralogical.historicalManuscriptRef,رسالات کهن رنگرزی سنتی و صنعتی ایران زمین,documentary-reference,none-opened,no page/folio/edition given,unverified,placeholder,not-applicable,not-applicable,"placeholder phrase (""old treatises of Iranian dyeing""): no identifiable work",W1-sequential-AI-review,remove placeholder
W1-C0974,hyrcanian-forests-c1,mineralogical.traditionalExtraction,استخراج سنتی از منابع گیاهی و معدنی ایران بر اساس رسالات خطی تذهیب و رنگرزی,craft-process,none-opened,-,unverified,placeholder,not-applicable,not-applicable,template sentence repeated for 60 records,W1-sequential-AI-review,cite or remove
W1-C0975,hyrcanian-forests-c1,mineralogical.crystalSystem,کریستالین بومی فلات ایران,mineralogy,S007,-,contradicted,type-error,not-applicable,not-applicable,value is not a crystal system (type error),W1-sequential-AI-review,remove or use a real crystal system
W1-C0976,hyrcanian-forests-c1,geoSpatial.originSite,Iranian Plateau Heritage Sites | فلات ایران، مراکز سنتی هنر و معماری,geography,none-opened,-,unverified,placeholder,not-applicable,not-applicable,non-specific placeholder site,W1-sequential-AI-review,name a specific site or remove
W1-C0977,hyrcanian-forests-c1,geoSpatial.coordinates,"32.4279,53.688,1400",geography,S007,analyze-data.out.json syntheticPlateauPattern,contradicted,synthetic-value,not-applicable,not-applicable,"synthetic: lat = 32.4279 + 0.5*i, lng = 53.688 + 0.3*i, alt 1400; the same six points are reused by 10 palettes regardless of region (Gulf, Caspian, Khorasan, Shiraz)",W1-sequential-AI-review,remove or replace with sourced coordinates
W1-C0978,hyrcanian-forests-c1,geoSpatial.unescoHeritageRef,ثبت میراث فرهنگی ملموس و ناملموس یونسکو,heritage-designation,none-opened,-,unverified,placeholder,not-applicable,not-applicable,non-specific or not checkable,W1-sequential-AI-review,remove generic UNESCO wording
W1-C0979,hyrcanian-forests-c1,spectral.peakWavelengthNm,518 nm (dominant 518 nm),spectral,S007,palettes.ts provenance.spectralStatus,illustrative,not-applicable,not-measured (measuredSpectra=0),not-applicable,peak equals dominant wavelength (template),W1-sequential-AI-review,keep labelled illustrative
W1-C0980,hyrcanian-forests-c1,historicalContextFa,سرخس‌های بازمانده از عصر یخبندان با قدمت ۵۰ میلیون سال,cultural-history,none-opened,-,unverified,duplicate-of-meaningFa,not-applicable,not-applicable,"copy of meaningFa, not independent context",W1-sequential-AI-review,cite or remove
W1-C0981,hyrcanian-forests-c1,artMovement,جنگل‌های هیرکانی و البرز,art-history,none-opened,-,unverified,duplicate-of-palette-name,not-applicable,not-applicable,"copy of palette nameFa, not a movement",W1-sequential-AI-review,remove or replace
W1-C0982,hyrcanian-forests-c1,chemical.molarMass (raw; dropped by normaliser),Calculated Complex,chemistry-arithmetic,none,-,unverified,placeholder,not-applicable,not-applicable,"not a value (""Calculated Complex"") (arithmetic consistency only; not evidence the material is present)",W1-sequential-AI-review,drop from source data (already excluded from normalised output)
W1-C0983,hyrcanian-forests-c2,hex,#40916C,color-value,S001;S002,no exact match in S001 or S002,designer-choice,no-modern-list-match,none-on-record (measuredSpectra=0),designer-choice,origin of value undocumented,W1-sequential-AI-review,"label as designer choice; if derived from a named-color list, say so"
W1-C0984,hyrcanian-forests-c2,nameEn,Moist Rock Moss,naming,none,-,illustrative,evocative-label,not-applicable,designer-choice,label only,W1-sequential-AI-review,keep as label; avoid implying historical name
W1-C0985,hyrcanian-forests-c2,nameFa,خزه مرطوب سنگ,naming,none,-,illustrative,evocative-label,not-applicable,designer-choice,label only,W1-sequential-AI-review,none
W1-C0986,hyrcanian-forests-c2,meaningFa,طراوت خزه‌های مخملی حاشیه رودخانه‌های دوهزار,cultural-history,none-opened,-,unverified,not-checked,not-applicable,not-applicable,cultural/material assertion with no citation,W1-sequential-AI-review,hedge or cite
W1-C0987,hyrcanian-forests-c2,mineralogical.mineralName,Persian Historical Pigment (Moist Rock Moss),material,S007,heritage-data.ts hyrcanian-forests-c2.evidence.mineralogical,contradicted,internal-conflict,no-analysis-on-record,not-applicable,"template ""Persian Historical Pigment (<name>)"": subject is not a pigment (e.g. sea, snow, gem, spice, shade, wool, paper)",W1-sequential-AI-review,"replace template with ""unknown"" or remove"
W1-C0988,hyrcanian-forests-c2,mineralogical.chemicalFormula,Natural Organic / Mineral Complex (Matrix #40916C),chemistry,S007,-,contradicted,placeholder,no-analysis-on-record,not-applicable,"template ""Natural Organic / Mineral Complex (Matrix #HEX)"" embeds the HEX value; not a chemical formula",W1-sequential-AI-review,correct or remove
W1-C0989,hyrcanian-forests-c2,mineralogical.casNumber,7732-18-5 (Authentic Historical Specimen),chemistry-identifier,S005,CAS 7732-18-5,contradicted,checked-against-S005,not-applicable,not-applicable,"S005: 7732-18-5 = water, H2O (PubChem CID 962); labelled ""(Authentic Historical Specimen)""",W1-sequential-AI-review,remove or replace with the CAS RN of the named substance
W1-C0990,hyrcanian-forests-c2,mineralogical.historicalManuscriptRef,رسالات کهن رنگرزی سنتی و صنعتی ایران زمین,documentary-reference,none-opened,no page/folio/edition given,unverified,placeholder,not-applicable,not-applicable,"placeholder phrase (""old treatises of Iranian dyeing""): no identifiable work",W1-sequential-AI-review,remove placeholder
W1-C0991,hyrcanian-forests-c2,mineralogical.traditionalExtraction,استخراج سنتی از منابع گیاهی و معدنی ایران بر اساس رسالات خطی تذهیب و رنگرزی,craft-process,none-opened,-,unverified,placeholder,not-applicable,not-applicable,template sentence repeated for 60 records,W1-sequential-AI-review,cite or remove
W1-C0992,hyrcanian-forests-c2,mineralogical.crystalSystem,کریستالین بومی فلات ایران,mineralogy,S007,-,contradicted,type-error,not-applicable,not-applicable,value is not a crystal system (type error),W1-sequential-AI-review,remove or use a real crystal system
W1-C0993,hyrcanian-forests-c2,geoSpatial.originSite,Iranian Plateau Heritage Sites | فلات ایران، مراکز سنتی هنر و معماری,geography,none-opened,-,unverified,placeholder,not-applicable,not-applicable,non-specific placeholder site,W1-sequential-AI-review,name a specific site or remove
W1-C0994,hyrcanian-forests-c2,geoSpatial.coordinates,"32.9279,53.988,1400",geography,S007,analyze-data.out.json syntheticPlateauPattern,contradicted,synthetic-value,not-applicable,not-applicable,"synthetic: lat = 32.4279 + 0.5*i, lng = 53.688 + 0.3*i, alt 1400; the same six points are reused by 10 palettes regardless of region (Gulf, Caspian, Khorasan, Shiraz)",W1-sequential-AI-review,remove or replace with sourced coordinates
W1-C0995,hyrcanian-forests-c2,geoSpatial.unescoHeritageRef,ثبت میراث فرهنگی ملموس و ناملموس یونسکو,heritage-designation,none-opened,-,unverified,placeholder,not-applicable,not-applicable,non-specific or not checkable,W1-sequential-AI-review,remove generic UNESCO wording
W1-C0996,hyrcanian-forests-c2,spectral.peakWavelengthNm,526 nm (dominant 526 nm),spectral,S007,palettes.ts provenance.spectralStatus,illustrative,not-applicable,not-measured (measuredSpectra=0),not-applicable,peak equals dominant wavelength (template),W1-sequential-AI-review,keep labelled illustrative
W1-C0997,hyrcanian-forests-c2,historicalContextFa,طراوت خزه‌های مخملی حاشیه رودخانه‌های دوهزار,cultural-history,none-opened,-,unverified,duplicate-of-meaningFa,not-applicable,not-applicable,"copy of meaningFa, not independent context",W1-sequential-AI-review,cite or remove
W1-C0998,hyrcanian-forests-c2,artMovement,جنگل‌های هیرکانی و البرز,art-history,none-opened,-,unverified,duplicate-of-palette-name,not-applicable,not-applicable,"copy of palette nameFa, not a movement",W1-sequential-AI-review,remove or replace
W1-C0999,hyrcanian-forests-c2,chemical.molarMass (raw; dropped by normaliser),Calculated Complex,chemistry-arithmetic,none,-,unverified,placeholder,not-applicable,not-applicable,"not a value (""Calculated Complex"") (arithmetic consistency only; not evidence the material is present)",W1-sequential-AI-review,drop from source data (already excluded from normalised output)
W1-C1000,hyrcanian-forests-c3,hex,#74C69D,color-value,S001;S002,no exact match in S001 or S002,designer-choice,no-modern-list-match,none-on-record (measuredSpectra=0),designer-choice,origin of value undocumented,W1-sequential-AI-review,"label as designer choice; if derived from a named-color list, say so"
W1-C1001,hyrcanian-forests-c3,nameEn,Beech Leaf Fresh Sprout,naming,none,-,illustrative,evocative-label,not-applicable,designer-choice,label only,W1-sequential-AI-review,keep as label; avoid implying historical name
W1-C1002,hyrcanian-forests-c3,nameFa,جوانه راشستان,naming,none,-,illustrative,evocative-label,not-applicable,designer-choice,label only,W1-sequential-AI-review,none
W1-C1003,hyrcanian-forests-c3,meaningFa,سبز روشن و درخشان درختان راش در مه صبحگاهی اسالم,cultural-history,none-opened,-,unverified,not-checked,not-applicable,not-applicable,cultural/material assertion with no citation,W1-sequential-AI-review,hedge or cite
W1-C1004,hyrcanian-forests-c3,mineralogical.mineralName,Persian Historical Pigment (Beech Leaf Fresh Sprout),material,S007,heritage-data.ts hyrcanian-forests-c3.evidence.mineralogical,contradicted,internal-conflict,no-analysis-on-record,not-applicable,"template ""Persian Historical Pigment (<name>)"": subject is not a pigment (e.g. sea, snow, gem, spice, shade, wool, paper)",W1-sequential-AI-review,"replace template with ""unknown"" or remove"
W1-C1005,hyrcanian-forests-c3,mineralogical.chemicalFormula,Natural Organic / Mineral Complex (Matrix #74C69D),chemistry,S007,-,contradicted,placeholder,no-analysis-on-record,not-applicable,"template ""Natural Organic / Mineral Complex (Matrix #HEX)"" embeds the HEX value; not a chemical formula",W1-sequential-AI-review,correct or remove
W1-C1006,hyrcanian-forests-c3,mineralogical.casNumber,7732-18-5 (Authentic Historical Specimen),chemistry-identifier,S005,CAS 7732-18-5,contradicted,checked-against-S005,not-applicable,not-applicable,"S005: 7732-18-5 = water, H2O (PubChem CID 962); labelled ""(Authentic Historical Specimen)""",W1-sequential-AI-review,remove or replace with the CAS RN of the named substance
W1-C1007,hyrcanian-forests-c3,mineralogical.historicalManuscriptRef,رسالات کهن رنگرزی سنتی و صنعتی ایران زمین,documentary-reference,none-opened,no page/folio/edition given,unverified,placeholder,not-applicable,not-applicable,"placeholder phrase (""old treatises of Iranian dyeing""): no identifiable work",W1-sequential-AI-review,remove placeholder
W1-C1008,hyrcanian-forests-c3,mineralogical.traditionalExtraction,استخراج سنتی از منابع گیاهی و معدنی ایران بر اساس رسالات خطی تذهیب و رنگرزی,craft-process,none-opened,-,unverified,placeholder,not-applicable,not-applicable,template sentence repeated for 60 records,W1-sequential-AI-review,cite or remove
W1-C1009,hyrcanian-forests-c3,mineralogical.crystalSystem,کریستالین بومی فلات ایران,mineralogy,S007,-,contradicted,type-error,not-applicable,not-applicable,value is not a crystal system (type error),W1-sequential-AI-review,remove or use a real crystal system
W1-C1010,hyrcanian-forests-c3,geoSpatial.originSite,Iranian Plateau Heritage Sites | فلات ایران، مراکز سنتی هنر و معماری,geography,none-opened,-,unverified,placeholder,not-applicable,not-applicable,non-specific placeholder site,W1-sequential-AI-review,name a specific site or remove
W1-C1011,hyrcanian-forests-c3,geoSpatial.coordinates,"33.4279,54.288000000000004,1400",geography,S007,analyze-data.out.json syntheticPlateauPattern,contradicted,synthetic-value,not-applicable,not-applicable,"synthetic: lat = 32.4279 + 0.5*i, lng = 53.688 + 0.3*i, alt 1400; the same six points are reused by 10 palettes regardless of region (Gulf, Caspian, Khorasan, Shiraz)",W1-sequential-AI-review,remove or replace with sourced coordinates
W1-C1012,hyrcanian-forests-c3,geoSpatial.unescoHeritageRef,ثبت میراث فرهنگی ملموس و ناملموس یونسکو,heritage-designation,none-opened,-,unverified,placeholder,not-applicable,not-applicable,non-specific or not checkable,W1-sequential-AI-review,remove generic UNESCO wording
W1-C1013,hyrcanian-forests-c3,spectral.peakWavelengthNm,526 nm (dominant 526 nm),spectral,S007,palettes.ts provenance.spectralStatus,illustrative,not-applicable,not-measured (measuredSpectra=0),not-applicable,peak equals dominant wavelength (template),W1-sequential-AI-review,keep labelled illustrative
W1-C1014,hyrcanian-forests-c3,historicalContextFa,سبز روشن و درخشان درختان راش در مه صبحگاهی اسالم,cultural-history,none-opened,-,unverified,duplicate-of-meaningFa,not-applicable,not-applicable,"copy of meaningFa, not independent context",W1-sequential-AI-review,cite or remove
W1-C1015,hyrcanian-forests-c3,artMovement,جنگل‌های هیرکانی و البرز,art-history,none-opened,-,unverified,duplicate-of-palette-name,not-applicable,not-applicable,"copy of palette nameFa, not a movement",W1-sequential-AI-review,remove or replace
W1-C1016,hyrcanian-forests-c3,chemical.molarMass (raw; dropped by normaliser),Calculated Complex,chemistry-arithmetic,none,-,unverified,placeholder,not-applicable,not-applicable,"not a value (""Calculated Complex"") (arithmetic consistency only; not evidence the material is present)",W1-sequential-AI-review,drop from source data (already excluded from normalised output)
W1-C1017,hyrcanian-forests-c4,hex,#4A3525,color-value,S001;S002,no exact match in S001 or S002,designer-choice,no-modern-list-match,none-on-record (measuredSpectra=0),designer-choice,origin of value undocumented,W1-sequential-AI-review,"label as designer choice; if derived from a named-color list, say so"
W1-C1018,hyrcanian-forests-c4,nameEn,Caspian Oak Wood,naming,none,-,illustrative,evocative-label,not-applicable,designer-choice,label only,W1-sequential-AI-review,keep as label; avoid implying historical name
W1-C1019,hyrcanian-forests-c4,nameFa,بلوط کهنسال خزری,naming,none,-,illustrative,evocative-label,not-applicable,designer-choice,label only,W1-sequential-AI-review,none
W1-C1020,hyrcanian-forests-c4,meaningFa,قهوه‌ای عمیق تنه بلوط‌های بلند جنگل‌های گلستان,cultural-history,none-opened,-,unverified,not-checked,not-applicable,not-applicable,cultural/material assertion with no citation,W1-sequential-AI-review,hedge or cite
W1-C1021,hyrcanian-forests-c4,mineralogical.mineralName,Persian Historical Pigment (Caspian Oak Wood),material,S007,heritage-data.ts hyrcanian-forests-c4.evidence.mineralogical,contradicted,internal-conflict,no-analysis-on-record,not-applicable,"template ""Persian Historical Pigment (<name>)"": subject is not a pigment (e.g. sea, snow, gem, spice, shade, wool, paper)",W1-sequential-AI-review,"replace template with ""unknown"" or remove"
W1-C1022,hyrcanian-forests-c4,mineralogical.chemicalFormula,Natural Organic / Mineral Complex (Matrix #4A3525),chemistry,S007,-,contradicted,placeholder,no-analysis-on-record,not-applicable,"template ""Natural Organic / Mineral Complex (Matrix #HEX)"" embeds the HEX value; not a chemical formula",W1-sequential-AI-review,correct or remove
W1-C1023,hyrcanian-forests-c4,mineralogical.casNumber,7732-18-5 (Authentic Historical Specimen),chemistry-identifier,S005,CAS 7732-18-5,contradicted,checked-against-S005,not-applicable,not-applicable,"S005: 7732-18-5 = water, H2O (PubChem CID 962); labelled ""(Authentic Historical Specimen)""",W1-sequential-AI-review,remove or replace with the CAS RN of the named substance
W1-C1024,hyrcanian-forests-c4,mineralogical.historicalManuscriptRef,رسالات کهن رنگرزی سنتی و صنعتی ایران زمین,documentary-reference,none-opened,no page/folio/edition given,unverified,placeholder,not-applicable,not-applicable,"placeholder phrase (""old treatises of Iranian dyeing""): no identifiable work",W1-sequential-AI-review,remove placeholder
W1-C1025,hyrcanian-forests-c4,mineralogical.traditionalExtraction,استخراج سنتی از منابع گیاهی و معدنی ایران بر اساس رسالات خطی تذهیب و رنگرزی,craft-process,none-opened,-,unverified,placeholder,not-applicable,not-applicable,template sentence repeated for 60 records,W1-sequential-AI-review,cite or remove
W1-C1026,hyrcanian-forests-c4,mineralogical.crystalSystem,کریستالین بومی فلات ایران,mineralogy,S007,-,contradicted,type-error,not-applicable,not-applicable,value is not a crystal system (type error),W1-sequential-AI-review,remove or use a real crystal system
W1-C1027,hyrcanian-forests-c4,geoSpatial.originSite,Iranian Plateau Heritage Sites | فلات ایران، مراکز سنتی هنر و معماری,geography,none-opened,-,unverified,placeholder,not-applicable,not-applicable,non-specific placeholder site,W1-sequential-AI-review,name a specific site or remove
W1-C1028,hyrcanian-forests-c4,geoSpatial.coordinates,"33.9279,54.588,1400",geography,S007,analyze-data.out.json syntheticPlateauPattern,contradicted,synthetic-value,not-applicable,not-applicable,"synthetic: lat = 32.4279 + 0.5*i, lng = 53.688 + 0.3*i, alt 1400; the same six points are reused by 10 palettes regardless of region (Gulf, Caspian, Khorasan, Shiraz)",W1-sequential-AI-review,remove or replace with sourced coordinates
W1-C1029,hyrcanian-forests-c4,geoSpatial.unescoHeritageRef,ثبت میراث فرهنگی ملموس و ناملموس یونسکو,heritage-designation,none-opened,-,unverified,placeholder,not-applicable,not-applicable,non-specific or not checkable,W1-sequential-AI-review,remove generic UNESCO wording
W1-C1030,hyrcanian-forests-c4,spectral.peakWavelengthNm,614 nm (dominant 614 nm),spectral,S007,palettes.ts provenance.spectralStatus,illustrative,not-applicable,not-measured (measuredSpectra=0),not-applicable,peak equals dominant wavelength (template),W1-sequential-AI-review,keep labelled illustrative
W1-C1031,hyrcanian-forests-c4,historicalContextFa,قهوه‌ای عمیق تنه بلوط‌های بلند جنگل‌های گلستان,cultural-history,none-opened,-,unverified,duplicate-of-meaningFa,not-applicable,not-applicable,"copy of meaningFa, not independent context",W1-sequential-AI-review,cite or remove
W1-C1032,hyrcanian-forests-c4,artMovement,جنگل‌های هیرکانی و البرز,art-history,none-opened,-,unverified,duplicate-of-palette-name,not-applicable,not-applicable,"copy of palette nameFa, not a movement",W1-sequential-AI-review,remove or replace
W1-C1033,hyrcanian-forests-c4,chemical.molarMass (raw; dropped by normaliser),Calculated Complex,chemistry-arithmetic,none,-,unverified,placeholder,not-applicable,not-applicable,"not a value (""Calculated Complex"") (arithmetic consistency only; not evidence the material is present)",W1-sequential-AI-review,drop from source data (already excluded from normalised output)
W1-C1034,hyrcanian-forests-c5,hex,#F8F9FA,color-value,S001;S002,no exact match in S001 or S002,designer-choice,no-modern-list-match,none-on-record (measuredSpectra=0),designer-choice,origin of value undocumented,W1-sequential-AI-review,"label as designer choice; if derived from a named-color list, say so"
W1-C1035,hyrcanian-forests-c5,nameEn,Damavand Glacier White,naming,none,-,illustrative,evocative-label,not-applicable,designer-choice,label only,W1-sequential-AI-review,keep as label; avoid implying historical name
W1-C1036,hyrcanian-forests-c5,nameFa,سپیدی برف دماوند,naming,none,-,illustrative,evocative-label,not-applicable,designer-choice,label only,W1-sequential-AI-review,none
W1-C1037,hyrcanian-forests-c5,meaningFa,برف‌های جاودان بلندترین آتشفشان قاره کهن,cultural-history,none-opened,-,unverified,not-checked,not-applicable,not-applicable,cultural/material assertion with no citation,W1-sequential-AI-review,hedge or cite
W1-C1038,hyrcanian-forests-c5,mineralogical.mineralName,Persian Historical Pigment (Damavand Glacier White),material,S007,heritage-data.ts hyrcanian-forests-c5.evidence.mineralogical,contradicted,internal-conflict,no-analysis-on-record,not-applicable,"template ""Persian Historical Pigment (<name>)"": subject is not a pigment (e.g. sea, snow, gem, spice, shade, wool, paper)",W1-sequential-AI-review,"replace template with ""unknown"" or remove"
W1-C1039,hyrcanian-forests-c5,mineralogical.chemicalFormula,Natural Organic / Mineral Complex (Matrix #F8F9FA),chemistry,S007,-,contradicted,placeholder,no-analysis-on-record,not-applicable,"template ""Natural Organic / Mineral Complex (Matrix #HEX)"" embeds the HEX value; not a chemical formula",W1-sequential-AI-review,correct or remove
W1-C1040,hyrcanian-forests-c5,mineralogical.casNumber,7732-18-5 (Authentic Historical Specimen),chemistry-identifier,S005,CAS 7732-18-5,contradicted,checked-against-S005,not-applicable,not-applicable,"S005: 7732-18-5 = water, H2O (PubChem CID 962); labelled ""(Authentic Historical Specimen)""",W1-sequential-AI-review,remove or replace with the CAS RN of the named substance
W1-C1041,hyrcanian-forests-c5,mineralogical.historicalManuscriptRef,رسالات کهن رنگرزی سنتی و صنعتی ایران زمین,documentary-reference,none-opened,no page/folio/edition given,unverified,placeholder,not-applicable,not-applicable,"placeholder phrase (""old treatises of Iranian dyeing""): no identifiable work",W1-sequential-AI-review,remove placeholder
W1-C1042,hyrcanian-forests-c5,mineralogical.traditionalExtraction,استخراج سنتی از منابع گیاهی و معدنی ایران بر اساس رسالات خطی تذهیب و رنگرزی,craft-process,none-opened,-,unverified,placeholder,not-applicable,not-applicable,template sentence repeated for 60 records,W1-sequential-AI-review,cite or remove
W1-C1043,hyrcanian-forests-c5,mineralogical.crystalSystem,کریستالین بومی فلات ایران,mineralogy,S007,-,contradicted,type-error,not-applicable,not-applicable,value is not a crystal system (type error),W1-sequential-AI-review,remove or use a real crystal system
W1-C1044,hyrcanian-forests-c5,geoSpatial.originSite,Iranian Plateau Heritage Sites | فلات ایران، مراکز سنتی هنر و معماری,geography,none-opened,-,unverified,placeholder,not-applicable,not-applicable,non-specific placeholder site,W1-sequential-AI-review,name a specific site or remove
W1-C1045,hyrcanian-forests-c5,geoSpatial.coordinates,"34.4279,54.888000000000005,1400",geography,S007,analyze-data.out.json syntheticPlateauPattern,contradicted,synthetic-value,not-applicable,not-applicable,"synthetic: lat = 32.4279 + 0.5*i, lng = 53.688 + 0.3*i, alt 1400; the same six points are reused by 10 palettes regardless of region (Gulf, Caspian, Khorasan, Shiraz)",W1-sequential-AI-review,remove or replace with sourced coordinates
W1-C1046,hyrcanian-forests-c5,geoSpatial.unescoHeritageRef,ثبت میراث فرهنگی ملموس و ناملموس یونسکو,heritage-designation,none-opened,-,unverified,placeholder,not-applicable,not-applicable,non-specific or not checkable,W1-sequential-AI-review,remove generic UNESCO wording
W1-C1047,hyrcanian-forests-c5,spectral.peakWavelengthNm,512 nm (dominant 512 nm),spectral,S007,palettes.ts provenance.spectralStatus,illustrative,not-applicable,not-measured (measuredSpectra=0),not-applicable,peak equals dominant wavelength (template),W1-sequential-AI-review,keep labelled illustrative
W1-C1048,hyrcanian-forests-c5,historicalContextFa,برف‌های جاودان بلندترین آتشفشان قاره کهن,cultural-history,none-opened,-,unverified,duplicate-of-meaningFa,not-applicable,not-applicable,"copy of meaningFa, not independent context",W1-sequential-AI-review,cite or remove
W1-C1049,hyrcanian-forests-c5,artMovement,جنگل‌های هیرکانی و البرز,art-history,none-opened,-,unverified,duplicate-of-palette-name,not-applicable,not-applicable,"copy of palette nameFa, not a movement",W1-sequential-AI-review,remove or replace
W1-C1050,hyrcanian-forests-c5,chemical.molarMass (raw; dropped by normaliser),Calculated Complex,chemistry-arithmetic,none,-,unverified,placeholder,not-applicable,not-applicable,"not a value (""Calculated Complex"") (arithmetic consistency only; not evidence the material is present)",W1-sequential-AI-review,drop from source data (already excluded from normalised output)
W1-C1051,hyrcanian-forests-c6,hex,#0D1F18,color-value,S001;S002,no exact match in S001 or S002,designer-choice,no-modern-list-match,none-on-record (measuredSpectra=0),designer-choice,origin of value undocumented,W1-sequential-AI-review,"label as designer choice; if derived from a named-color list, say so"
W1-C1052,hyrcanian-forests-c6,nameEn,Deep Forest Shadow,naming,none,-,illustrative,evocative-label,not-applicable,designer-choice,label only,W1-sequential-AI-review,keep as label; avoid implying historical name
W1-C1053,hyrcanian-forests-c6,nameFa,ژرفای جنگل مه‌آلود,naming,none,-,illustrative,evocative-label,not-applicable,designer-choice,label only,W1-sequential-AI-review,none
W1-C1054,hyrcanian-forests-c6,meaningFa,سایه درختان متراکم در دره‌های مه‌گرفته تالش,cultural-history,none-opened,-,unverified,not-checked,not-applicable,not-applicable,cultural/material assertion with no citation,W1-sequential-AI-review,hedge or cite
W1-C1055,hyrcanian-forests-c6,mineralogical.mineralName,Persian Historical Pigment (Deep Forest Shadow),material,S007,heritage-data.ts hyrcanian-forests-c6.evidence.mineralogical,contradicted,internal-conflict,no-analysis-on-record,not-applicable,"template ""Persian Historical Pigment (<name>)"": subject is not a pigment (e.g. sea, snow, gem, spice, shade, wool, paper)",W1-sequential-AI-review,"replace template with ""unknown"" or remove"
W1-C1056,hyrcanian-forests-c6,mineralogical.chemicalFormula,Natural Organic / Mineral Complex (Matrix #0D1F18),chemistry,S007,-,contradicted,placeholder,no-analysis-on-record,not-applicable,"template ""Natural Organic / Mineral Complex (Matrix #HEX)"" embeds the HEX value; not a chemical formula",W1-sequential-AI-review,correct or remove
W1-C1057,hyrcanian-forests-c6,mineralogical.casNumber,7732-18-5 (Authentic Historical Specimen),chemistry-identifier,S005,CAS 7732-18-5,contradicted,checked-against-S005,not-applicable,not-applicable,"S005: 7732-18-5 = water, H2O (PubChem CID 962); labelled ""(Authentic Historical Specimen)""",W1-sequential-AI-review,remove or replace with the CAS RN of the named substance
W1-C1058,hyrcanian-forests-c6,mineralogical.historicalManuscriptRef,رسالات کهن رنگرزی سنتی و صنعتی ایران زمین,documentary-reference,none-opened,no page/folio/edition given,unverified,placeholder,not-applicable,not-applicable,"placeholder phrase (""old treatises of Iranian dyeing""): no identifiable work",W1-sequential-AI-review,remove placeholder
W1-C1059,hyrcanian-forests-c6,mineralogical.traditionalExtraction,استخراج سنتی از منابع گیاهی و معدنی ایران بر اساس رسالات خطی تذهیب و رنگرزی,craft-process,none-opened,-,unverified,placeholder,not-applicable,not-applicable,template sentence repeated for 60 records,W1-sequential-AI-review,cite or remove
W1-C1060,hyrcanian-forests-c6,mineralogical.crystalSystem,کریستالین بومی فلات ایران,mineralogy,S007,-,contradicted,type-error,not-applicable,not-applicable,value is not a crystal system (type error),W1-sequential-AI-review,remove or use a real crystal system
W1-C1061,hyrcanian-forests-c6,geoSpatial.originSite,Iranian Plateau Heritage Sites | فلات ایران، مراکز سنتی هنر و معماری,geography,none-opened,-,unverified,placeholder,not-applicable,not-applicable,non-specific placeholder site,W1-sequential-AI-review,name a specific site or remove
W1-C1062,hyrcanian-forests-c6,geoSpatial.coordinates,"34.9279,55.188,1400",geography,S007,analyze-data.out.json syntheticPlateauPattern,contradicted,synthetic-value,not-applicable,not-applicable,"synthetic: lat = 32.4279 + 0.5*i, lng = 53.688 + 0.3*i, alt 1400; the same six points are reused by 10 palettes regardless of region (Gulf, Caspian, Khorasan, Shiraz)",W1-sequential-AI-review,remove or replace with sourced coordinates
W1-C1063,hyrcanian-forests-c6,geoSpatial.unescoHeritageRef,ثبت میراث فرهنگی ملموس و ناملموس یونسکو,heritage-designation,none-opened,-,unverified,placeholder,not-applicable,not-applicable,non-specific or not checkable,W1-sequential-AI-review,remove generic UNESCO wording
W1-C1064,hyrcanian-forests-c6,spectral.peakWavelengthNm,513 nm (dominant 513 nm),spectral,S007,palettes.ts provenance.spectralStatus,illustrative,not-applicable,not-measured (measuredSpectra=0),not-applicable,peak equals dominant wavelength (template),W1-sequential-AI-review,keep labelled illustrative
W1-C1065,hyrcanian-forests-c6,historicalContextFa,سایه درختان متراکم در دره‌های مه‌گرفته تالش,cultural-history,none-opened,-,unverified,duplicate-of-meaningFa,not-applicable,not-applicable,"copy of meaningFa, not independent context",W1-sequential-AI-review,cite or remove
W1-C1066,hyrcanian-forests-c6,artMovement,جنگل‌های هیرکانی و البرز,art-history,none-opened,-,unverified,duplicate-of-palette-name,not-applicable,not-applicable,"copy of palette nameFa, not a movement",W1-sequential-AI-review,remove or replace
W1-C1067,hyrcanian-forests-c6,chemical.molarMass (raw; dropped by normaliser),Calculated Complex,chemistry-arithmetic,none,-,unverified,placeholder,not-applicable,not-applicable,"not a value (""Calculated Complex"") (arithmetic consistency only; not evidence the material is present)",W1-sequential-AI-review,drop from source data (already excluded from normalised output)
W1-C1068,yazd-saffron-desert-c1,hex,#F4C430,color-value,S002,"S002 ""Saffron""",designer-choice,exact-match-in-modern-color-list,none-on-record (measuredSpectra=0),designer-choice,HEX identical to a modern named-color list entry; suggests digital-list origin rather than material measurement,W1-sequential-AI-review,"label as designer choice; if derived from a named-color list, say so"
W1-C1069,yazd-saffron-desert-c1,nameEn,Saffron Yellow,naming,S002,"S002 ""Saffron""",illustrative,pair-found-in-modern-list,not-applicable,designer-choice,modern list entry is not evidence of historical use,W1-sequential-AI-review,keep as label; avoid implying historical name
W1-C1070,yazd-saffron-desert-c1,nameFa,زعفرانی سرگل (Saffron),naming,none,-,illustrative,evocative-label,not-applicable,designer-choice,label only,W1-sequential-AI-review,none
W1-C1071,yazd-saffron-desert-c1,meaningFa,رنگ استاندارد زعفرانی جهانی نگین سرخ قائنات و گناباد,cultural-history,S002,HEX lookup,unverified,checked-against-S002,not-applicable,not-applicable,"""world standard saffron colour""; #F4C430 equals ""Saffron"" in S002 (modern list)",W1-sequential-AI-review,hedge or cite
W1-C1072,yazd-saffron-desert-c1,mineralogical.mineralName,Persian Historical Pigment (Saffron Yellow),material,none-opened,heritage-data.ts yazd-saffron-desert-c1.evidence.mineralogical,unverified,placeholder,no-analysis-on-record,not-applicable,"template ""Persian Historical Pigment (<name>)"": no pigment identification",W1-sequential-AI-review,"replace template with ""unknown"" or remove"
W1-C1073,yazd-saffron-desert-c1,mineralogical.chemicalFormula,Natural Organic / Mineral Complex (Matrix #F4C430),chemistry,S007,-,contradicted,placeholder,no-analysis-on-record,not-applicable,"template ""Natural Organic / Mineral Complex (Matrix #HEX)"" embeds the HEX value; not a chemical formula",W1-sequential-AI-review,correct or remove
W1-C1074,yazd-saffron-desert-c1,mineralogical.casNumber,7732-18-5 (Authentic Historical Specimen),chemistry-identifier,S005,CAS 7732-18-5,contradicted,checked-against-S005,not-applicable,not-applicable,"S005: 7732-18-5 = water, H2O (PubChem CID 962); labelled ""(Authentic Historical Specimen)""",W1-sequential-AI-review,remove or replace with the CAS RN of the named substance
W1-C1075,yazd-saffron-desert-c1,mineralogical.historicalManuscriptRef,رسالات کهن رنگرزی سنتی و صنعتی ایران زمین,documentary-reference,none-opened,no page/folio/edition given,unverified,placeholder,not-applicable,not-applicable,"placeholder phrase (""old treatises of Iranian dyeing""): no identifiable work",W1-sequential-AI-review,remove placeholder
W1-C1076,yazd-saffron-desert-c1,mineralogical.traditionalExtraction,استخراج سنتی از منابع گیاهی و معدنی ایران بر اساس رسالات خطی تذهیب و رنگرزی,craft-process,none-opened,-,unverified,placeholder,not-applicable,not-applicable,template sentence repeated for 60 records,W1-sequential-AI-review,cite or remove
W1-C1077,yazd-saffron-desert-c1,mineralogical.crystalSystem,کریستالین بومی فلات ایران,mineralogy,S007,-,contradicted,type-error,not-applicable,not-applicable,value is not a crystal system (type error),W1-sequential-AI-review,remove or use a real crystal system
W1-C1078,yazd-saffron-desert-c1,geoSpatial.originSite,Iranian Plateau Heritage Sites | فلات ایران، مراکز سنتی هنر و معماری,geography,none-opened,-,unverified,placeholder,not-applicable,not-applicable,non-specific placeholder site,W1-sequential-AI-review,name a specific site or remove
W1-C1079,yazd-saffron-desert-c1,geoSpatial.coordinates,"32.4279,53.688,1400",geography,S007,analyze-data.out.json syntheticPlateauPattern,contradicted,synthetic-value,not-applicable,not-applicable,"synthetic: lat = 32.4279 + 0.5*i, lng = 53.688 + 0.3*i, alt 1400; the same six points are reused by 10 palettes regardless of region (Gulf, Caspian, Khorasan, Shiraz)",W1-sequential-AI-review,remove or replace with sourced coordinates
W1-C1080,yazd-saffron-desert-c1,geoSpatial.unescoHeritageRef,ثبت میراث فرهنگی ملموس و ناملموس یونسکو,heritage-designation,none-opened,-,unverified,placeholder,not-applicable,not-applicable,non-specific or not checkable,W1-sequential-AI-review,remove generic UNESCO wording
W1-C1081,yazd-saffron-desert-c1,spectral.peakWavelengthNm,593 nm (dominant 593 nm),spectral,S007,palettes.ts provenance.spectralStatus,illustrative,not-applicable,not-measured (measuredSpectra=0),not-applicable,peak equals dominant wavelength (template),W1-sequential-AI-review,keep labelled illustrative
W1-C1082,yazd-saffron-desert-c1,historicalContextFa,رنگ استاندارد زعفرانی جهانی نگین سرخ قائنات و گناباد,cultural-history,none-opened,-,unverified,duplicate-of-meaningFa,not-applicable,not-applicable,"copy of meaningFa, not independent context",W1-sequential-AI-review,cite or remove
W1-C1083,yazd-saffron-desert-c1,artMovement,طلای سرخ و کویر یزد,art-history,none-opened,-,unverified,duplicate-of-palette-name,not-applicable,not-applicable,"copy of palette nameFa, not a movement",W1-sequential-AI-review,remove or replace
W1-C1084,yazd-saffron-desert-c1,chemical.molarMass (raw; dropped by normaliser),Calculated Complex,chemistry-arithmetic,none,-,unverified,placeholder,not-applicable,not-applicable,"not a value (""Calculated Complex"") (arithmetic consistency only; not evidence the material is present)",W1-sequential-AI-review,drop from source data (already excluded from normalised output)
W1-C1085,yazd-saffron-desert-c2,hex,#D27D46,color-value,S001;S002,no exact match in S001 or S002,designer-choice,no-modern-list-match,none-on-record (measuredSpectra=0),designer-choice,origin of value undocumented,W1-sequential-AI-review,"label as designer choice; if derived from a named-color list, say so"
W1-C1086,yazd-saffron-desert-c2,nameEn,Adobe Terracotta,naming,none,-,illustrative,evocative-label,not-applicable,designer-choice,label only,W1-sequential-AI-review,keep as label; avoid implying historical name
W1-C1087,yazd-saffron-desert-c2,nameFa,کاهگل آفتاب‌خورده (Adobe),naming,none,-,illustrative,evocative-label,not-applicable,designer-choice,label only,W1-sequential-AI-review,none
W1-C1088,yazd-saffron-desert-c2,meaningFa,اصلاح شده برای تناژ دقیق‌تر خشت و کاهگل معماری کویری یزد,cultural-history,S007,README.fa.md:21; tokens/data-quality.json,contradicted,internal-conflict,no-measurement-on-record,not-applicable,claims HEX corrected for more accurate adobe tone; README.fa.md:21 says HEX is a design choice and no measurement exists,W1-sequential-AI-review,remove or correct
W1-C1089,yazd-saffron-desert-c2,mineralogical.mineralName,Persian Historical Pigment (Adobe Terracotta),material,none-opened,heritage-data.ts yazd-saffron-desert-c2.evidence.mineralogical,unverified,placeholder,no-analysis-on-record,not-applicable,"template ""Persian Historical Pigment (<name>)"": no pigment identification",W1-sequential-AI-review,"replace template with ""unknown"" or remove"
W1-C1090,yazd-saffron-desert-c2,mineralogical.chemicalFormula,Natural Organic / Mineral Complex (Matrix #D27D46),chemistry,S007,-,contradicted,placeholder,no-analysis-on-record,not-applicable,"template ""Natural Organic / Mineral Complex (Matrix #HEX)"" embeds the HEX value; not a chemical formula",W1-sequential-AI-review,correct or remove
W1-C1091,yazd-saffron-desert-c2,mineralogical.casNumber,7732-18-5 (Authentic Historical Specimen),chemistry-identifier,S005,CAS 7732-18-5,contradicted,checked-against-S005,not-applicable,not-applicable,"S005: 7732-18-5 = water, H2O (PubChem CID 962); labelled ""(Authentic Historical Specimen)""",W1-sequential-AI-review,remove or replace with the CAS RN of the named substance
W1-C1092,yazd-saffron-desert-c2,mineralogical.historicalManuscriptRef,رسالات کهن رنگرزی سنتی و صنعتی ایران زمین,documentary-reference,none-opened,no page/folio/edition given,unverified,placeholder,not-applicable,not-applicable,"placeholder phrase (""old treatises of Iranian dyeing""): no identifiable work",W1-sequential-AI-review,remove placeholder
W1-C1093,yazd-saffron-desert-c2,mineralogical.traditionalExtraction,استخراج سنتی از منابع گیاهی و معدنی ایران بر اساس رسالات خطی تذهیب و رنگرزی,craft-process,none-opened,-,unverified,placeholder,not-applicable,not-applicable,template sentence repeated for 60 records,W1-sequential-AI-review,cite or remove
W1-C1094,yazd-saffron-desert-c2,mineralogical.crystalSystem,کریستالین بومی فلات ایران,mineralogy,S007,-,contradicted,type-error,not-applicable,not-applicable,value is not a crystal system (type error),W1-sequential-AI-review,remove or use a real crystal system
W1-C1095,yazd-saffron-desert-c2,geoSpatial.originSite,Iranian Plateau Heritage Sites | فلات ایران، مراکز سنتی هنر و معماری,geography,none-opened,-,unverified,placeholder,not-applicable,not-applicable,non-specific placeholder site,W1-sequential-AI-review,name a specific site or remove
W1-C1096,yazd-saffron-desert-c2,geoSpatial.coordinates,"32.9279,53.988,1400",geography,S007,analyze-data.out.json syntheticPlateauPattern,contradicted,synthetic-value,not-applicable,not-applicable,"synthetic: lat = 32.4279 + 0.5*i, lng = 53.688 + 0.3*i, alt 1400; the same six points are reused by 10 palettes regardless of region (Gulf, Caspian, Khorasan, Shiraz)",W1-sequential-AI-review,remove or replace with sourced coordinates
W1-C1097,yazd-saffron-desert-c2,geoSpatial.unescoHeritageRef,ثبت میراث فرهنگی ملموس و ناملموس یونسکو,heritage-designation,none-opened,-,unverified,placeholder,not-applicable,not-applicable,non-specific or not checkable,W1-sequential-AI-review,remove generic UNESCO wording
W1-C1098,yazd-saffron-desert-c2,spectral.peakWavelengthNm,627 nm (dominant 627 nm),spectral,S007,palettes.ts provenance.spectralStatus,illustrative,not-applicable,not-measured (measuredSpectra=0),not-applicable,peak equals dominant wavelength (template),W1-sequential-AI-review,keep labelled illustrative
W1-C1099,yazd-saffron-desert-c2,historicalContextFa,اصلاح شده برای تناژ دقیق‌تر خشت و کاهگل معماری کویری یزد,cultural-history,none-opened,-,unverified,duplicate-of-meaningFa,not-applicable,not-applicable,"copy of meaningFa, not independent context",W1-sequential-AI-review,cite or remove
W1-C1100,yazd-saffron-desert-c2,artMovement,طلای سرخ و کویر یزد,art-history,none-opened,-,unverified,duplicate-of-palette-name,not-applicable,not-applicable,"copy of palette nameFa, not a movement",W1-sequential-AI-review,remove or replace
W1-C1101,yazd-saffron-desert-c2,chemical.molarMass (raw; dropped by normaliser),Calculated Complex,chemistry-arithmetic,none,-,unverified,placeholder,not-applicable,not-applicable,"not a value (""Calculated Complex"") (arithmetic consistency only; not evidence the material is present)",W1-sequential-AI-review,drop from source data (already excluded from normalised output)
W1-C1102,yazd-saffron-desert-c3,hex,#E63946,color-value,S001;S002,no exact match in S001 or S002,designer-choice,no-modern-list-match,none-on-record (measuredSpectra=0),designer-choice,origin of value undocumented,W1-sequential-AI-review,"label as designer choice; if derived from a named-color list, say so"
W1-C1103,yazd-saffron-desert-c3,nameEn,Rig-e Jenn Red Agate,naming,none,-,illustrative,evocative-label,not-applicable,designer-choice,label only,W1-sequential-AI-review,keep as label; avoid implying historical name
W1-C1104,yazd-saffron-desert-c3,nameFa,عقیق سرخ ریگ‌جن,naming,none,-,illustrative,evocative-label,not-applicable,designer-choice,label only,W1-sequential-AI-review,none
W1-C1105,yazd-saffron-desert-c3,meaningFa,عقیق‌های دشت کویر و سرخی افق هنگام طوفان شن,cultural-history,none-opened,-,unverified,not-checked,not-applicable,not-applicable,cultural/material assertion with no citation,W1-sequential-AI-review,hedge or cite
W1-C1106,yazd-saffron-desert-c3,mineralogical.mineralName,Persian Historical Pigment (Rig-e Jenn Red Agate),material,S007,heritage-data.ts yazd-saffron-desert-c3.evidence.mineralogical,contradicted,internal-conflict,no-analysis-on-record,not-applicable,"template ""Persian Historical Pigment (<name>)"": subject is not a pigment (e.g. sea, snow, gem, spice, shade, wool, paper)",W1-sequential-AI-review,"replace template with ""unknown"" or remove"
W1-C1107,yazd-saffron-desert-c3,mineralogical.chemicalFormula,Natural Organic / Mineral Complex (Matrix #E63946),chemistry,S007,-,contradicted,placeholder,no-analysis-on-record,not-applicable,"template ""Natural Organic / Mineral Complex (Matrix #HEX)"" embeds the HEX value; not a chemical formula",W1-sequential-AI-review,correct or remove
W1-C1108,yazd-saffron-desert-c3,mineralogical.casNumber,7732-18-5 (Authentic Historical Specimen),chemistry-identifier,S005,CAS 7732-18-5,contradicted,checked-against-S005,not-applicable,not-applicable,"S005: 7732-18-5 = water, H2O (PubChem CID 962); labelled ""(Authentic Historical Specimen)""",W1-sequential-AI-review,remove or replace with the CAS RN of the named substance
W1-C1109,yazd-saffron-desert-c3,mineralogical.historicalManuscriptRef,رسالات کهن رنگرزی سنتی و صنعتی ایران زمین,documentary-reference,none-opened,no page/folio/edition given,unverified,placeholder,not-applicable,not-applicable,"placeholder phrase (""old treatises of Iranian dyeing""): no identifiable work",W1-sequential-AI-review,remove placeholder
W1-C1110,yazd-saffron-desert-c3,mineralogical.traditionalExtraction,استخراج سنتی از منابع گیاهی و معدنی ایران بر اساس رسالات خطی تذهیب و رنگرزی,craft-process,none-opened,-,unverified,placeholder,not-applicable,not-applicable,template sentence repeated for 60 records,W1-sequential-AI-review,cite or remove
W1-C1111,yazd-saffron-desert-c3,mineralogical.crystalSystem,کریستالین بومی فلات ایران,mineralogy,S007,-,contradicted,type-error,not-applicable,not-applicable,value is not a crystal system (type error),W1-sequential-AI-review,remove or use a real crystal system
W1-C1112,yazd-saffron-desert-c3,geoSpatial.originSite,Iranian Plateau Heritage Sites | فلات ایران، مراکز سنتی هنر و معماری,geography,none-opened,-,unverified,placeholder,not-applicable,not-applicable,non-specific placeholder site,W1-sequential-AI-review,name a specific site or remove
W1-C1113,yazd-saffron-desert-c3,geoSpatial.coordinates,"33.4279,54.288000000000004,1400",geography,S007,analyze-data.out.json syntheticPlateauPattern,contradicted,synthetic-value,not-applicable,not-applicable,"synthetic: lat = 32.4279 + 0.5*i, lng = 53.688 + 0.3*i, alt 1400; the same six points are reused by 10 palettes regardless of region (Gulf, Caspian, Khorasan, Shiraz)",W1-sequential-AI-review,remove or replace with sourced coordinates
W1-C1114,yazd-saffron-desert-c3,geoSpatial.unescoHeritageRef,ثبت میراث فرهنگی ملموس و ناملموس یونسکو,heritage-designation,none-opened,-,unverified,placeholder,not-applicable,not-applicable,non-specific or not checkable,W1-sequential-AI-review,remove generic UNESCO wording
W1-C1115,yazd-saffron-desert-c3,spectral.peakWavelengthNm,644 nm (dominant 644 nm),spectral,S007,palettes.ts provenance.spectralStatus,illustrative,not-applicable,not-measured (measuredSpectra=0),not-applicable,peak equals dominant wavelength (template),W1-sequential-AI-review,keep labelled illustrative
W1-C1116,yazd-saffron-desert-c3,historicalContextFa,عقیق‌های دشت کویر و سرخی افق هنگام طوفان شن,cultural-history,none-opened,-,unverified,duplicate-of-meaningFa,not-applicable,not-applicable,"copy of meaningFa, not independent context",W1-sequential-AI-review,cite or remove
W1-C1117,yazd-saffron-desert-c3,artMovement,طلای سرخ و کویر یزد,art-history,none-opened,-,unverified,duplicate-of-palette-name,not-applicable,not-applicable,"copy of palette nameFa, not a movement",W1-sequential-AI-review,remove or replace
W1-C1118,yazd-saffron-desert-c3,chemical.molarMass (raw; dropped by normaliser),Calculated Complex,chemistry-arithmetic,none,-,unverified,placeholder,not-applicable,not-applicable,"not a value (""Calculated Complex"") (arithmetic consistency only; not evidence the material is present)",W1-sequential-AI-review,drop from source data (already excluded from normalised output)
W1-C1119,yazd-saffron-desert-c4,hex,#F8E7D1,color-value,S001;S002,no exact match in S001 or S002,designer-choice,no-modern-list-match,none-on-record (measuredSpectra=0),designer-choice,origin of value undocumented,W1-sequential-AI-review,"label as designer choice; if derived from a named-color list, say so"
W1-C1120,yazd-saffron-desert-c4,nameEn,Lut Golden Sand Dune,naming,none,-,illustrative,evocative-label,not-applicable,designer-choice,label only,W1-sequential-AI-review,keep as label; avoid implying historical name
W1-C1121,yazd-saffron-desert-c4,nameFa,ماسه طلایی لوت,naming,none,-,illustrative,evocative-label,not-applicable,designer-choice,label only,W1-sequential-AI-review,none
W1-C1122,yazd-saffron-desert-c4,meaningFa,شن‌های روان تپه‌های ریگ یلان زیر نور آفتاب کویر,cultural-history,none-opened,-,unverified,not-checked,not-applicable,not-applicable,cultural/material assertion with no citation,W1-sequential-AI-review,hedge or cite
W1-C1123,yazd-saffron-desert-c4,mineralogical.mineralName,Persian Historical Pigment (Lut Golden Sand Dune),material,S007,heritage-data.ts yazd-saffron-desert-c4.evidence.mineralogical,contradicted,internal-conflict,no-analysis-on-record,not-applicable,"template ""Persian Historical Pigment (<name>)"": subject is not a pigment (e.g. sea, snow, gem, spice, shade, wool, paper)",W1-sequential-AI-review,"replace template with ""unknown"" or remove"
W1-C1124,yazd-saffron-desert-c4,mineralogical.chemicalFormula,Natural Organic / Mineral Complex (Matrix #F8E7D1),chemistry,S007,-,contradicted,placeholder,no-analysis-on-record,not-applicable,"template ""Natural Organic / Mineral Complex (Matrix #HEX)"" embeds the HEX value; not a chemical formula",W1-sequential-AI-review,correct or remove
W1-C1125,yazd-saffron-desert-c4,mineralogical.casNumber,7732-18-5 (Authentic Historical Specimen),chemistry-identifier,S005,CAS 7732-18-5,contradicted,checked-against-S005,not-applicable,not-applicable,"S005: 7732-18-5 = water, H2O (PubChem CID 962); labelled ""(Authentic Historical Specimen)""",W1-sequential-AI-review,remove or replace with the CAS RN of the named substance
W1-C1126,yazd-saffron-desert-c4,mineralogical.historicalManuscriptRef,رسالات کهن رنگرزی سنتی و صنعتی ایران زمین,documentary-reference,none-opened,no page/folio/edition given,unverified,placeholder,not-applicable,not-applicable,"placeholder phrase (""old treatises of Iranian dyeing""): no identifiable work",W1-sequential-AI-review,remove placeholder
W1-C1127,yazd-saffron-desert-c4,mineralogical.traditionalExtraction,استخراج سنتی از منابع گیاهی و معدنی ایران بر اساس رسالات خطی تذهیب و رنگرزی,craft-process,none-opened,-,unverified,placeholder,not-applicable,not-applicable,template sentence repeated for 60 records,W1-sequential-AI-review,cite or remove
W1-C1128,yazd-saffron-desert-c4,mineralogical.crystalSystem,کریستالین بومی فلات ایران,mineralogy,S007,-,contradicted,type-error,not-applicable,not-applicable,value is not a crystal system (type error),W1-sequential-AI-review,remove or use a real crystal system
W1-C1129,yazd-saffron-desert-c4,geoSpatial.originSite,Iranian Plateau Heritage Sites | فلات ایران، مراکز سنتی هنر و معماری,geography,none-opened,-,unverified,placeholder,not-applicable,not-applicable,non-specific placeholder site,W1-sequential-AI-review,name a specific site or remove
W1-C1130,yazd-saffron-desert-c4,geoSpatial.coordinates,"33.9279,54.588,1400",geography,S007,analyze-data.out.json syntheticPlateauPattern,contradicted,synthetic-value,not-applicable,not-applicable,"synthetic: lat = 32.4279 + 0.5*i, lng = 53.688 + 0.3*i, alt 1400; the same six points are reused by 10 palettes regardless of region (Gulf, Caspian, Khorasan, Shiraz)",W1-sequential-AI-review,remove or replace with sourced coordinates
W1-C1131,yazd-saffron-desert-c4,geoSpatial.unescoHeritageRef,ثبت میراث فرهنگی ملموس و ناملموس یونسکو,heritage-designation,none-opened,-,unverified,placeholder,not-applicable,not-applicable,non-specific or not checkable,W1-sequential-AI-review,remove generic UNESCO wording
W1-C1132,yazd-saffron-desert-c4,spectral.peakWavelengthNm,604 nm (dominant 604 nm),spectral,S007,palettes.ts provenance.spectralStatus,illustrative,not-applicable,not-measured (measuredSpectra=0),not-applicable,peak equals dominant wavelength (template),W1-sequential-AI-review,keep labelled illustrative
W1-C1133,yazd-saffron-desert-c4,historicalContextFa,شن‌های روان تپه‌های ریگ یلان زیر نور آفتاب کویر,cultural-history,none-opened,-,unverified,duplicate-of-meaningFa,not-applicable,not-applicable,"copy of meaningFa, not independent context",W1-sequential-AI-review,cite or remove
W1-C1134,yazd-saffron-desert-c4,artMovement,طلای سرخ و کویر یزد,art-history,none-opened,-,unverified,duplicate-of-palette-name,not-applicable,not-applicable,"copy of palette nameFa, not a movement",W1-sequential-AI-review,remove or replace
W1-C1135,yazd-saffron-desert-c4,chemical.molarMass (raw; dropped by normaliser),Calculated Complex,chemistry-arithmetic,none,-,unverified,placeholder,not-applicable,not-applicable,"not a value (""Calculated Complex"") (arithmetic consistency only; not evidence the material is present)",W1-sequential-AI-review,drop from source data (already excluded from normalised output)
W1-C1136,yazd-saffron-desert-c5,hex,#1B1917,color-value,S001;S002,no exact match in S001 or S002,designer-choice,no-modern-list-match,none-on-record (measuredSpectra=0),designer-choice,origin of value undocumented,W1-sequential-AI-review,"label as designer choice; if derived from a named-color list, say so"
W1-C1137,yazd-saffron-desert-c5,nameEn,Sun-baked Adobe Shadow,naming,none,-,illustrative,evocative-label,not-applicable,designer-choice,label only,W1-sequential-AI-review,keep as label; avoid implying historical name
W1-C1138,yazd-saffron-desert-c5,nameFa,خشت سوخته کویر,naming,none,-,illustrative,evocative-label,not-applicable,designer-choice,label only,W1-sequential-AI-review,none
W1-C1139,yazd-saffron-desert-c5,meaningFa,تیرگی خنک بادگیرها و کوچه‌های مسقف خشتی یزد,cultural-history,none-opened,-,unverified,not-checked,not-applicable,not-applicable,cultural/material assertion with no citation,W1-sequential-AI-review,hedge or cite
W1-C1140,yazd-saffron-desert-c5,mineralogical.mineralName,Persian Historical Pigment (Sun-baked Adobe Shadow),material,S007,heritage-data.ts yazd-saffron-desert-c5.evidence.mineralogical,contradicted,internal-conflict,no-analysis-on-record,not-applicable,"template ""Persian Historical Pigment (<name>)"": subject is not a pigment (e.g. sea, snow, gem, spice, shade, wool, paper)",W1-sequential-AI-review,"replace template with ""unknown"" or remove"
W1-C1141,yazd-saffron-desert-c5,mineralogical.chemicalFormula,Natural Organic / Mineral Complex (Matrix #1B1917),chemistry,S007,-,contradicted,placeholder,no-analysis-on-record,not-applicable,"template ""Natural Organic / Mineral Complex (Matrix #HEX)"" embeds the HEX value; not a chemical formula",W1-sequential-AI-review,correct or remove
W1-C1142,yazd-saffron-desert-c5,mineralogical.casNumber,7732-18-5 (Authentic Historical Specimen),chemistry-identifier,S005,CAS 7732-18-5,contradicted,checked-against-S005,not-applicable,not-applicable,"S005: 7732-18-5 = water, H2O (PubChem CID 962); labelled ""(Authentic Historical Specimen)""",W1-sequential-AI-review,remove or replace with the CAS RN of the named substance
W1-C1143,yazd-saffron-desert-c5,mineralogical.historicalManuscriptRef,رسالات کهن رنگرزی سنتی و صنعتی ایران زمین,documentary-reference,none-opened,no page/folio/edition given,unverified,placeholder,not-applicable,not-applicable,"placeholder phrase (""old treatises of Iranian dyeing""): no identifiable work",W1-sequential-AI-review,remove placeholder
W1-C1144,yazd-saffron-desert-c5,mineralogical.traditionalExtraction,استخراج سنتی از منابع گیاهی و معدنی ایران بر اساس رسالات خطی تذهیب و رنگرزی,craft-process,none-opened,-,unverified,placeholder,not-applicable,not-applicable,template sentence repeated for 60 records,W1-sequential-AI-review,cite or remove
W1-C1145,yazd-saffron-desert-c5,mineralogical.crystalSystem,کریستالین بومی فلات ایران,mineralogy,S007,-,contradicted,type-error,not-applicable,not-applicable,value is not a crystal system (type error),W1-sequential-AI-review,remove or use a real crystal system
W1-C1146,yazd-saffron-desert-c5,geoSpatial.originSite,Iranian Plateau Heritage Sites | فلات ایران، مراکز سنتی هنر و معماری,geography,none-opened,-,unverified,placeholder,not-applicable,not-applicable,non-specific placeholder site,W1-sequential-AI-review,name a specific site or remove
W1-C1147,yazd-saffron-desert-c5,geoSpatial.coordinates,"34.4279,54.888000000000005,1400",geography,S007,analyze-data.out.json syntheticPlateauPattern,contradicted,synthetic-value,not-applicable,not-applicable,"synthetic: lat = 32.4279 + 0.5*i, lng = 53.688 + 0.3*i, alt 1400; the same six points are reused by 10 palettes regardless of region (Gulf, Caspian, Khorasan, Shiraz)",W1-sequential-AI-review,remove or replace with sourced coordinates
W1-C1148,yazd-saffron-desert-c5,geoSpatial.unescoHeritageRef,ثبت میراث فرهنگی ملموس و ناملموس یونسکو,heritage-designation,none-opened,-,unverified,placeholder,not-applicable,not-applicable,non-specific or not checkable,W1-sequential-AI-review,remove generic UNESCO wording
W1-C1149,yazd-saffron-desert-c5,spectral.peakWavelengthNm,610 nm (dominant 610 nm),spectral,S007,palettes.ts provenance.spectralStatus,illustrative,not-applicable,not-measured (measuredSpectra=0),not-applicable,peak equals dominant wavelength (template),W1-sequential-AI-review,keep labelled illustrative
W1-C1150,yazd-saffron-desert-c5,historicalContextFa,تیرگی خنک بادگیرها و کوچه‌های مسقف خشتی یزد,cultural-history,none-opened,-,unverified,duplicate-of-meaningFa,not-applicable,not-applicable,"copy of meaningFa, not independent context",W1-sequential-AI-review,cite or remove
W1-C1151,yazd-saffron-desert-c5,artMovement,طلای سرخ و کویر یزد,art-history,none-opened,-,unverified,duplicate-of-palette-name,not-applicable,not-applicable,"copy of palette nameFa, not a movement",W1-sequential-AI-review,remove or replace
W1-C1152,yazd-saffron-desert-c5,chemical.molarMass (raw; dropped by normaliser),Calculated Complex,chemistry-arithmetic,none,-,unverified,placeholder,not-applicable,not-applicable,"not a value (""Calculated Complex"") (arithmetic consistency only; not evidence the material is present)",W1-sequential-AI-review,drop from source data (already excluded from normalised output)
W1-C1153,yazd-saffron-desert-c6,hex,#6B4226,color-value,S001;S002,no exact match in S001 or S002,designer-choice,no-modern-list-match,none-on-record (measuredSpectra=0),designer-choice,origin of value undocumented,W1-sequential-AI-review,"label as designer choice; if derived from a named-color list, say so"
W1-C1154,yazd-saffron-desert-c6,nameEn,Senjed Windcatcher Timber,naming,none,-,illustrative,evocative-label,not-applicable,designer-choice,label only,W1-sequential-AI-review,keep as label; avoid implying historical name
W1-C1155,yazd-saffron-desert-c6,nameFa,چوب سنجد بادگیر,naming,none,-,illustrative,evocative-label,not-applicable,designer-choice,label only,W1-sequential-AI-review,none
W1-C1156,yazd-saffron-desert-c6,meaningFa,تیرهای مقاوم چوب سنجد در دهانه بادگیرهای باغ دولت‌آباد,cultural-history,none-opened,-,unverified,not-checked,not-applicable,not-applicable,cultural/material assertion with no citation,W1-sequential-AI-review,hedge or cite
W1-C1157,yazd-saffron-desert-c6,mineralogical.mineralName,Persian Historical Pigment (Senjed Windcatcher Timber),material,S007,heritage-data.ts yazd-saffron-desert-c6.evidence.mineralogical,contradicted,internal-conflict,no-analysis-on-record,not-applicable,"template ""Persian Historical Pigment (<name>)"": subject is not a pigment (e.g. sea, snow, gem, spice, shade, wool, paper)",W1-sequential-AI-review,"replace template with ""unknown"" or remove"
W1-C1158,yazd-saffron-desert-c6,mineralogical.chemicalFormula,Natural Organic / Mineral Complex (Matrix #6B4226),chemistry,S007,-,contradicted,placeholder,no-analysis-on-record,not-applicable,"template ""Natural Organic / Mineral Complex (Matrix #HEX)"" embeds the HEX value; not a chemical formula",W1-sequential-AI-review,correct or remove
W1-C1159,yazd-saffron-desert-c6,mineralogical.casNumber,7732-18-5 (Authentic Historical Specimen),chemistry-identifier,S005,CAS 7732-18-5,contradicted,checked-against-S005,not-applicable,not-applicable,"S005: 7732-18-5 = water, H2O (PubChem CID 962); labelled ""(Authentic Historical Specimen)""",W1-sequential-AI-review,remove or replace with the CAS RN of the named substance
W1-C1160,yazd-saffron-desert-c6,mineralogical.historicalManuscriptRef,رسالات کهن رنگرزی سنتی و صنعتی ایران زمین,documentary-reference,none-opened,no page/folio/edition given,unverified,placeholder,not-applicable,not-applicable,"placeholder phrase (""old treatises of Iranian dyeing""): no identifiable work",W1-sequential-AI-review,remove placeholder
W1-C1161,yazd-saffron-desert-c6,mineralogical.traditionalExtraction,استخراج سنتی از منابع گیاهی و معدنی ایران بر اساس رسالات خطی تذهیب و رنگرزی,craft-process,none-opened,-,unverified,placeholder,not-applicable,not-applicable,template sentence repeated for 60 records,W1-sequential-AI-review,cite or remove
W1-C1162,yazd-saffron-desert-c6,mineralogical.crystalSystem,کریستالین بومی فلات ایران,mineralogy,S007,-,contradicted,type-error,not-applicable,not-applicable,value is not a crystal system (type error),W1-sequential-AI-review,remove or use a real crystal system
W1-C1163,yazd-saffron-desert-c6,geoSpatial.originSite,Iranian Plateau Heritage Sites | فلات ایران، مراکز سنتی هنر و معماری,geography,none-opened,-,unverified,placeholder,not-applicable,not-applicable,non-specific placeholder site,W1-sequential-AI-review,name a specific site or remove
W1-C1164,yazd-saffron-desert-c6,geoSpatial.coordinates,"34.9279,55.188,1400",geography,S007,analyze-data.out.json syntheticPlateauPattern,contradicted,synthetic-value,not-applicable,not-applicable,"synthetic: lat = 32.4279 + 0.5*i, lng = 53.688 + 0.3*i, alt 1400; the same six points are reused by 10 palettes regardless of region (Gulf, Caspian, Khorasan, Shiraz)",W1-sequential-AI-review,remove or replace with sourced coordinates
W1-C1165,yazd-saffron-desert-c6,geoSpatial.unescoHeritageRef,ثبت میراث فرهنگی ملموس و ناملموس یونسکو,heritage-designation,none-opened,-,unverified,placeholder,not-applicable,not-applicable,non-specific or not checkable,W1-sequential-AI-review,remove generic UNESCO wording
W1-C1166,yazd-saffron-desert-c6,spectral.peakWavelengthNm,618 nm (dominant 618 nm),spectral,S007,palettes.ts provenance.spectralStatus,illustrative,not-applicable,not-measured (measuredSpectra=0),not-applicable,peak equals dominant wavelength (template),W1-sequential-AI-review,keep labelled illustrative
W1-C1167,yazd-saffron-desert-c6,historicalContextFa,تیرهای مقاوم چوب سنجد در دهانه بادگیرهای باغ دولت‌آباد,cultural-history,none-opened,-,unverified,duplicate-of-meaningFa,not-applicable,not-applicable,"copy of meaningFa, not independent context",W1-sequential-AI-review,cite or remove
W1-C1168,yazd-saffron-desert-c6,artMovement,طلای سرخ و کویر یزد,art-history,none-opened,-,unverified,duplicate-of-palette-name,not-applicable,not-applicable,"copy of palette nameFa, not a movement",W1-sequential-AI-review,remove or replace
W1-C1169,yazd-saffron-desert-c6,chemical.molarMass (raw; dropped by normaliser),Calculated Complex,chemistry-arithmetic,none,-,unverified,placeholder,not-applicable,not-applicable,"not a value (""Calculated Complex"") (arithmetic consistency only; not evidence the material is present)",W1-sequential-AI-review,drop from source data (already excluded from normalised output)
W1-C1170,bazaar-spices-c1,hex,#FFC000,color-value,S001;S002,no exact match in S001 or S002,designer-choice,no-modern-list-match,none-on-record (measuredSpectra=0),designer-choice,origin of value undocumented,W1-sequential-AI-review,"label as designer choice; if derived from a named-color list, say so"
W1-C1171,bazaar-spices-c1,nameEn,Turmeric Gold,naming,none,-,illustrative,evocative-label,not-applicable,designer-choice,label only,W1-sequential-AI-review,keep as label; avoid implying historical name
W1-C1172,bazaar-spices-c1,nameFa,زردچوبه ممتاز قلم (Turmeric),naming,none,-,illustrative,evocative-label,not-applicable,designer-choice,label only,W1-sequential-AI-review,none
W1-C1173,bazaar-spices-c1,meaningFa,زرد درخشان‌تر و خالص‌تر زردچوبه اعلا در راسته‌های سنتی,cultural-history,none-opened,-,unverified,not-checked,not-applicable,not-applicable,cultural/material assertion with no citation,W1-sequential-AI-review,hedge or cite
W1-C1174,bazaar-spices-c1,mineralogical.mineralName,Persian Historical Pigment (Turmeric Gold),material,none-opened,heritage-data.ts bazaar-spices-c1.evidence.mineralogical,unverified,placeholder,no-analysis-on-record,not-applicable,"template ""Persian Historical Pigment (<name>)"": no pigment identification",W1-sequential-AI-review,"replace template with ""unknown"" or remove"
W1-C1175,bazaar-spices-c1,mineralogical.chemicalFormula,Natural Organic / Mineral Complex (Matrix #FFC000),chemistry,S007,-,contradicted,placeholder,no-analysis-on-record,not-applicable,"template ""Natural Organic / Mineral Complex (Matrix #HEX)"" embeds the HEX value; not a chemical formula",W1-sequential-AI-review,correct or remove
W1-C1176,bazaar-spices-c1,mineralogical.casNumber,7732-18-5 (Authentic Historical Specimen),chemistry-identifier,S005,CAS 7732-18-5,contradicted,checked-against-S005,not-applicable,not-applicable,"S005: 7732-18-5 = water, H2O (PubChem CID 962); labelled ""(Authentic Historical Specimen)""",W1-sequential-AI-review,remove or replace with the CAS RN of the named substance
W1-C1177,bazaar-spices-c1,mineralogical.historicalManuscriptRef,رسالات کهن رنگرزی سنتی و صنعتی ایران زمین,documentary-reference,none-opened,no page/folio/edition given,unverified,placeholder,not-applicable,not-applicable,"placeholder phrase (""old treatises of Iranian dyeing""): no identifiable work",W1-sequential-AI-review,remove placeholder
W1-C1178,bazaar-spices-c1,mineralogical.traditionalExtraction,استخراج سنتی از منابع گیاهی و معدنی ایران بر اساس رسالات خطی تذهیب و رنگرزی,craft-process,none-opened,-,unverified,placeholder,not-applicable,not-applicable,template sentence repeated for 60 records,W1-sequential-AI-review,cite or remove
W1-C1179,bazaar-spices-c1,mineralogical.crystalSystem,کریستالین بومی فلات ایران,mineralogy,S007,-,contradicted,type-error,not-applicable,not-applicable,value is not a crystal system (type error),W1-sequential-AI-review,remove or use a real crystal system
W1-C1180,bazaar-spices-c1,geoSpatial.originSite,Iranian Plateau Heritage Sites | فلات ایران، مراکز سنتی هنر و معماری,geography,none-opened,-,unverified,placeholder,not-applicable,not-applicable,non-specific placeholder site,W1-sequential-AI-review,name a specific site or remove
W1-C1181,bazaar-spices-c1,geoSpatial.coordinates,"32.4279,53.688,1400",geography,S007,analyze-data.out.json syntheticPlateauPattern,contradicted,synthetic-value,not-applicable,not-applicable,"synthetic: lat = 32.4279 + 0.5*i, lng = 53.688 + 0.3*i, alt 1400; the same six points are reused by 10 palettes regardless of region (Gulf, Caspian, Khorasan, Shiraz)",W1-sequential-AI-review,remove or replace with sourced coordinates
W1-C1182,bazaar-spices-c1,geoSpatial.unescoHeritageRef,ثبت میراث فرهنگی ملموس و ناملموس یونسکو,heritage-designation,none-opened,-,unverified,placeholder,not-applicable,not-applicable,non-specific or not checkable,W1-sequential-AI-review,remove generic UNESCO wording
W1-C1183,bazaar-spices-c1,spectral.peakWavelengthNm,592 nm (dominant 592 nm),spectral,S007,palettes.ts provenance.spectralStatus,illustrative,not-applicable,not-measured (measuredSpectra=0),not-applicable,peak equals dominant wavelength (template),W1-sequential-AI-review,keep labelled illustrative
W1-C1184,bazaar-spices-c1,historicalContextFa,زرد درخشان‌تر و خالص‌تر زردچوبه اعلا در راسته‌های سنتی,cultural-history,none-opened,-,unverified,duplicate-of-meaningFa,not-applicable,not-applicable,"copy of meaningFa, not independent context",W1-sequential-AI-review,cite or remove
W1-C1185,bazaar-spices-c1,artMovement,راسته ادویه‌فروشان بازار کهن,art-history,none-opened,-,unverified,duplicate-of-palette-name,not-applicable,not-applicable,"copy of palette nameFa, not a movement",W1-sequential-AI-review,remove or replace
W1-C1186,bazaar-spices-c1,chemical.molarMass (raw; dropped by normaliser),Calculated Complex,chemistry-arithmetic,none,-,unverified,placeholder,not-applicable,not-applicable,"not a value (""Calculated Complex"") (arithmetic consistency only; not evidence the material is present)",W1-sequential-AI-review,drop from source data (already excluded from normalised output)
W1-C1187,bazaar-spices-c2,hex,#D2691E,color-value,S001;S002,"S001 css:chocolate; S002 ""Chocolate (Web)"" / ""Cinnamon"" / ""Cocoa Brown""",designer-choice,exact-match-in-modern-color-list,none-on-record (measuredSpectra=0),designer-choice,HEX identical to a modern named-color list entry; suggests digital-list origin rather than material measurement,W1-sequential-AI-review,"label as designer choice; if derived from a named-color list, say so"
W1-C1188,bazaar-spices-c2,nameEn,Ancient Cinnamon Brown,naming,S001,"S001 css:chocolate; S002 ""Chocolate (Web)"" / ""Cinnamon"" / ""Cocoa Brown""",illustrative,pair-found-in-modern-list,not-applicable,designer-choice,modern list entry is not evidence of historical use,W1-sequential-AI-review,keep as label; avoid implying historical name
W1-C1189,bazaar-spices-c2,nameFa,دارچینی باستانی (Cinnamon),naming,none,-,illustrative,evocative-label,not-applicable,designer-choice,label only,W1-sequential-AI-review,none
W1-C1190,bazaar-spices-c2,meaningFa,رنگ گرم و اصیل پوسته‌های دارچین بازار تبریز و اصفهان,cultural-history,none-opened,-,unverified,not-checked,not-applicable,not-applicable,cultural/material assertion with no citation,W1-sequential-AI-review,hedge or cite
W1-C1191,bazaar-spices-c2,mineralogical.mineralName,Persian Historical Pigment (Ancient Cinnamon Brown),material,S007,heritage-data.ts bazaar-spices-c2.evidence.mineralogical,contradicted,internal-conflict,no-analysis-on-record,not-applicable,"template ""Persian Historical Pigment (<name>)"": subject is not a pigment (e.g. sea, snow, gem, spice, shade, wool, paper)",W1-sequential-AI-review,"replace template with ""unknown"" or remove"
W1-C1192,bazaar-spices-c2,mineralogical.chemicalFormula,Natural Organic / Mineral Complex (Matrix #D2691E),chemistry,S007,-,contradicted,placeholder,no-analysis-on-record,not-applicable,"template ""Natural Organic / Mineral Complex (Matrix #HEX)"" embeds the HEX value; not a chemical formula",W1-sequential-AI-review,correct or remove
W1-C1193,bazaar-spices-c2,mineralogical.casNumber,7732-18-5 (Authentic Historical Specimen),chemistry-identifier,S005,CAS 7732-18-5,contradicted,checked-against-S005,not-applicable,not-applicable,"S005: 7732-18-5 = water, H2O (PubChem CID 962); labelled ""(Authentic Historical Specimen)""",W1-sequential-AI-review,remove or replace with the CAS RN of the named substance
W1-C1194,bazaar-spices-c2,mineralogical.historicalManuscriptRef,رسالات کهن رنگرزی سنتی و صنعتی ایران زمین,documentary-reference,none-opened,no page/folio/edition given,unverified,placeholder,not-applicable,not-applicable,"placeholder phrase (""old treatises of Iranian dyeing""): no identifiable work",W1-sequential-AI-review,remove placeholder
W1-C1195,bazaar-spices-c2,mineralogical.traditionalExtraction,استخراج سنتی از منابع گیاهی و معدنی ایران بر اساس رسالات خطی تذهیب و رنگرزی,craft-process,none-opened,-,unverified,placeholder,not-applicable,not-applicable,template sentence repeated for 60 records,W1-sequential-AI-review,cite or remove
W1-C1196,bazaar-spices-c2,mineralogical.crystalSystem,کریستالین بومی فلات ایران,mineralogy,S007,-,contradicted,type-error,not-applicable,not-applicable,value is not a crystal system (type error),W1-sequential-AI-review,remove or use a real crystal system
W1-C1197,bazaar-spices-c2,geoSpatial.originSite,Iranian Plateau Heritage Sites | فلات ایران، مراکز سنتی هنر و معماری,geography,none-opened,-,unverified,placeholder,not-applicable,not-applicable,non-specific placeholder site,W1-sequential-AI-review,name a specific site or remove
W1-C1198,bazaar-spices-c2,geoSpatial.coordinates,"32.9279,53.988,1400",geography,S007,analyze-data.out.json syntheticPlateauPattern,contradicted,synthetic-value,not-applicable,not-applicable,"synthetic: lat = 32.4279 + 0.5*i, lng = 53.688 + 0.3*i, alt 1400; the same six points are reused by 10 palettes regardless of region (Gulf, Caspian, Khorasan, Shiraz)",W1-sequential-AI-review,remove or replace with sourced coordinates
W1-C1199,bazaar-spices-c2,geoSpatial.unescoHeritageRef,ثبت میراث فرهنگی ملموس و ناملموس یونسکو,heritage-designation,none-opened,-,unverified,placeholder,not-applicable,not-applicable,non-specific or not checkable,W1-sequential-AI-review,remove generic UNESCO wording
W1-C1200,bazaar-spices-c2,spectral.peakWavelengthNm,631 nm (dominant 631 nm),spectral,S007,palettes.ts provenance.spectralStatus,illustrative,not-applicable,not-measured (measuredSpectra=0),not-applicable,peak equals dominant wavelength (template),W1-sequential-AI-review,keep labelled illustrative
W1-C1201,bazaar-spices-c2,historicalContextFa,رنگ گرم و اصیل پوسته‌های دارچین بازار تبریز و اصفهان,cultural-history,none-opened,-,unverified,duplicate-of-meaningFa,not-applicable,not-applicable,"copy of meaningFa, not independent context",W1-sequential-AI-review,cite or remove
W1-C1202,bazaar-spices-c2,artMovement,راسته ادویه‌فروشان بازار کهن,art-history,none-opened,-,unverified,duplicate-of-palette-name,not-applicable,not-applicable,"copy of palette nameFa, not a movement",W1-sequential-AI-review,remove or replace
W1-C1203,bazaar-spices-c2,chemical.molarMass (raw; dropped by normaliser),Calculated Complex,chemistry-arithmetic,none,-,unverified,placeholder,not-applicable,not-applicable,"not a value (""Calculated Complex"") (arithmetic consistency only; not evidence the material is present)",W1-sequential-AI-review,drop from source data (already excluded from normalised output)
W1-C1204,bazaar-spices-c3,hex,#C32F27,color-value,S001;S002,no exact match in S001 or S002,designer-choice,no-modern-list-match,none-on-record (measuredSpectra=0),designer-choice,origin of value undocumented,W1-sequential-AI-review,"label as designer choice; if derived from a named-color list, say so"
W1-C1205,bazaar-spices-c3,nameEn,Paprika & Pepper Crimson,naming,none,-,illustrative,evocative-label,not-applicable,designer-choice,label only,W1-sequential-AI-review,keep as label; avoid implying historical name
W1-C1206,bazaar-spices-c3,nameFa,پاپریکا و فلفل بیجار,naming,none,-,illustrative,evocative-label,not-applicable,designer-choice,label only,W1-sequential-AI-review,none
W1-C1207,bazaar-spices-c3,meaningFa,رنگدانه تند و آتشین فلفل‌های خشکیده آویخته در حجره‌ها,cultural-history,none-opened,-,unverified,not-checked,not-applicable,not-applicable,cultural/material assertion with no citation,W1-sequential-AI-review,hedge or cite
W1-C1208,bazaar-spices-c3,mineralogical.mineralName,Persian Historical Pigment (Paprika & Pepper Crimson),material,S007,heritage-data.ts bazaar-spices-c3.evidence.mineralogical,contradicted,internal-conflict,no-analysis-on-record,not-applicable,"template ""Persian Historical Pigment (<name>)"": subject is not a pigment (e.g. sea, snow, gem, spice, shade, wool, paper)",W1-sequential-AI-review,"replace template with ""unknown"" or remove"
W1-C1209,bazaar-spices-c3,mineralogical.chemicalFormula,Natural Organic / Mineral Complex (Matrix #C32F27),chemistry,S007,-,contradicted,placeholder,no-analysis-on-record,not-applicable,"template ""Natural Organic / Mineral Complex (Matrix #HEX)"" embeds the HEX value; not a chemical formula",W1-sequential-AI-review,correct or remove
W1-C1210,bazaar-spices-c3,mineralogical.casNumber,7732-18-5 (Authentic Historical Specimen),chemistry-identifier,S005,CAS 7732-18-5,contradicted,checked-against-S005,not-applicable,not-applicable,"S005: 7732-18-5 = water, H2O (PubChem CID 962); labelled ""(Authentic Historical Specimen)""",W1-sequential-AI-review,remove or replace with the CAS RN of the named substance
W1-C1211,bazaar-spices-c3,mineralogical.historicalManuscriptRef,رسالات کهن رنگرزی سنتی و صنعتی ایران زمین,documentary-reference,none-opened,no page/folio/edition given,unverified,placeholder,not-applicable,not-applicable,"placeholder phrase (""old treatises of Iranian dyeing""): no identifiable work",W1-sequential-AI-review,remove placeholder
W1-C1212,bazaar-spices-c3,mineralogical.traditionalExtraction,استخراج سنتی از منابع گیاهی و معدنی ایران بر اساس رسالات خطی تذهیب و رنگرزی,craft-process,none-opened,-,unverified,placeholder,not-applicable,not-applicable,template sentence repeated for 60 records,W1-sequential-AI-review,cite or remove
W1-C1213,bazaar-spices-c3,mineralogical.crystalSystem,کریستالین بومی فلات ایران,mineralogy,S007,-,contradicted,type-error,not-applicable,not-applicable,value is not a crystal system (type error),W1-sequential-AI-review,remove or use a real crystal system
W1-C1214,bazaar-spices-c3,geoSpatial.originSite,Iranian Plateau Heritage Sites | فلات ایران، مراکز سنتی هنر و معماری,geography,none-opened,-,unverified,placeholder,not-applicable,not-applicable,non-specific placeholder site,W1-sequential-AI-review,name a specific site or remove
W1-C1215,bazaar-spices-c3,geoSpatial.coordinates,"33.4279,54.288000000000004,1400",geography,S007,analyze-data.out.json syntheticPlateauPattern,contradicted,synthetic-value,not-applicable,not-applicable,"synthetic: lat = 32.4279 + 0.5*i, lng = 53.688 + 0.3*i, alt 1400; the same six points are reused by 10 palettes regardless of region (Gulf, Caspian, Khorasan, Shiraz)",W1-sequential-AI-review,remove or replace with sourced coordinates
W1-C1216,bazaar-spices-c3,geoSpatial.unescoHeritageRef,ثبت میراث فرهنگی ملموس و ناملموس یونسکو,heritage-designation,none-opened,-,unverified,placeholder,not-applicable,not-applicable,non-specific or not checkable,W1-sequential-AI-review,remove generic UNESCO wording
W1-C1217,bazaar-spices-c3,spectral.peakWavelengthNm,639 nm (dominant 639 nm),spectral,S007,palettes.ts provenance.spectralStatus,illustrative,not-applicable,not-measured (measuredSpectra=0),not-applicable,peak equals dominant wavelength (template),W1-sequential-AI-review,keep labelled illustrative
W1-C1218,bazaar-spices-c3,historicalContextFa,رنگدانه تند و آتشین فلفل‌های خشکیده آویخته در حجره‌ها,cultural-history,none-opened,-,unverified,duplicate-of-meaningFa,not-applicable,not-applicable,"copy of meaningFa, not independent context",W1-sequential-AI-review,cite or remove
W1-C1219,bazaar-spices-c3,artMovement,راسته ادویه‌فروشان بازار کهن,art-history,none-opened,-,unverified,duplicate-of-palette-name,not-applicable,not-applicable,"copy of palette nameFa, not a movement",W1-sequential-AI-review,remove or replace
W1-C1220,bazaar-spices-c3,chemical.molarMass (raw; dropped by normaliser),Calculated Complex,chemistry-arithmetic,none,-,unverified,placeholder,not-applicable,not-applicable,"not a value (""Calculated Complex"") (arithmetic consistency only; not evidence the material is present)",W1-sequential-AI-review,drop from source data (already excluded from normalised output)
W1-C1221,bazaar-spices-c4,hex,#93C572,color-value,S002,"S002 ""Pistachio""",designer-choice,exact-match-in-modern-color-list,none-on-record (measuredSpectra=0),designer-choice,HEX identical to a modern named-color list entry; suggests digital-list origin rather than material measurement,W1-sequential-AI-review,"label as designer choice; if derived from a named-color list, say so"
W1-C1222,bazaar-spices-c4,nameEn,Pistachio Green,naming,S002,"S002 ""Pistachio""",illustrative,pair-found-in-modern-list,not-applicable,designer-choice,modern list entry is not evidence of historical use,W1-sequential-AI-review,keep as label; avoid implying historical name
W1-C1223,bazaar-spices-c4,nameFa,پسته خندان رفسنجان (Pistachio Green),naming,none,-,illustrative,evocative-label,not-applicable,designer-choice,label only,W1-sequential-AI-review,none
W1-C1224,bazaar-spices-c4,meaningFa,رنگ استاندارد Pistachio Green حاصل از پسته‌های نوبرانه,cultural-history,S002,HEX lookup,unverified,checked-against-S002,not-applicable,not-applicable,"""standard Pistachio Green""; #93C572 equals ""Pistachio"" in S002 (modern list)",W1-sequential-AI-review,hedge or cite
W1-C1225,bazaar-spices-c4,mineralogical.mineralName,Persian Historical Pigment (Pistachio Green),material,S007,heritage-data.ts bazaar-spices-c4.evidence.mineralogical,contradicted,internal-conflict,no-analysis-on-record,not-applicable,"template ""Persian Historical Pigment (<name>)"": subject is not a pigment (e.g. sea, snow, gem, spice, shade, wool, paper)",W1-sequential-AI-review,"replace template with ""unknown"" or remove"
W1-C1226,bazaar-spices-c4,mineralogical.chemicalFormula,Natural Organic / Mineral Complex (Matrix #93C572),chemistry,S007,-,contradicted,placeholder,no-analysis-on-record,not-applicable,"template ""Natural Organic / Mineral Complex (Matrix #HEX)"" embeds the HEX value; not a chemical formula",W1-sequential-AI-review,correct or remove
W1-C1227,bazaar-spices-c4,mineralogical.casNumber,7732-18-5 (Authentic Historical Specimen),chemistry-identifier,S005,CAS 7732-18-5,contradicted,checked-against-S005,not-applicable,not-applicable,"S005: 7732-18-5 = water, H2O (PubChem CID 962); labelled ""(Authentic Historical Specimen)""",W1-sequential-AI-review,remove or replace with the CAS RN of the named substance
W1-C1228,bazaar-spices-c4,mineralogical.historicalManuscriptRef,رسالات کهن رنگرزی سنتی و صنعتی ایران زمین,documentary-reference,none-opened,no page/folio/edition given,unverified,placeholder,not-applicable,not-applicable,"placeholder phrase (""old treatises of Iranian dyeing""): no identifiable work",W1-sequential-AI-review,remove placeholder
W1-C1229,bazaar-spices-c4,mineralogical.traditionalExtraction,استخراج سنتی از منابع گیاهی و معدنی ایران بر اساس رسالات خطی تذهیب و رنگرزی,craft-process,none-opened,-,unverified,placeholder,not-applicable,not-applicable,template sentence repeated for 60 records,W1-sequential-AI-review,cite or remove
W1-C1230,bazaar-spices-c4,mineralogical.crystalSystem,کریستالین بومی فلات ایران,mineralogy,S007,-,contradicted,type-error,not-applicable,not-applicable,value is not a crystal system (type error),W1-sequential-AI-review,remove or use a real crystal system
W1-C1231,bazaar-spices-c4,geoSpatial.originSite,Iranian Plateau Heritage Sites | فلات ایران، مراکز سنتی هنر و معماری,geography,none-opened,-,unverified,placeholder,not-applicable,not-applicable,non-specific placeholder site,W1-sequential-AI-review,name a specific site or remove
W1-C1232,bazaar-spices-c4,geoSpatial.coordinates,"33.9279,54.588,1400",geography,S007,analyze-data.out.json syntheticPlateauPattern,contradicted,synthetic-value,not-applicable,not-applicable,"synthetic: lat = 32.4279 + 0.5*i, lng = 53.688 + 0.3*i, alt 1400; the same six points are reused by 10 palettes regardless of region (Gulf, Caspian, Khorasan, Shiraz)",W1-sequential-AI-review,remove or replace with sourced coordinates
W1-C1233,bazaar-spices-c4,geoSpatial.unescoHeritageRef,ثبت میراث فرهنگی ملموس و ناملموس یونسکو,heritage-designation,none-opened,-,unverified,placeholder,not-applicable,not-applicable,non-specific or not checkable,W1-sequential-AI-review,remove generic UNESCO wording
W1-C1234,bazaar-spices-c4,spectral.peakWavelengthNm,520 nm (dominant 520 nm),spectral,S007,palettes.ts provenance.spectralStatus,illustrative,not-applicable,not-measured (measuredSpectra=0),not-applicable,peak equals dominant wavelength (template),W1-sequential-AI-review,keep labelled illustrative
W1-C1235,bazaar-spices-c4,historicalContextFa,رنگ استاندارد Pistachio Green حاصل از پسته‌های نوبرانه,cultural-history,none-opened,-,unverified,duplicate-of-meaningFa,not-applicable,not-applicable,"copy of meaningFa, not independent context",W1-sequential-AI-review,cite or remove
W1-C1236,bazaar-spices-c4,artMovement,راسته ادویه‌فروشان بازار کهن,art-history,none-opened,-,unverified,duplicate-of-palette-name,not-applicable,not-applicable,"copy of palette nameFa, not a movement",W1-sequential-AI-review,remove or replace
W1-C1237,bazaar-spices-c4,chemical.molarMass (raw; dropped by normaliser),Calculated Complex,chemistry-arithmetic,none,-,unverified,placeholder,not-applicable,not-applicable,"not a value (""Calculated Complex"") (arithmetic consistency only; not evidence the material is present)",W1-sequential-AI-review,drop from source data (already excluded from normalised output)
W1-C1238,bazaar-spices-c5,hex,#FAF0CA,color-value,S001;S002,no exact match in S001 or S002,designer-choice,no-modern-list-match,none-on-record (measuredSpectra=0),designer-choice,origin of value undocumented,W1-sequential-AI-review,"label as designer choice; if derived from a named-color list, say so"
W1-C1239,bazaar-spices-c5,nameEn,Ancient Saffron Pastry Cream,naming,none,-,illustrative,evocative-label,not-applicable,designer-choice,label only,W1-sequential-AI-review,keep as label; avoid implying historical name
W1-C1240,bazaar-spices-c5,nameFa,خامه شیرینی کهن,naming,none,-,illustrative,evocative-label,not-applicable,designer-choice,label only,W1-sequential-AI-review,none
W1-C1241,bazaar-spices-c5,meaningFa,سپیدی کرم آردی گز و شیرینی‌های سنتی بازار,cultural-history,none-opened,-,unverified,not-checked,not-applicable,not-applicable,cultural/material assertion with no citation,W1-sequential-AI-review,hedge or cite
W1-C1242,bazaar-spices-c5,mineralogical.mineralName,Persian Historical Pigment (Ancient Saffron Pastry Cream),material,S007,heritage-data.ts bazaar-spices-c5.evidence.mineralogical,contradicted,internal-conflict,no-analysis-on-record,not-applicable,"template ""Persian Historical Pigment (<name>)"": subject is not a pigment (e.g. sea, snow, gem, spice, shade, wool, paper)",W1-sequential-AI-review,"replace template with ""unknown"" or remove"
W1-C1243,bazaar-spices-c5,mineralogical.chemicalFormula,Natural Organic / Mineral Complex (Matrix #FAF0CA),chemistry,S007,-,contradicted,placeholder,no-analysis-on-record,not-applicable,"template ""Natural Organic / Mineral Complex (Matrix #HEX)"" embeds the HEX value; not a chemical formula",W1-sequential-AI-review,correct or remove
W1-C1244,bazaar-spices-c5,mineralogical.casNumber,7732-18-5 (Authentic Historical Specimen),chemistry-identifier,S005,CAS 7732-18-5,contradicted,checked-against-S005,not-applicable,not-applicable,"S005: 7732-18-5 = water, H2O (PubChem CID 962); labelled ""(Authentic Historical Specimen)""",W1-sequential-AI-review,remove or replace with the CAS RN of the named substance
W1-C1245,bazaar-spices-c5,mineralogical.historicalManuscriptRef,رسالات کهن رنگرزی سنتی و صنعتی ایران زمین,documentary-reference,none-opened,no page/folio/edition given,unverified,placeholder,not-applicable,not-applicable,"placeholder phrase (""old treatises of Iranian dyeing""): no identifiable work",W1-sequential-AI-review,remove placeholder
W1-C1246,bazaar-spices-c5,mineralogical.traditionalExtraction,استخراج سنتی از منابع گیاهی و معدنی ایران بر اساس رسالات خطی تذهیب و رنگرزی,craft-process,none-opened,-,unverified,placeholder,not-applicable,not-applicable,template sentence repeated for 60 records,W1-sequential-AI-review,cite or remove
W1-C1247,bazaar-spices-c5,mineralogical.crystalSystem,کریستالین بومی فلات ایران,mineralogy,S007,-,contradicted,type-error,not-applicable,not-applicable,value is not a crystal system (type error),W1-sequential-AI-review,remove or use a real crystal system
W1-C1248,bazaar-spices-c5,geoSpatial.originSite,Iranian Plateau Heritage Sites | فلات ایران، مراکز سنتی هنر و معماری,geography,none-opened,-,unverified,placeholder,not-applicable,not-applicable,non-specific placeholder site,W1-sequential-AI-review,name a specific site or remove
W1-C1249,bazaar-spices-c5,geoSpatial.coordinates,"34.4279,54.888000000000005,1400",geography,S007,analyze-data.out.json syntheticPlateauPattern,contradicted,synthetic-value,not-applicable,not-applicable,"synthetic: lat = 32.4279 + 0.5*i, lng = 53.688 + 0.3*i, alt 1400; the same six points are reused by 10 palettes regardless of region (Gulf, Caspian, Khorasan, Shiraz)",W1-sequential-AI-review,remove or replace with sourced coordinates
W1-C1250,bazaar-spices-c5,geoSpatial.unescoHeritageRef,ثبت میراث فرهنگی ملموس و ناملموس یونسکو,heritage-designation,none-opened,-,unverified,placeholder,not-applicable,not-applicable,non-specific or not checkable,W1-sequential-AI-review,remove generic UNESCO wording
W1-C1251,bazaar-spices-c5,spectral.peakWavelengthNm,607 nm (dominant 607 nm),spectral,S007,palettes.ts provenance.spectralStatus,illustrative,not-applicable,not-measured (measuredSpectra=0),not-applicable,peak equals dominant wavelength (template),W1-sequential-AI-review,keep labelled illustrative
W1-C1252,bazaar-spices-c5,historicalContextFa,سپیدی کرم آردی گز و شیرینی‌های سنتی بازار,cultural-history,none-opened,-,unverified,duplicate-of-meaningFa,not-applicable,not-applicable,"copy of meaningFa, not independent context",W1-sequential-AI-review,cite or remove
W1-C1253,bazaar-spices-c5,artMovement,راسته ادویه‌فروشان بازار کهن,art-history,none-opened,-,unverified,duplicate-of-palette-name,not-applicable,not-applicable,"copy of palette nameFa, not a movement",W1-sequential-AI-review,remove or replace
W1-C1254,bazaar-spices-c5,chemical.molarMass (raw; dropped by normaliser),Calculated Complex,chemistry-arithmetic,none,-,unverified,placeholder,not-applicable,not-applicable,"not a value (""Calculated Complex"") (arithmetic consistency only; not evidence the material is present)",W1-sequential-AI-review,drop from source data (already excluded from normalised output)
W1-C1255,bazaar-spices-c6,hex,#1E1E24,color-value,S001;S002,no exact match in S001 or S002,designer-choice,no-modern-list-match,none-on-record (measuredSpectra=0),designer-choice,origin of value undocumented,W1-sequential-AI-review,"label as designer choice; if derived from a named-color list, say so"
W1-C1256,bazaar-spices-c6,nameEn,Nigella Seed & Black Cardamom,naming,none,-,illustrative,evocative-label,not-applicable,designer-choice,label only,W1-sequential-AI-review,keep as label; avoid implying historical name
W1-C1257,bazaar-spices-c6,nameFa,سیاه‌دانه و هل سیاه,naming,none,-,illustrative,evocative-label,not-applicable,designer-choice,label only,W1-sequential-AI-review,none
W1-C1258,bazaar-spices-c6,meaningFa,دانه‌های معطر سیاه‌دانه، هل هندی و فلفل سیاه آسیاب‌نشده,cultural-history,none-opened,-,unverified,not-checked,not-applicable,not-applicable,cultural/material assertion with no citation,W1-sequential-AI-review,hedge or cite
W1-C1259,bazaar-spices-c6,mineralogical.mineralName,Persian Historical Pigment (Nigella Seed & Black Cardamom),material,S007,heritage-data.ts bazaar-spices-c6.evidence.mineralogical,contradicted,internal-conflict,no-analysis-on-record,not-applicable,"template ""Persian Historical Pigment (<name>)"": subject is not a pigment (e.g. sea, snow, gem, spice, shade, wool, paper)",W1-sequential-AI-review,"replace template with ""unknown"" or remove"
W1-C1260,bazaar-spices-c6,mineralogical.chemicalFormula,Natural Organic / Mineral Complex (Matrix #1E1E24),chemistry,S007,-,contradicted,placeholder,no-analysis-on-record,not-applicable,"template ""Natural Organic / Mineral Complex (Matrix #HEX)"" embeds the HEX value; not a chemical formula",W1-sequential-AI-review,correct or remove
W1-C1261,bazaar-spices-c6,mineralogical.casNumber,7732-18-5 (Authentic Historical Specimen),chemistry-identifier,S005,CAS 7732-18-5,contradicted,checked-against-S005,not-applicable,not-applicable,"S005: 7732-18-5 = water, H2O (PubChem CID 962); labelled ""(Authentic Historical Specimen)""",W1-sequential-AI-review,remove or replace with the CAS RN of the named substance
W1-C1262,bazaar-spices-c6,mineralogical.historicalManuscriptRef,رسالات کهن رنگرزی سنتی و صنعتی ایران زمین,documentary-reference,none-opened,no page/folio/edition given,unverified,placeholder,not-applicable,not-applicable,"placeholder phrase (""old treatises of Iranian dyeing""): no identifiable work",W1-sequential-AI-review,remove placeholder
W1-C1263,bazaar-spices-c6,mineralogical.traditionalExtraction,استخراج سنتی از منابع گیاهی و معدنی ایران بر اساس رسالات خطی تذهیب و رنگرزی,craft-process,none-opened,-,unverified,placeholder,not-applicable,not-applicable,template sentence repeated for 60 records,W1-sequential-AI-review,cite or remove
W1-C1264,bazaar-spices-c6,mineralogical.crystalSystem,کریستالین بومی فلات ایران,mineralogy,S007,-,contradicted,type-error,not-applicable,not-applicable,value is not a crystal system (type error),W1-sequential-AI-review,remove or use a real crystal system
W1-C1265,bazaar-spices-c6,geoSpatial.originSite,Iranian Plateau Heritage Sites | فلات ایران، مراکز سنتی هنر و معماری,geography,none-opened,-,unverified,placeholder,not-applicable,not-applicable,non-specific placeholder site,W1-sequential-AI-review,name a specific site or remove
W1-C1266,bazaar-spices-c6,geoSpatial.coordinates,"34.9279,55.188,1400",geography,S007,analyze-data.out.json syntheticPlateauPattern,contradicted,synthetic-value,not-applicable,not-applicable,"synthetic: lat = 32.4279 + 0.5*i, lng = 53.688 + 0.3*i, alt 1400; the same six points are reused by 10 palettes regardless of region (Gulf, Caspian, Khorasan, Shiraz)",W1-sequential-AI-review,remove or replace with sourced coordinates
W1-C1267,bazaar-spices-c6,geoSpatial.unescoHeritageRef,ثبت میراث فرهنگی ملموس و ناملموس یونسکو,heritage-designation,none-opened,-,unverified,placeholder,not-applicable,not-applicable,non-specific or not checkable,W1-sequential-AI-review,remove generic UNESCO wording
W1-C1268,bazaar-spices-c6,spectral.peakWavelengthNm,445 nm (dominant 445 nm),spectral,S007,palettes.ts provenance.spectralStatus,illustrative,not-applicable,not-measured (measuredSpectra=0),not-applicable,peak equals dominant wavelength (template),W1-sequential-AI-review,keep labelled illustrative
W1-C1269,bazaar-spices-c6,historicalContextFa,دانه‌های معطر سیاه‌دانه، هل هندی و فلفل سیاه آسیاب‌نشده,cultural-history,none-opened,-,unverified,duplicate-of-meaningFa,not-applicable,not-applicable,"copy of meaningFa, not independent context",W1-sequential-AI-review,cite or remove
W1-C1270,bazaar-spices-c6,artMovement,راسته ادویه‌فروشان بازار کهن,art-history,none-opened,-,unverified,duplicate-of-palette-name,not-applicable,not-applicable,"copy of palette nameFa, not a movement",W1-sequential-AI-review,remove or replace
W1-C1271,bazaar-spices-c6,chemical.molarMass (raw; dropped by normaliser),Calculated Complex,chemistry-arithmetic,none,-,unverified,placeholder,not-applicable,not-applicable,"not a value (""Calculated Complex"") (arithmetic consistency only; not evidence the material is present)",W1-sequential-AI-review,drop from source data (already excluded from normalised output)
